2026-10-08 17:29:22 no midlane_overview.xlsx found, using built-in list
2026-10-08 17:29:22 reddit: fetching matchup threads, 60s between requests (resumable, existing files skipped)
Zilean: r/zileanmains threads=54 (<1y: 9) feeds fetched now=2 -> data/reddit/Zilean.json
Zed: r/zedmains threads=83 (<1y: 37) feeds fetched now=2 -> data/reddit/Zed.json
Ahri: r/ahrimains threads=75 (<1y: 29) feeds fetched now=2 -> data/reddit/Ahri.json
Akali: r/akalimains threads=92 (<1y: 44) feeds fetched now=2 -> data/reddit/Akali.json
Akshan: r/akshanmains threads=78 (<1y: 38) feeds fetched now=2 -> data/reddit/Akshan.json
Anivia: r/aniviamains threads=71 (<1y: 21) feeds fetched now=2 -> data/reddit/Anivia.json
Annie: r/anniemains threads=52 (<1y: 2) feeds fetched now=2 -> data/reddit/Annie.json
Aurelion Sol: r/aurelionsolmains threads=0 (<1y: 0) feeds fetched now=2 -> data/reddit/AurelionSol.json
Aurora: r/auroramains threads=61 (<1y: 28) feeds fetched now=2 -> data/reddit/Aurora.json
Azir: r/azirmains threads=87 (<1y: 50) feeds fetched now=2 -> data/reddit/Azir.json
Cassiopeia: r/cassiopeiamains threads=63 (<1y: 16) feeds fetched now=2 -> data/reddit/Cassiopeia.json
Corki: r/corkimains threads=52 (<1y: 2) feeds fetched now=2 -> data/reddit/Corki.json
Diana: r/dianamains threads=69 (<1y: 23) feeds fetched now=2 -> data/reddit/Diana.json
Ekko: r/ekkomains threads=81 (<1y: 35) feeds fetched now=2 -> data/reddit/Ekko.json
Fizz: r/fizzmains threads=67 (<1y: 21) feeds fetched now=2 -> data/reddit/Fizz.json
Galio: r/galiomains threads=73 (<1y: 30) feeds fetched now=2 -> data/reddit/Galio.json
Hwei: r/hweimains threads=66 (<1y: 27) feeds fetched now=2 -> data/reddit/Hwei.json
Irelia: r/ireliamains threads=95 (<1y: 50) feeds fetched now=2 -> data/reddit/Irelia.json
Jayce: r/jaycemains threads=100 (<1y: 50) feeds fetched now=2 -> data/reddit/Jayce.json
Kassadin: r/kassadinmains threads=93 (<1y: 50) feeds fetched now=2 -> data/reddit/Kassadin.json
Katarina: r/katarinamains threads=99 (<1y: 50) feeds fetched now=2 -> data/reddit/Katarina.json
LeBlanc: r/leblancmains threads=85 (<1y: 41) feeds fetched now=2 -> data/reddit/LeBlanc.json
Lissandra: r/lissandramains threads=63 (<1y: 18) feeds fetched now=2 -> data/reddit/Lissandra.json
    HTTP 403 for https://www.reddit.com/r/luxmains/search.rss?q=matchup&restrict_sr=on&sort=top&t=all&limit=50
    429, waiting 120s
    HTTP 403 for https://www.reddit.com/r/luxmains/search.rss?q=matchup&restrict_sr=on&sort=top&t=year&limit=50
Lux: r/luxmains threads=0 (<1y: 0) feeds fetched now=0 -> data/reddit/Lux.json
    429, waiting 120s
Malzahar: r/malzaharmains threads=66 (<1y: 20) feeds fetched now=2 -> data/reddit/Malzahar.json
Mel: r/melmains threads=28 (<1y: 10) feeds fetched now=2 -> data/reddit/Mel.json
Naafiri: r/naafirimains threads=65 (<1y: 25) feeds fetched now=2 -> data/reddit/Naafiri.json
Neeko: r/neekomains threads=54 (<1y: 10) feeds fetched now=2 -> data/reddit/Neeko.json
Orianna: r/oriannamains threads=64 (<1y: 17) feeds fetched now=2 -> data/reddit/Orianna.json
Qiyana: r/qiyanamains threads=92 (<1y: 50) feeds fetched now=2 -> data/reddit/Qiyana.json
Ryze: r/ryzemains threads=94 (<1y: 44) feeds fetched now=2 -> data/reddit/Ryze.json
Smolder: r/smoldermains threads=56 (<1y: 26) feeds fetched now=2 -> data/reddit/Smolder.json
Swain: r/swainmains threads=91 (<1y: 46) feeds fetched now=2 -> data/reddit/Swain.json
Sylas: r/sylasmains threads=74 (<1y: 26) feeds fetched now=2 -> data/reddit/Sylas.json
Syndra: r/syndramains threads=77 (<1y: 30) feeds fetched now=2 -> data/reddit/Syndra.json
Taliyah: r/taliyahmains threads=8 (<1y: 8) feeds fetched now=2 -> data/reddit/Taliyah.json
Talon: r/talonmains threads=63 (<1y: 14) feeds fetched now=2 -> data/reddit/Talon.json
Twisted Fate: r/twistedfatemains threads=73 (<1y: 26) feeds fetched now=2 -> data/reddit/TwistedFate.json
Veigar: r/veigarmains threads=60 (<1y: 21) feeds fetched now=2 -> data/reddit/Veigar.json
Vel'Koz: r/velkozmains threads=1 (<1y: 0) feeds fetched now=2 -> data/reddit/VelKoz.json
Vex: r/vexmains threads=63 (<1y: 21) feeds fetched now=2 -> data/reddit/Vex.json
Viktor: r/viktormains threads=50 (<1y: 3) feeds fetched now=2 -> data/reddit/Viktor.json
Vladimir: r/vladimirmains threads=50 (<1y: 4) feeds fetched now=2 -> data/reddit/Vladimir.json
Xerath: r/xerathmains threads=57 (<1y: 12) feeds fetched now=2 -> data/reddit/Xerath.json
Yasuo: r/yasuomains threads=95 (<1y: 50) feeds fetched now=2 -> data/reddit/Yasuo.json
Yone: r/yonemains threads=90 (<1y: 49) feeds fetched now=2 -> data/reddit/Yone.json
Ziggs: r/ziggsmains threads=50 (<1y: 2) feeds fetched now=2 -> data/reddit/Ziggs.json
Zoe: r/zoemains threads=80 (<1y: 32) feeds fetched now=2 -> data/reddit/Zoe.json
2026-10-08 19:55:54 reddit: done, 48 champion files in data/reddit
2026-10-08 19:55:54 finished (reddit)
2026-10-08 21:13:25 champion list: midlane_overview.xlsx
2026-10-08 21:13:25 lolalytics: fetching win rates
Orianna: 29 opponents
Syndra: 42 opponents
Viktor: 44 opponents
Azir: 19 opponents
Ahri: 43 opponents
Hwei: 33 opponents
Taliyah: 9 opponents
Xerath: 34 opponents
Ziggs: 14 opponents
Vel'Koz: 27 opponents
Lux: 37 opponents
Lissandra: 38 opponents
Malzahar: 38 opponents
Galio: 31 opponents
Vex: 30 opponents
Annie: 19 opponents
Zed: 42 opponents
Talon: 41 opponents
Qiyana: 44 opponents
Naafiri: 26 opponents
LeBlanc: 36 opponents
Fizz: 37 opponents
Katarina: 42 opponents
Akali: 38 opponents
Ekko: 37 opponents
Diana: 36 opponents
Yasuo: 45 opponents
Yone: 53 opponents
Sylas: 42 opponents
Pantheon: 29 opponents
Kassadin: 29 opponents
Vladimir: 36 opponents
Cassiopeia: 10 opponents
Ryze: 23 opponents
Aurelion Sol: 18 opponents
Twisted Fate: 38 opponents
wrote 1189 rows to data/lolalytics_matchups.csv
2026-10-08 21:14:36 lolalytics: fetch done
{'rows': 157, 'matched': 135, 'with_reverse': 123, 'mismatch': 70, 'overwritten': 0}
2026-10-08 21:14:36 lolalytics: Lola* columns written to midlane_overview.xlsx (backup in data/)
2026-10-08 21:14:36 reddit: fetching matchup threads, 60s between requests (resumable, existing files skipped)
Orianna: r/oriannamains threads=64 (<1y: 17, with comments: 0) requests now=0 -> data/reddit/Orianna.json
Syndra: r/syndramains threads=77 (<1y: 30, with comments: 0) requests now=0 -> data/reddit/Syndra.json
Viktor: r/viktormains threads=50 (<1y: 3, with comments: 0) requests now=0 -> data/reddit/Viktor.json
Azir: r/azirmains threads=87 (<1y: 50, with comments: 0) requests now=0 -> data/reddit/Azir.json
Ahri: r/ahrimains threads=75 (<1y: 29, with comments: 0) requests now=0 -> data/reddit/Ahri.json
Hwei: r/hweimains threads=66 (<1y: 27, with comments: 0) requests now=0 -> data/reddit/Hwei.json
Taliyah: r/taliyahmains threads=8 (<1y: 8, with comments: 0) requests now=0 -> data/reddit/Taliyah.json
Xerath: r/xerathmains threads=57 (<1y: 12, with comments: 0) requests now=0 -> data/reddit/Xerath.json
Ziggs: r/ziggsmains threads=50 (<1y: 2, with comments: 0) requests now=0 -> data/reddit/Ziggs.json
Vel'Koz: r/velkozmains threads=1 (<1y: 0, with comments: 0) requests now=0 -> data/reddit/VelKoz.json
    HTTP 403 for https://www.reddit.com/r/luxmains/search.rss?q=matchup&restrict_sr=on&sort=top&t=all&limit=50
    429, waiting 120s
    HTTP 403 for https://www.reddit.com/r/luxmains/search.rss?q=matchup&restrict_sr=on&sort=top&t=year&limit=50
Lux: r/luxmains threads=0 (<1y: 0, with comments: 0) requests now=0 -> data/reddit/Lux.json
Lissandra: r/lissandramains threads=63 (<1y: 18, with comments: 0) requests now=0 -> data/reddit/Lissandra.json
Malzahar: r/malzaharmains threads=66 (<1y: 20, with comments: 0) requests now=0 -> data/reddit/Malzahar.json
Galio: r/galiomains threads=73 (<1y: 30, with comments: 0) requests now=0 -> data/reddit/Galio.json
Vex: r/vexmains threads=63 (<1y: 21, with comments: 0) requests now=0 -> data/reddit/Vex.json
Annie: r/anniemains threads=52 (<1y: 2, with comments: 0) requests now=0 -> data/reddit/Annie.json
Zed: r/zedmains threads=83 (<1y: 37, with comments: 0) requests now=0 -> data/reddit/Zed.json
Talon: r/talonmains threads=63 (<1y: 14, with comments: 0) requests now=0 -> data/reddit/Talon.json
Qiyana: r/qiyanamains threads=92 (<1y: 50, with comments: 0) requests now=0 -> data/reddit/Qiyana.json
Naafiri: r/naafirimains threads=65 (<1y: 25, with comments: 0) requests now=0 -> data/reddit/Naafiri.json
LeBlanc: r/leblancmains threads=85 (<1y: 41, with comments: 0) requests now=0 -> data/reddit/LeBlanc.json
Fizz: r/fizzmains threads=67 (<1y: 21, with comments: 0) requests now=0 -> data/reddit/Fizz.json
Katarina: r/katarinamains threads=99 (<1y: 50, with comments: 0) requests now=0 -> data/reddit/Katarina.json
Akali: r/akalimains threads=92 (<1y: 44, with comments: 0) requests now=0 -> data/reddit/Akali.json
Ekko: r/ekkomains threads=81 (<1y: 35, with comments: 0) requests now=0 -> data/reddit/Ekko.json
Diana: r/dianamains threads=69 (<1y: 23, with comments: 0) requests now=0 -> data/reddit/Diana.json
Yasuo: r/yasuomains threads=95 (<1y: 50, with comments: 0) requests now=0 -> data/reddit/Yasuo.json
Yone: r/yonemains threads=90 (<1y: 49, with comments: 0) requests now=0 -> data/reddit/Yone.json
Sylas: r/sylasmains threads=74 (<1y: 26, with comments: 0) requests now=0 -> data/reddit/Sylas.json
    429, waiting 120s
Pantheon: r/pantheonmains threads=87 (<1y: 40, with comments: 0) requests now=2 -> data/reddit/Pantheon.json
Kassadin: r/kassadinmains threads=93 (<1y: 50, with comments: 0) requests now=0 -> data/reddit/Kassadin.json
Vladimir: r/vladimirmains threads=50 (<1y: 4, with comments: 0) requests now=0 -> data/reddit/Vladimir.json
Cassiopeia: r/cassiopeiamains threads=63 (<1y: 16, with comments: 0) requests now=0 -> data/reddit/Cassiopeia.json
Ryze: r/ryzemains threads=94 (<1y: 44, with comments: 0) requests now=0 -> data/reddit/Ryze.json
Aurelion Sol: subreddit changed r/aurelionsolmains -> r/Aurelion_Sol_mains, refetching
Aurelion Sol: r/Aurelion_Sol_mains threads=93 (<1y: 44, with comments: 0) requests now=2 -> data/reddit/AurelionSol.json
Twisted Fate: r/twistedfatemains threads=73 (<1y: 26, with comments: 0) requests now=0 -> data/reddit/TwistedFate.json
2026-10-08 21:22:42 reddit: done, 49 champion files in data/reddit
2625 champion/opponent pairs from 49 files -> data/reddit_tips.csv
2026-10-08 21:23:01 tips: data/reddit_tips.csv rebuilt
tips written for 153 of 157 matchup rows
2026-10-08 21:23:02 tips: Reddit columns written to midlane_overview.xlsx
2026-10-08 21:23:02 finished (all)
2026-10-09 12:19:24 champion list: midlane_overview.xlsx
2026-10-09 12:19:24 reddit: fetching matchup threads for 2 arg(s) (172 champions), 60s between requests (resumable)
Aatrox: r/aatroxmains threads=95 (<1y: 48, with comments: 0) requests now=2 -> data/reddit/Aatrox.json
Ahri: r/ahrimains threads=75 (<1y: 29, with comments: 0) requests now=0 -> data/reddit/Ahri.json
Akali: r/akalimains threads=92 (<1y: 44, with comments: 0) requests now=0 -> data/reddit/Akali.json
Akshan: r/akshanmains threads=78 (<1y: 38, with comments: 0) requests now=0 -> data/reddit/Akshan.json
Alistar: r/alistarmains threads=50 (<1y: 3, with comments: 0) requests now=2 -> data/reddit/Alistar.json
Ambessa: r/ambessamains threads=79 (<1y: 50, with comments: 0) requests now=2 -> data/reddit/Ambessa.json
Amumu: r/amumumains threads=22 (<1y: 1, with comments: 0) requests now=2 -> data/reddit/Amumu.json
Anivia: r/aniviamains threads=71 (<1y: 21, with comments: 0) requests now=0 -> data/reddit/Anivia.json
Annie: r/anniemains threads=52 (<1y: 2, with comments: 0) requests now=0 -> data/reddit/Annie.json
Aphelios: r/apheliosmains threads=62 (<1y: 19, with comments: 0) requests now=2 -> data/reddit/Aphelios.json
Ashe: r/ashemains threads=58 (<1y: 11, with comments: 0) requests now=2 -> data/reddit/Ashe.json
Aurelion Sol: r/Aurelion_Sol_mains threads=93 (<1y: 44, with comments: 0) requests now=0 -> data/reddit/AurelionSol.json
Azir: r/azirmains threads=87 (<1y: 50, with comments: 0) requests now=0 -> data/reddit/Azir.json
Bard: r/bardmains threads=58 (<1y: 11, with comments: 0) requests now=2 -> data/reddit/Bard.json
Bel'Veth: r/belvethmains threads=55 (<1y: 29, with comments: 0) requests now=2 -> data/reddit/BelVeth.json
Blitzcrank: r/blitzcrankmains threads=31 (<1y: 1, with comments: 0) requests now=2 -> data/reddit/Blitzcrank.json
Brand: r/brandmains threads=52 (<1y: 5, with comments: 0) requests now=2 -> data/reddit/Brand.json
Braum: r/braummains threads=41 (<1y: 4, with comments: 0) requests now=2 -> data/reddit/Braum.json
Briar: r/briarmains threads=78 (<1y: 40, with comments: 0) requests now=2 -> data/reddit/Briar.json
Caitlyn: r/caitlynmains threads=53 (<1y: 8, with comments: 0) requests now=2 -> data/reddit/Caitlyn.json
Camille: r/camillemains threads=92 (<1y: 48, with comments: 0) requests now=2 -> data/reddit/Camille.json
Cassiopeia: r/cassiopeiamains threads=63 (<1y: 16, with comments: 0) requests now=0 -> data/reddit/Cassiopeia.json
Cho'Gath: r/chogathmains threads=75 (<1y: 27, with comments: 0) requests now=2 -> data/reddit/ChoGath.json
Corki: r/corkimains threads=52 (<1y: 2, with comments: 0) requests now=0 -> data/reddit/Corki.json
Darius: r/dariusmains threads=97 (<1y: 50, with comments: 0) requests now=2 -> data/reddit/Darius.json
Diana: r/dianamains threads=69 (<1y: 23, with comments: 0) requests now=0 -> data/reddit/Diana.json
Draven: r/dravenmains threads=18 (<1y: 6, with comments: 0) requests now=2 -> data/reddit/Draven.json
Dr. Mundo: r/drmundomains threads=85 (<1y: 41, with comments: 0) requests now=2 -> data/reddit/DrMundo.json
Ekko: r/ekkomains threads=81 (<1y: 34, with comments: 0) requests now=0 -> data/reddit/Ekko.json
Elise: r/elisemains threads=51 (<1y: 1, with comments: 0) requests now=2 -> data/reddit/Elise.json
Evelynn: r/evelynnmains threads=54 (<1y: 8, with comments: 0) requests now=2 -> data/reddit/Evelynn.json
Ezreal: r/ezrealmains threads=56 (<1y: 7, with comments: 0) requests now=2 -> data/reddit/Ezreal.json
Fiddlesticks: r/fiddlesticksmains threads=57 (<1y: 15, with comments: 0) requests now=2 -> data/reddit/Fiddlesticks.json
Fiora: r/fioramains threads=98 (<1y: 50, with comments: 0) requests now=2 -> data/reddit/Fiora.json
Fizz: r/fizzmains threads=67 (<1y: 20, with comments: 0) requests now=0 -> data/reddit/Fizz.json
Galio: r/galiomains threads=73 (<1y: 30, with comments: 0) requests now=0 -> data/reddit/Galio.json
Gangplank: r/gangplankmains threads=99 (<1y: 50, with comments: 0) requests now=2 -> data/reddit/Gangplank.json
Garen: r/garenmains threads=90 (<1y: 50, with comments: 0) requests now=2 -> data/reddit/Garen.json
Gnar: r/gnarmains threads=58 (<1y: 17, with comments: 0) requests now=2 -> data/reddit/Gnar.json
Gragas: r/gragasmains threads=68 (<1y: 23, with comments: 0) requests now=2 -> data/reddit/Gragas.json
Graves: r/gravesmains threads=63 (<1y: 16, with comments: 0) requests now=2 -> data/reddit/Graves.json
Gwen: r/gwenmains threads=82 (<1y: 50, with comments: 0) requests now=2 -> data/reddit/Gwen.json
Hecarim: r/hecarimmains threads=54 (<1y: 8, with comments: 0) requests now=2 -> data/reddit/Hecarim.json
Heimerdinger: r/heimerdingermains threads=64 (<1y: 16, with comments: 0) requests now=2 -> data/reddit/Heimerdinger.json
Hwei: r/hweimains threads=66 (<1y: 27, with comments: 0) requests now=0 -> data/reddit/Hwei.json
Illaoi: r/illaoimains threads=19 (<1y: 0, with comments: 0) requests now=2 -> data/reddit/Illaoi.json
Irelia: r/ireliamains threads=95 (<1y: 50, with comments: 0) requests now=0 -> data/reddit/Irelia.json
Ivern: r/ivernmains threads=51 (<1y: 8, with comments: 0) requests now=2 -> data/reddit/Ivern.json
Janna: r/jannamains threads=0 (<1y: 0, with comments: 0) requests now=2 -> data/reddit/Janna.json
Jarvan IV: r/jarvanivmains threads=50 (<1y: 2, with comments: 0) requests now=2 -> data/reddit/JarvanIV.json
Jax: r/jaxmains threads=99 (<1y: 50, with comments: 0) requests now=2 -> data/reddit/Jax.json
Jayce: r/jaycemains threads=100 (<1y: 50, with comments: 0) requests now=0 -> data/reddit/Jayce.json
Jhin: r/jhinmains threads=59 (<1y: 14, with comments: 0) requests now=2 -> data/reddit/Jhin.json
    HTTP 403 for https://www.reddit.com/r/jinxmains/search.rss?q=matchup&restrict_sr=on&sort=top&t=all&limit=50
Jinx: r/jinxmains threads=0 (<1y: 0, with comments: 0) requests now=0 -> data/reddit/Jinx.json
Kai'Sa: r/kaisamains threads=61 (<1y: 17, with comments: 0) requests now=2 -> data/reddit/KaiSa.json
Kalista: r/kalistamains threads=55 (<1y: 16, with comments: 0) requests now=2 -> data/reddit/Kalista.json
Karma: r/karmamains threads=53 (<1y: 7, with comments: 0) requests now=2 -> data/reddit/Karma.json
Karthus: r/karthusmains threads=52 (<1y: 5, with comments: 0) requests now=2 -> data/reddit/Karthus.json
Kassadin: r/kassadinmains threads=93 (<1y: 50, with comments: 0) requests now=0 -> data/reddit/Kassadin.json
Katarina: r/katarinamains threads=99 (<1y: 50, with comments: 0) requests now=0 -> data/reddit/Katarina.json
Kayle: r/kaylemains threads=95 (<1y: 50, with comments: 0) requests now=2 -> data/reddit/Kayle.json
Kayn: r/kaynmains threads=69 (<1y: 26, with comments: 0) requests now=2 -> data/reddit/Kayn.json
Kennen: r/kennenmains threads=58 (<1y: 12, with comments: 0) requests now=2 -> data/reddit/Kennen.json
Kha'Zix: r/khazixmains threads=58 (<1y: 10, with comments: 0) requests now=2 -> data/reddit/KhaZix.json
Kindred: r/kindredmains threads=53 (<1y: 5, with comments: 0) requests now=2 -> data/reddit/Kindred.json
Kled: r/kledmains threads=84 (<1y: 44, with comments: 0) requests now=2 -> data/reddit/Kled.json
Kog'Maw: r/kogmawmains threads=53 (<1y: 14, with comments: 0) requests now=2 -> data/reddit/KogMaw.json
K'Sante: r/ksantemains threads=85 (<1y: 42, with comments: 0) requests now=2 -> data/reddit/KSante.json
LeBlanc: r/leblancmains threads=85 (<1y: 40, with comments: 0) requests now=0 -> data/reddit/LeBlanc.json
Lee Sin: r/leesinmains threads=54 (<1y: 7, with comments: 0) requests now=2 -> data/reddit/LeeSin.json
Leona: r/leonamains threads=52 (<1y: 3, with comments: 0) requests now=2 -> data/reddit/Leona.json
Lillia: r/lilliamains threads=64 (<1y: 18, with comments: 0) requests now=2 -> data/reddit/Lillia.json
Lissandra: r/lissandramains threads=63 (<1y: 18, with comments: 0) requests now=0 -> data/reddit/Lissandra.json
Locke: r/lockemains threads=1 (<1y: 1, with comments: 0) requests now=2 -> data/reddit/Locke.json
Lucian: r/lucianmains threads=52 (<1y: 5, with comments: 0) requests now=2 -> data/reddit/Lucian.json
Lulu: r/lulumains threads=51 (<1y: 1, with comments: 0) requests now=2 -> data/reddit/Lulu.json
    HTTP 403 for https://www.reddit.com/r/luxmains/search.rss?q=matchup&restrict_sr=on&sort=top&t=all&limit=50
Lux: r/luxmains threads=0 (<1y: 0, with comments: 0) requests now=0 -> data/reddit/Lux.json
Malphite: r/malphitemains threads=60 (<1y: 13, with comments: 0) requests now=2 -> data/reddit/Malphite.json
Malzahar: r/malzaharmains threads=66 (<1y: 20, with comments: 0) requests now=0 -> data/reddit/Malzahar.json
Maokai: r/maokaimains threads=57 (<1y: 9, with comments: 0) requests now=2 -> data/reddit/Maokai.json
Master Yi: r/masteryimains threads=9 (<1y: 0, with comments: 0) requests now=2 -> data/reddit/MasterYi.json
Mel: r/melmains threads=28 (<1y: 10, with comments: 0) requests now=0 -> data/reddit/Mel.json
Milio: r/miliomains threads=20 (<1y: 5, with comments: 0) requests now=2 -> data/reddit/Milio.json
Miss Fortune: r/missfortunemains threads=51 (<1y: 6, with comments: 0) requests now=2 -> data/reddit/MissFortune.json
Mordekaiser: r/mordekaisermains threads=89 (<1y: 50, with comments: 0) requests now=2 -> data/reddit/Mordekaiser.json
Morgana: r/morganamains threads=52 (<1y: 11, with comments: 0) requests now=2 -> data/reddit/Morgana.json
Naafiri: r/naafirimains threads=65 (<1y: 25, with comments: 0) requests now=0 -> data/reddit/Naafiri.json
Nami: r/namimains threads=51 (<1y: 3, with comments: 0) requests now=2 -> data/reddit/Nami.json
Nasus: r/nasusmains threads=97 (<1y: 50, with comments: 0) requests now=2 -> data/reddit/Nasus.json
Nautilus: r/nautilusmains threads=51 (<1y: 2, with comments: 0) requests now=2 -> data/reddit/Nautilus.json
Neeko: r/neekomains threads=54 (<1y: 10, with comments: 0) requests now=0 -> data/reddit/Neeko.json
Nidalee: r/nidaleemains threads=54 (<1y: 6, with comments: 0) requests now=2 -> data/reddit/Nidalee.json
Nilah: r/nilahmains threads=50 (<1y: 12, with comments: 0) requests now=2 -> data/reddit/Nilah.json
Nocturne: r/nocturnemains threads=54 (<1y: 6, with comments: 0) requests now=2 -> data/reddit/Nocturne.json
Nunu & Willump: r/nunumains threads=47 (<1y: 6, with comments: 0) requests now=2 -> data/reddit/NunuWillump.json
Olaf: r/olafmains threads=73 (<1y: 35, with comments: 0) requests now=2 -> data/reddit/Olaf.json
Orianna: r/oriannamains threads=64 (<1y: 17, with comments: 0) requests now=0 -> data/reddit/Orianna.json
Ornn: r/ornnmains threads=80 (<1y: 36, with comments: 0) requests now=2 -> data/reddit/Ornn.json
Pantheon: r/pantheonmains threads=87 (<1y: 40, with comments: 0) requests now=0 -> data/reddit/Pantheon.json
Poppy: r/poppymains threads=65 (<1y: 21, with comments: 0) requests now=2 -> data/reddit/Poppy.json
Pyke: r/pykemains threads=54 (<1y: 8, with comments: 0) requests now=2 -> data/reddit/Pyke.json
Qiyana: r/qiyanamains threads=92 (<1y: 50, with comments: 0) requests now=0 -> data/reddit/Qiyana.json
Quinn: r/quinnmains threads=83 (<1y: 38, with comments: 0) requests now=2 -> data/reddit/Quinn.json
Rakan: r/rakanmains threads=53 (<1y: 7, with comments: 0) requests now=2 -> data/reddit/Rakan.json
Rammus: r/rammusmains threads=48 (<1y: 1, with comments: 0) requests now=2 -> data/reddit/Rammus.json
Rek'Sai: r/reksaimains threads=63 (<1y: 18, with comments: 0) requests now=2 -> data/reddit/RekSai.json
Rell: r/rellmains threads=51 (<1y: 4, with comments: 0) requests now=2 -> data/reddit/Rell.json
Renata Glasc: r/renataglascmains threads=0 (<1y: 0, with comments: 0) requests now=2 -> data/reddit/RenataGlasc.json
Renekton: r/renektonmains threads=92 (<1y: 50, with comments: 0) requests now=2 -> data/reddit/Renekton.json
Rengar: r/rengarmains threads=88 (<1y: 41, with comments: 0) requests now=2 -> data/reddit/Rengar.json
Riven: r/rivenmains threads=98 (<1y: 50, with comments: 0) requests now=2 -> data/reddit/Riven.json
Rumble: r/rumblemains threads=62 (<1y: 14, with comments: 0) requests now=2 -> data/reddit/Rumble.json
Ryze: r/ryzemains threads=94 (<1y: 44, with comments: 0) requests now=0 -> data/reddit/Ryze.json
Samira: r/samiramains threads=59 (<1y: 12, with comments: 0) requests now=2 -> data/reddit/Samira.json
Sejuani: r/sejuanimains threads=51 (<1y: 16, with comments: 0) requests now=2 -> data/reddit/Sejuani.json
Senna: r/sennamains threads=67 (<1y: 19, with comments: 0) requests now=2 -> data/reddit/Senna.json
Seraphine: r/seraphinemains threads=57 (<1y: 12, with comments: 0) requests now=2 -> data/reddit/Seraphine.json
Sett: r/settmains threads=98 (<1y: 50, with comments: 0) requests now=2 -> data/reddit/Sett.json
Shaco: r/shacomains threads=62 (<1y: 18, with comments: 0) requests now=2 -> data/reddit/Shaco.json
    HTTP 403 for https://www.reddit.com/r/shenmains/search.rss?q=matchup&restrict_sr=on&sort=top&t=all&limit=50
Shen: r/shenmains threads=0 (<1y: 0, with comments: 0) requests now=0 -> data/reddit/Shen.json
Shyvana: r/shyvanamains threads=70 (<1y: 38, with comments: 0) requests now=2 -> data/reddit/Shyvana.json
Singed: r/singedmains threads=94 (<1y: 50, with comments: 0) requests now=2 -> data/reddit/Singed.json
Sion: r/sionmains threads=0 (<1y: 0, with comments: 0) requests now=2 -> data/reddit/Sion.json
Sivir: r/sivirmains threads=0 (<1y: 0, with comments: 0) requests now=2 -> data/reddit/Sivir.json
Skarner: r/skarnermains threads=57 (<1y: 15, with comments: 0) requests now=2 -> data/reddit/Skarner.json
Smolder: r/smoldermains threads=56 (<1y: 26, with comments: 0) requests now=0 -> data/reddit/Smolder.json
Sona: r/sonamains threads=59 (<1y: 11, with comments: 0) requests now=2 -> data/reddit/Sona.json
Soraka: r/sorakamains threads=53 (<1y: 8, with comments: 0) requests now=2 -> data/reddit/Soraka.json
Swain: r/swainmains threads=91 (<1y: 46, with comments: 0) requests now=0 -> data/reddit/Swain.json
Sylas: r/sylasmains threads=74 (<1y: 26, with comments: 0) requests now=0 -> data/reddit/Sylas.json
Syndra: r/syndramains threads=77 (<1y: 30, with comments: 0) requests now=0 -> data/reddit/Syndra.json
Tahm Kench: r/tahmkenchmains threads=69 (<1y: 28, with comments: 0) requests now=2 -> data/reddit/TahmKench.json
Taliyah: r/taliyahmains threads=8 (<1y: 8, with comments: 0) requests now=0 -> data/reddit/Taliyah.json
Talon: r/talonmains threads=63 (<1y: 14, with comments: 0) requests now=0 -> data/reddit/Talon.json
Taric: r/taricmains threads=53 (<1y: 9, with comments: 0) requests now=2 -> data/reddit/Taric.json
Teemo: r/teemomains threads=0 (<1y: 0, with comments: 0) requests now=2 -> data/reddit/Teemo.json
Thresh: r/threshmains threads=55 (<1y: 8, with comments: 0) requests now=2 -> data/reddit/Thresh.json
Tristana: r/tristanamains threads=50 (<1y: 2, with comments: 0) requests now=2 -> data/reddit/Tristana.json
Trundle: r/trundlemains threads=56 (<1y: 9, with comments: 0) requests now=2 -> data/reddit/Trundle.json
Tryndamere: r/tryndameremains threads=94 (<1y: 49, with comments: 0) requests now=2 -> data/reddit/Tryndamere.json
Twisted Fate: r/twistedfatemains threads=73 (<1y: 26, with comments: 0) requests now=0 -> data/reddit/TwistedFate.json
Twitch: r/twitchmains threads=55 (<1y: 9, with comments: 0) requests now=2 -> data/reddit/Twitch.json
Udyr: r/udyrmains threads=63 (<1y: 20, with comments: 0) requests now=2 -> data/reddit/Udyr.json
Urgot: r/urgotmains threads=97 (<1y: 47, with comments: 0) requests now=2 -> data/reddit/Urgot.json
Varus: r/varusmains threads=55 (<1y: 8, with comments: 0) requests now=2 -> data/reddit/Varus.json
Vayne: r/vaynemains threads=74 (<1y: 28, with comments: 0) requests now=2 -> data/reddit/Vayne.json
Veigar: r/veigarmains threads=60 (<1y: 21, with comments: 0) requests now=0 -> data/reddit/Veigar.json
Vel'Koz: r/velkozmains threads=1 (<1y: 0, with comments: 0) requests now=0 -> data/reddit/VelKoz.json
Vex: r/vexmains threads=63 (<1y: 21, with comments: 0) requests now=0 -> data/reddit/Vex.json
Vi: r/vimains threads=58 (<1y: 15, with comments: 0) requests now=2 -> data/reddit/Vi.json
Viego: r/viegomains threads=70 (<1y: 29, with comments: 0) requests now=2 -> data/reddit/Viego.json
Viktor: r/viktormains threads=50 (<1y: 3, with comments: 0) requests now=0 -> data/reddit/Viktor.json
Vladimir: r/vladimirmains threads=50 (<1y: 4, with comments: 0) requests now=0 -> data/reddit/Vladimir.json
Volibear: r/volibearmains threads=89 (<1y: 44, with comments: 0) requests now=2 -> data/reddit/Volibear.json
Warwick: r/warwickmains threads=63 (<1y: 16, with comments: 0) requests now=2 -> data/reddit/Warwick.json
Wukong: r/wukongmains threads=72 (<1y: 22, with comments: 0) requests now=2 -> data/reddit/Wukong.json
Xayah: r/xayahmains threads=54 (<1y: 6, with comments: 0) requests now=2 -> data/reddit/Xayah.json
Xerath: r/xerathmains threads=57 (<1y: 12, with comments: 0) requests now=0 -> data/reddit/Xerath.json
Xin Zhao: r/xinzhaomains threads=57 (<1y: 18, with comments: 0) requests now=2 -> data/reddit/XinZhao.json
Yasuo: r/yasuomains threads=95 (<1y: 50, with comments: 0) requests now=0 -> data/reddit/Yasuo.json
Yone: r/yonemains threads=90 (<1y: 49, with comments: 0) requests now=0 -> data/reddit/Yone.json
Yorick: r/yorickmains threads=93 (<1y: 50, with comments: 0) requests now=2 -> data/reddit/Yorick.json
Yunara: r/yunaramains threads=31 (<1y: 13, with comments: 0) requests now=2 -> data/reddit/Yunara.json
Yuumi: r/yuumimains threads=52 (<1y: 7, with comments: 0) requests now=2 -> data/reddit/Yuumi.json
Zaahen: r/zaahenmains threads=51 (<1y: 51, with comments: 0) requests now=2 -> data/reddit/Zaahen.json
Zac: r/zacmains threads=0 (<1y: 0, with comments: 0) requests now=2 -> data/reddit/Zac.json
Zed: r/zedmains threads=83 (<1y: 37, with comments: 0) requests now=0 -> data/reddit/Zed.json
Zeri: r/zerimains threads=67 (<1y: 30, with comments: 0) requests now=2 -> data/reddit/Zeri.json
Ziggs: r/ziggsmains threads=50 (<1y: 2, with comments: 0) requests now=0 -> data/reddit/Ziggs.json
Zilean: r/zileanmains threads=54 (<1y: 9, with comments: 0) requests now=0 -> data/reddit/Zilean.json
Zoe: r/zoemains threads=80 (<1y: 32, with comments: 0) requests now=0 -> data/reddit/Zoe.json
Zyra: r/zyramains threads=54 (<1y: 7, with comments: 0) requests now=2 -> data/reddit/Zyra.json
2026-10-09 16:29:51 reddit: done, 173 champion files in data/reddit
8707 champion/opponent pairs from 173 files -> data/reddit_tips.csv
2026-10-09 16:30:53 tips: data/reddit_tips.csv rebuilt
tips written for 153 of 157 matchup rows
2026-10-09 16:30:54 tips: Reddit columns written to midlane_overview.xlsx
tips written for 566 of 768 matchup rows
2026-10-09 16:30:54 tips: Reddit columns written to roles/bot.xlsx
tips written for 832 of 1328 matchup rows
2026-10-09 16:30:55 tips: Reddit columns written to roles/jungle.xlsx
tips written for 786 of 1090 matchup rows
2026-10-09 16:30:56 tips: Reddit columns written to roles/support.xlsx
tips written for 1321 of 1505 matchup rows
2026-10-09 16:30:57 tips: Reddit columns written to roles/top.xlsx
2026-10-09 16:30:57 finished (reddit)
2026-10-09 16:56:22 champion list: midlane_overview.xlsx
2026-10-09 16:56:22 reddit: fetching matchup threads for 2 arg(s) (172 champions), 60s between requests (resumable)
Aatrox: r/aatroxmains threads=95 (<1y: 48, with comments: 0) requests now=0 -> data/reddit/Aatrox.json
Ahri: r/ahrimains threads=75 (<1y: 29, with comments: 0) requests now=0 -> data/reddit/Ahri.json
Akali: r/akalimains threads=92 (<1y: 44, with comments: 0) requests now=0 -> data/reddit/Akali.json
Akshan: r/akshanmains threads=78 (<1y: 38, with comments: 0) requests now=0 -> data/reddit/Akshan.json
Alistar: r/alistarmains threads=50 (<1y: 3, with comments: 0) requests now=0 -> data/reddit/Alistar.json
Ambessa: r/ambessamains threads=79 (<1y: 50, with comments: 0) requests now=0 -> data/reddit/Ambessa.json
Amumu: r/amumumains threads=22 (<1y: 1, with comments: 0) requests now=0 -> data/reddit/Amumu.json
Anivia: r/aniviamains threads=71 (<1y: 21, with comments: 0) requests now=0 -> data/reddit/Anivia.json
Annie: r/anniemains threads=52 (<1y: 2, with comments: 0) requests now=0 -> data/reddit/Annie.json
Aphelios: r/apheliosmains threads=62 (<1y: 19, with comments: 0) requests now=0 -> data/reddit/Aphelios.json
Ashe: r/ashemains threads=58 (<1y: 11, with comments: 0) requests now=0 -> data/reddit/Ashe.json
Aurelion Sol: r/Aurelion_Sol_mains threads=93 (<1y: 44, with comments: 0) requests now=0 -> data/reddit/AurelionSol.json
Azir: r/azirmains threads=87 (<1y: 50, with comments: 0) requests now=0 -> data/reddit/Azir.json
Bard: r/bardmains threads=58 (<1y: 11, with comments: 0) requests now=0 -> data/reddit/Bard.json
Bel'Veth: r/belvethmains threads=55 (<1y: 29, with comments: 0) requests now=0 -> data/reddit/BelVeth.json
Blitzcrank: r/blitzcrankmains threads=31 (<1y: 1, with comments: 0) requests now=0 -> data/reddit/Blitzcrank.json
Brand: r/brandmains threads=52 (<1y: 5, with comments: 0) requests now=0 -> data/reddit/Brand.json
Braum: r/braummains threads=41 (<1y: 4, with comments: 0) requests now=0 -> data/reddit/Braum.json
Briar: r/briarmains threads=78 (<1y: 40, with comments: 0) requests now=0 -> data/reddit/Briar.json
Caitlyn: r/caitlynmains threads=53 (<1y: 8, with comments: 0) requests now=0 -> data/reddit/Caitlyn.json
Camille: r/camillemains threads=92 (<1y: 48, with comments: 0) requests now=0 -> data/reddit/Camille.json
Cassiopeia: r/cassiopeiamains threads=63 (<1y: 16, with comments: 0) requests now=0 -> data/reddit/Cassiopeia.json
Cho'Gath: r/chogathmains threads=75 (<1y: 27, with comments: 0) requests now=0 -> data/reddit/ChoGath.json
Corki: r/corkimains threads=52 (<1y: 2, with comments: 0) requests now=0 -> data/reddit/Corki.json
Darius: r/dariusmains threads=97 (<1y: 50, with comments: 0) requests now=0 -> data/reddit/Darius.json
Diana: r/dianamains threads=69 (<1y: 23, with comments: 0) requests now=0 -> data/reddit/Diana.json
Draven: r/dravenmains threads=18 (<1y: 6, with comments: 0) requests now=0 -> data/reddit/Draven.json
Dr. Mundo: r/drmundomains threads=85 (<1y: 41, with comments: 0) requests now=0 -> data/reddit/DrMundo.json
Ekko: r/ekkomains threads=81 (<1y: 34, with comments: 0) requests now=0 -> data/reddit/Ekko.json
Elise: r/elisemains threads=51 (<1y: 1, with comments: 0) requests now=0 -> data/reddit/Elise.json
Evelynn: r/evelynnmains threads=54 (<1y: 8, with comments: 0) requests now=0 -> data/reddit/Evelynn.json
Ezreal: r/ezrealmains threads=56 (<1y: 7, with comments: 0) requests now=0 -> data/reddit/Ezreal.json
Fiddlesticks: r/fiddlesticksmains threads=57 (<1y: 15, with comments: 0) requests now=0 -> data/reddit/Fiddlesticks.json
Fiora: r/fioramains threads=98 (<1y: 50, with comments: 0) requests now=0 -> data/reddit/Fiora.json
Fizz: r/fizzmains threads=67 (<1y: 20, with comments: 0) requests now=0 -> data/reddit/Fizz.json
Galio: r/galiomains threads=73 (<1y: 30, with comments: 0) requests now=0 -> data/reddit/Galio.json
Gangplank: r/gangplankmains threads=99 (<1y: 50, with comments: 0) requests now=0 -> data/reddit/Gangplank.json
Garen: r/garenmains threads=90 (<1y: 50, with comments: 0) requests now=0 -> data/reddit/Garen.json
Gnar: r/gnarmains threads=58 (<1y: 17, with comments: 0) requests now=0 -> data/reddit/Gnar.json
Gragas: r/gragasmains threads=68 (<1y: 23, with comments: 0) requests now=0 -> data/reddit/Gragas.json
Graves: r/gravesmains threads=63 (<1y: 16, with comments: 0) requests now=0 -> data/reddit/Graves.json
Gwen: r/gwenmains threads=82 (<1y: 50, with comments: 0) requests now=0 -> data/reddit/Gwen.json
Hecarim: r/hecarimmains threads=54 (<1y: 8, with comments: 0) requests now=0 -> data/reddit/Hecarim.json
Heimerdinger: r/heimerdingermains threads=64 (<1y: 16, with comments: 0) requests now=0 -> data/reddit/Heimerdinger.json
Hwei: r/hweimains threads=66 (<1y: 27, with comments: 0) requests now=0 -> data/reddit/Hwei.json
Illaoi: r/illaoimains threads=19 (<1y: 0, with comments: 0) requests now=0 -> data/reddit/Illaoi.json
Irelia: r/ireliamains threads=95 (<1y: 50, with comments: 0) requests now=0 -> data/reddit/Irelia.json
Ivern: r/ivernmains threads=51 (<1y: 8, with comments: 0) requests now=0 -> data/reddit/Ivern.json
Janna: r/jannamains no threads, trying r/janna
Janna: subreddit changed r/jannamains -> r/janna, refetching
Janna: r/janna threads=55 (<1y: 10, with comments: 0) requests now=2 -> data/reddit/Janna.json
Jarvan IV: r/jarvanivmains threads=50 (<1y: 2, with comments: 0) requests now=0 -> data/reddit/JarvanIV.json
Jax: r/jaxmains threads=99 (<1y: 50, with comments: 0) requests now=0 -> data/reddit/Jax.json
Jayce: r/jaycemains threads=100 (<1y: 50, with comments: 0) requests now=0 -> data/reddit/Jayce.json
Jhin: r/jhinmains threads=59 (<1y: 14, with comments: 0) requests now=0 -> data/reddit/Jhin.json
Jinx: r/jinxmains blocked, trying r/jinx
Jinx: subreddit changed r/jinxmains -> r/jinx, refetching
    HTTP 403 for https://www.reddit.com/r/jinx/search.rss?q=matchup&restrict_sr=on&sort=top&t=all&limit=50
Jinx: r/jinx is blocked (HTTP 403/404: private, banned or nonexistent subreddit); delete Jinx.json to retry
Jinx: r/jinx threads=0 (<1y: 0, with comments: 0) requests now=0 -> data/reddit/Jinx.json
Kai'Sa: r/kaisamains threads=61 (<1y: 17, with comments: 0) requests now=0 -> data/reddit/KaiSa.json
Kalista: r/kalistamains threads=55 (<1y: 16, with comments: 0) requests now=0 -> data/reddit/Kalista.json
Karma: r/karmamains threads=53 (<1y: 7, with comments: 0) requests now=0 -> data/reddit/Karma.json
Karthus: r/karthusmains threads=52 (<1y: 5, with comments: 0) requests now=0 -> data/reddit/Karthus.json
Kassadin: r/kassadinmains threads=93 (<1y: 50, with comments: 0) requests now=0 -> data/reddit/Kassadin.json
Katarina: r/katarinamains threads=99 (<1y: 50, with comments: 0) requests now=0 -> data/reddit/Katarina.json
Kayle: r/kaylemains threads=95 (<1y: 50, with comments: 0) requests now=0 -> data/reddit/Kayle.json
Kayn: r/kaynmains threads=69 (<1y: 26, with comments: 0) requests now=0 -> data/reddit/Kayn.json
Kennen: r/kennenmains threads=58 (<1y: 12, with comments: 0) requests now=0 -> data/reddit/Kennen.json
Kha'Zix: r/khazixmains threads=58 (<1y: 10, with comments: 0) requests now=0 -> data/reddit/KhaZix.json
Kindred: r/kindredmains threads=53 (<1y: 5, with comments: 0) requests now=0 -> data/reddit/Kindred.json
Kled: r/kledmains threads=84 (<1y: 44, with comments: 0) requests now=0 -> data/reddit/Kled.json
Kog'Maw: r/kogmawmains threads=53 (<1y: 14, with comments: 0) requests now=0 -> data/reddit/KogMaw.json
K'Sante: r/ksantemains threads=85 (<1y: 42, with comments: 0) requests now=0 -> data/reddit/KSante.json
LeBlanc: r/leblancmains threads=85 (<1y: 40, with comments: 0) requests now=0 -> data/reddit/LeBlanc.json
Lee Sin: r/leesinmains threads=54 (<1y: 7, with comments: 0) requests now=0 -> data/reddit/LeeSin.json
Leona: r/leonamains threads=52 (<1y: 3, with comments: 0) requests now=0 -> data/reddit/Leona.json
Lillia: r/lilliamains threads=64 (<1y: 18, with comments: 0) requests now=0 -> data/reddit/Lillia.json
Lissandra: r/lissandramains threads=63 (<1y: 18, with comments: 0) requests now=0 -> data/reddit/Lissandra.json
Locke: r/lockemains threads=1 (<1y: 1, with comments: 0) requests now=0 -> data/reddit/Locke.json
Lucian: r/lucianmains threads=52 (<1y: 5, with comments: 0) requests now=0 -> data/reddit/Lucian.json
Lulu: r/lulumains threads=51 (<1y: 1, with comments: 0) requests now=0 -> data/reddit/Lulu.json
Lux: r/luxmains blocked, trying r/lux
Lux: subreddit changed r/luxmains -> r/lux, refetching
Lux: r/lux threads=60 (<1y: 12, with comments: 0) requests now=2 -> data/reddit/Lux.json
Malphite: r/malphitemains threads=60 (<1y: 13, with comments: 0) requests now=0 -> data/reddit/Malphite.json
Malzahar: r/malzaharmains threads=66 (<1y: 20, with comments: 0) requests now=0 -> data/reddit/Malzahar.json
Maokai: r/maokaimains threads=57 (<1y: 9, with comments: 0) requests now=0 -> data/reddit/Maokai.json
Master Yi: r/masteryimains threads=9 (<1y: 0, with comments: 0) requests now=0 -> data/reddit/MasterYi.json
Mel: r/melmains threads=28 (<1y: 10, with comments: 0) requests now=0 -> data/reddit/Mel.json
Milio: r/miliomains threads=20 (<1y: 5, with comments: 0) requests now=0 -> data/reddit/Milio.json
Miss Fortune: r/missfortunemains threads=51 (<1y: 6, with comments: 0) requests now=0 -> data/reddit/MissFortune.json
Mordekaiser: r/mordekaisermains threads=89 (<1y: 50, with comments: 0) requests now=0 -> data/reddit/Mordekaiser.json
Morgana: r/morganamains threads=52 (<1y: 11, with comments: 0) requests now=0 -> data/reddit/Morgana.json
Naafiri: r/naafirimains threads=65 (<1y: 25, with comments: 0) requests now=0 -> data/reddit/Naafiri.json
Nami: r/namimains threads=51 (<1y: 3, with comments: 0) requests now=0 -> data/reddit/Nami.json
Nasus: r/nasusmains threads=97 (<1y: 50, with comments: 0) requests now=0 -> data/reddit/Nasus.json
Nautilus: r/nautilusmains threads=51 (<1y: 2, with comments: 0) requests now=0 -> data/reddit/Nautilus.json
Neeko: r/neekomains threads=54 (<1y: 10, with comments: 0) requests now=0 -> data/reddit/Neeko.json
Nidalee: r/nidaleemains threads=54 (<1y: 6, with comments: 0) requests now=0 -> data/reddit/Nidalee.json
Nilah: r/nilahmains threads=50 (<1y: 12, with comments: 0) requests now=0 -> data/reddit/Nilah.json
Nocturne: r/nocturnemains threads=54 (<1y: 6, with comments: 0) requests now=0 -> data/reddit/Nocturne.json
Nunu & Willump: r/nunumains threads=47 (<1y: 6, with comments: 0) requests now=0 -> data/reddit/NunuWillump.json
Olaf: r/olafmains threads=73 (<1y: 35, with comments: 0) requests now=0 -> data/reddit/Olaf.json
Orianna: r/oriannamains threads=64 (<1y: 17, with comments: 0) requests now=0 -> data/reddit/Orianna.json
Ornn: r/ornnmains threads=80 (<1y: 36, with comments: 0) requests now=0 -> data/reddit/Ornn.json
Pantheon: r/pantheonmains threads=87 (<1y: 40, with comments: 0) requests now=0 -> data/reddit/Pantheon.json
Poppy: r/poppymains threads=65 (<1y: 21, with comments: 0) requests now=0 -> data/reddit/Poppy.json
Pyke: r/pykemains threads=54 (<1y: 8, with comments: 0) requests now=0 -> data/reddit/Pyke.json
Qiyana: r/qiyanamains threads=92 (<1y: 50, with comments: 0) requests now=0 -> data/reddit/Qiyana.json
Quinn: r/quinnmains threads=83 (<1y: 38, with comments: 0) requests now=0 -> data/reddit/Quinn.json
Rakan: r/rakanmains threads=53 (<1y: 7, with comments: 0) requests now=0 -> data/reddit/Rakan.json
Rammus: r/rammusmains threads=48 (<1y: 1, with comments: 0) requests now=0 -> data/reddit/Rammus.json
Rek'Sai: r/reksaimains threads=63 (<1y: 18, with comments: 0) requests now=0 -> data/reddit/RekSai.json
Rell: r/rellmains threads=51 (<1y: 4, with comments: 0) requests now=0 -> data/reddit/Rell.json
Renata Glasc: subreddit changed r/renataglascmains -> r/renatamains, refetching
Renata Glasc: r/renatamains threads=34 (<1y: 8, with comments: 0) requests now=2 -> data/reddit/RenataGlasc.json
Renekton: r/renektonmains threads=92 (<1y: 50, with comments: 0) requests now=0 -> data/reddit/Renekton.json
Rengar: r/rengarmains threads=88 (<1y: 41, with comments: 0) requests now=0 -> data/reddit/Rengar.json
Riven: r/rivenmains threads=98 (<1y: 50, with comments: 0) requests now=0 -> data/reddit/Riven.json
Rumble: r/rumblemains threads=62 (<1y: 14, with comments: 0) requests now=0 -> data/reddit/Rumble.json
Ryze: r/ryzemains threads=94 (<1y: 44, with comments: 0) requests now=0 -> data/reddit/Ryze.json
Samira: r/samiramains threads=59 (<1y: 12, with comments: 0) requests now=0 -> data/reddit/Samira.json
Sejuani: r/sejuanimains threads=51 (<1y: 16, with comments: 0) requests now=0 -> data/reddit/Sejuani.json
Senna: r/sennamains threads=67 (<1y: 19, with comments: 0) requests now=0 -> data/reddit/Senna.json
Seraphine: r/seraphinemains threads=57 (<1y: 12, with comments: 0) requests now=0 -> data/reddit/Seraphine.json
Sett: r/settmains threads=98 (<1y: 50, with comments: 0) requests now=0 -> data/reddit/Sett.json
Shaco: r/shacomains threads=62 (<1y: 18, with comments: 0) requests now=0 -> data/reddit/Shaco.json
Shen: r/shenmains blocked, trying r/shen
Shen: subreddit changed r/shenmains -> r/shen, refetching
Shen: r/shen threads=90 (<1y: 41, with comments: 0) requests now=2 -> data/reddit/Shen.json
Shyvana: r/shyvanamains threads=70 (<1y: 38, with comments: 0) requests now=0 -> data/reddit/Shyvana.json
Singed: r/singedmains threads=94 (<1y: 50, with comments: 0) requests now=0 -> data/reddit/Singed.json
Sion: r/sionmains no threads, trying r/sion
Sion: subreddit changed r/sionmains -> r/sion, refetching
Sion: r/sion threads=0 (<1y: 0, with comments: 0) requests now=2 -> data/reddit/Sion.json
Sivir: r/sivirmains no threads, trying r/sivir
Sivir: subreddit changed r/sivirmains -> r/sivir, refetching
Sivir: r/sivir threads=51 (<1y: 3, with comments: 0) requests now=2 -> data/reddit/Sivir.json
Skarner: r/skarnermains threads=57 (<1y: 15, with comments: 0) requests now=0 -> data/reddit/Skarner.json
Smolder: r/smoldermains threads=56 (<1y: 26, with comments: 0) requests now=0 -> data/reddit/Smolder.json
Sona: r/sonamains threads=59 (<1y: 11, with comments: 0) requests now=0 -> data/reddit/Sona.json
Soraka: r/sorakamains threads=53 (<1y: 8, with comments: 0) requests now=0 -> data/reddit/Soraka.json
Swain: r/swainmains threads=91 (<1y: 46, with comments: 0) requests now=0 -> data/reddit/Swain.json
Sylas: r/sylasmains threads=74 (<1y: 26, with comments: 0) requests now=0 -> data/reddit/Sylas.json
Syndra: r/syndramains threads=77 (<1y: 30, with comments: 0) requests now=0 -> data/reddit/Syndra.json
Tahm Kench: r/tahmkenchmains threads=69 (<1y: 28, with comments: 0) requests now=0 -> data/reddit/TahmKench.json
Taliyah: r/taliyahmains threads=8 (<1y: 8, with comments: 0) requests now=0 -> data/reddit/Taliyah.json
Talon: r/talonmains threads=63 (<1y: 14, with comments: 0) requests now=0 -> data/reddit/Talon.json
Taric: r/taricmains threads=53 (<1y: 9, with comments: 0) requests now=0 -> data/reddit/Taric.json
Teemo: r/teemomains no threads, trying r/teemo
Teemo: subreddit changed r/teemomains -> r/teemo, refetching
    HTTP 404 for https://www.reddit.com/r/teemo/search.rss?q=matchup&restrict_sr=on&sort=top&t=all&limit=50
Teemo: r/teemo is blocked (HTTP 403/404: private, banned or nonexistent subreddit); delete Teemo.json to retry
Teemo: r/teemo threads=0 (<1y: 0, with comments: 0) requests now=0 -> data/reddit/Teemo.json
Thresh: r/threshmains threads=55 (<1y: 8, with comments: 0) requests now=0 -> data/reddit/Thresh.json
Tristana: r/tristanamains threads=50 (<1y: 2, with comments: 0) requests now=0 -> data/reddit/Tristana.json
Trundle: r/trundlemains threads=56 (<1y: 9, with comments: 0) requests now=0 -> data/reddit/Trundle.json
Tryndamere: r/tryndameremains threads=94 (<1y: 49, with comments: 0) requests now=0 -> data/reddit/Tryndamere.json
Twisted Fate: r/twistedfatemains threads=73 (<1y: 26, with comments: 0) requests now=0 -> data/reddit/TwistedFate.json
Twitch: r/twitchmains threads=55 (<1y: 9, with comments: 0) requests now=0 -> data/reddit/Twitch.json
Udyr: r/udyrmains threads=63 (<1y: 20, with comments: 0) requests now=0 -> data/reddit/Udyr.json
Urgot: r/urgotmains threads=97 (<1y: 47, with comments: 0) requests now=0 -> data/reddit/Urgot.json
Varus: r/varusmains threads=55 (<1y: 8, with comments: 0) requests now=0 -> data/reddit/Varus.json
Vayne: r/vaynemains threads=74 (<1y: 28, with comments: 0) requests now=0 -> data/reddit/Vayne.json
Veigar: r/veigarmains threads=60 (<1y: 21, with comments: 0) requests now=0 -> data/reddit/Veigar.json
Vel'Koz: r/velkozmains threads=1 (<1y: 0, with comments: 0) requests now=0 -> data/reddit/VelKoz.json
Vex: r/vexmains threads=63 (<1y: 21, with comments: 0) requests now=0 -> data/reddit/Vex.json
Vi: r/vimains threads=58 (<1y: 15, with comments: 0) requests now=0 -> data/reddit/Vi.json
Viego: r/viegomains threads=70 (<1y: 29, with comments: 0) requests now=0 -> data/reddit/Viego.json
Viktor: r/viktormains threads=50 (<1y: 3, with comments: 0) requests now=0 -> data/reddit/Viktor.json
Vladimir: r/vladimirmains threads=50 (<1y: 4, with comments: 0) requests now=0 -> data/reddit/Vladimir.json
Volibear: r/volibearmains threads=89 (<1y: 44, with comments: 0) requests now=0 -> data/reddit/Volibear.json
Warwick: r/warwickmains threads=63 (<1y: 16, with comments: 0) requests now=0 -> data/reddit/Warwick.json
Wukong: r/wukongmains threads=72 (<1y: 22, with comments: 0) requests now=0 -> data/reddit/Wukong.json
Xayah: r/xayahmains threads=54 (<1y: 6, with comments: 0) requests now=0 -> data/reddit/Xayah.json
Xerath: r/xerathmains threads=57 (<1y: 12, with comments: 0) requests now=0 -> data/reddit/Xerath.json
Xin Zhao: r/xinzhaomains threads=57 (<1y: 18, with comments: 0) requests now=0 -> data/reddit/XinZhao.json
Yasuo: r/yasuomains threads=95 (<1y: 50, with comments: 0) requests now=0 -> data/reddit/Yasuo.json
Yone: r/yonemains threads=90 (<1y: 49, with comments: 0) requests now=0 -> data/reddit/Yone.json
Yorick: r/yorickmains threads=93 (<1y: 50, with comments: 0) requests now=0 -> data/reddit/Yorick.json
Yunara: r/yunaramains threads=31 (<1y: 13, with comments: 0) requests now=0 -> data/reddit/Yunara.json
Yuumi: r/yuumimains threads=52 (<1y: 7, with comments: 0) requests now=0 -> data/reddit/Yuumi.json
Zaahen: r/zaahenmains threads=51 (<1y: 51, with comments: 0) requests now=0 -> data/reddit/Zaahen.json
Zac: r/zacmains no threads, trying r/zac
Zac: subreddit changed r/zacmains -> r/zac, refetching
    HTTP 404 for https://www.reddit.com/r/zac/search.rss?q=matchup&restrict_sr=on&sort=top&t=all&limit=50
Zac: r/zac is blocked (HTTP 403/404: private, banned or nonexistent subreddit); delete Zac.json to retry
Zac: r/zac threads=0 (<1y: 0, with comments: 0) requests now=0 -> data/reddit/Zac.json
Zed: r/zedmains threads=83 (<1y: 37, with comments: 0) requests now=0 -> data/reddit/Zed.json
Zeri: r/zerimains threads=67 (<1y: 30, with comments: 0) requests now=0 -> data/reddit/Zeri.json
Ziggs: r/ziggsmains threads=50 (<1y: 2, with comments: 0) requests now=0 -> data/reddit/Ziggs.json
Zilean: r/zileanmains threads=54 (<1y: 9, with comments: 0) requests now=0 -> data/reddit/Zilean.json
Zoe: r/zoemains threads=80 (<1y: 32, with comments: 0) requests now=0 -> data/reddit/Zoe.json
Zyra: r/zyramains threads=54 (<1y: 7, with comments: 0) requests now=0 -> data/reddit/Zyra.json
2026-10-09 17:11:38 reddit: done, 173 champion files in data/reddit
8984 champion/opponent pairs from 173 files -> data/reddit_tips.csv
2026-10-09 17:12:47 tips: data/reddit_tips.csv rebuilt
tips written for 154 of 157 matchup rows
2026-10-09 17:12:47 tips: Reddit columns written to midlane_overview.xlsx
tips written for 584 of 768 matchup rows
2026-10-09 17:12:48 tips: Reddit columns written to roles/bot.xlsx
tips written for 832 of 1328 matchup rows
2026-10-09 17:12:49 tips: Reddit columns written to roles/jungle.xlsx
tips written for 832 of 1090 matchup rows
2026-10-09 17:12:49 tips: Reddit columns written to roles/support.xlsx
tips written for 1343 of 1505 matchup rows
2026-10-09 17:12:50 tips: Reddit columns written to roles/top.xlsx
2026-10-09 17:12:50 finished (reddit)
2026-10-09 17:13:09 champion list: midlane_overview.xlsx
2026-10-09 17:13:09 reddit: fetching matchup threads for 2 arg(s) (172 champions), 60s between requests (resumable)
Aatrox: r/aatroxmains threads=95 (<1y: 48, with comments: 0) requests now=0 -> data/reddit/Aatrox.json
Ahri: r/ahrimains threads=75 (<1y: 29, with comments: 0) requests now=0 -> data/reddit/Ahri.json
Akali: r/akalimains threads=92 (<1y: 44, with comments: 0) requests now=0 -> data/reddit/Akali.json
Akshan: r/akshanmains threads=78 (<1y: 38, with comments: 0) requests now=0 -> data/reddit/Akshan.json
Alistar: r/alistarmains threads=50 (<1y: 3, with comments: 0) requests now=0 -> data/reddit/Alistar.json
Ambessa: r/ambessamains threads=79 (<1y: 50, with comments: 0) requests now=0 -> data/reddit/Ambessa.json
Amumu: r/amumumains threads=22 (<1y: 1, with comments: 0) requests now=0 -> data/reddit/Amumu.json
Anivia: r/aniviamains threads=71 (<1y: 21, with comments: 0) requests now=0 -> data/reddit/Anivia.json
Annie: r/anniemains threads=52 (<1y: 2, with comments: 0) requests now=0 -> data/reddit/Annie.json
Aphelios: r/apheliosmains threads=62 (<1y: 19, with comments: 0) requests now=0 -> data/reddit/Aphelios.json
Ashe: r/ashemains threads=58 (<1y: 11, with comments: 0) requests now=0 -> data/reddit/Ashe.json
Aurelion Sol: r/Aurelion_Sol_mains threads=93 (<1y: 44, with comments: 0) requests now=0 -> data/reddit/AurelionSol.json
Azir: r/azirmains threads=87 (<1y: 50, with comments: 0) requests now=0 -> data/reddit/Azir.json
Bard: r/bardmains threads=58 (<1y: 11, with comments: 0) requests now=0 -> data/reddit/Bard.json
Bel'Veth: r/belvethmains threads=55 (<1y: 29, with comments: 0) requests now=0 -> data/reddit/BelVeth.json
Blitzcrank: r/blitzcrankmains threads=31 (<1y: 1, with comments: 0) requests now=0 -> data/reddit/Blitzcrank.json
Brand: r/brandmains threads=52 (<1y: 5, with comments: 0) requests now=0 -> data/reddit/Brand.json
Braum: r/braummains threads=41 (<1y: 4, with comments: 0) requests now=0 -> data/reddit/Braum.json
Briar: r/briarmains threads=78 (<1y: 40, with comments: 0) requests now=0 -> data/reddit/Briar.json
Caitlyn: r/caitlynmains threads=53 (<1y: 8, with comments: 0) requests now=0 -> data/reddit/Caitlyn.json
Camille: r/camillemains threads=92 (<1y: 48, with comments: 0) requests now=0 -> data/reddit/Camille.json
Cassiopeia: r/cassiopeiamains threads=63 (<1y: 16, with comments: 0) requests now=0 -> data/reddit/Cassiopeia.json
Cho'Gath: r/chogathmains threads=75 (<1y: 27, with comments: 0) requests now=0 -> data/reddit/ChoGath.json
Corki: r/corkimains threads=52 (<1y: 2, with comments: 0) requests now=0 -> data/reddit/Corki.json
Darius: r/dariusmains threads=97 (<1y: 50, with comments: 0) requests now=0 -> data/reddit/Darius.json
Diana: r/dianamains threads=69 (<1y: 23, with comments: 0) requests now=0 -> data/reddit/Diana.json
Draven: r/dravenmains threads=18 (<1y: 6, with comments: 0) requests now=0 -> data/reddit/Draven.json
Dr. Mundo: r/drmundomains threads=85 (<1y: 41, with comments: 0) requests now=0 -> data/reddit/DrMundo.json
Ekko: r/ekkomains threads=81 (<1y: 34, with comments: 0) requests now=0 -> data/reddit/Ekko.json
Elise: r/elisemains threads=51 (<1y: 1, with comments: 0) requests now=0 -> data/reddit/Elise.json
Evelynn: r/evelynnmains threads=54 (<1y: 8, with comments: 0) requests now=0 -> data/reddit/Evelynn.json
Ezreal: r/ezrealmains threads=56 (<1y: 7, with comments: 0) requests now=0 -> data/reddit/Ezreal.json
Fiddlesticks: r/fiddlesticksmains threads=57 (<1y: 15, with comments: 0) requests now=0 -> data/reddit/Fiddlesticks.json
Fiora: r/fioramains threads=98 (<1y: 50, with comments: 0) requests now=0 -> data/reddit/Fiora.json
Fizz: r/fizzmains threads=67 (<1y: 20, with comments: 0) requests now=0 -> data/reddit/Fizz.json
Galio: r/galiomains threads=73 (<1y: 30, with comments: 0) requests now=0 -> data/reddit/Galio.json
Gangplank: r/gangplankmains threads=99 (<1y: 50, with comments: 0) requests now=0 -> data/reddit/Gangplank.json
Garen: r/garenmains threads=90 (<1y: 50, with comments: 0) requests now=0 -> data/reddit/Garen.json
Gnar: r/gnarmains threads=58 (<1y: 17, with comments: 0) requests now=0 -> data/reddit/Gnar.json
Gragas: r/gragasmains threads=68 (<1y: 23, with comments: 0) requests now=0 -> data/reddit/Gragas.json
Graves: r/gravesmains threads=63 (<1y: 16, with comments: 0) requests now=0 -> data/reddit/Graves.json
Gwen: r/gwenmains threads=82 (<1y: 50, with comments: 0) requests now=0 -> data/reddit/Gwen.json
Hecarim: r/hecarimmains threads=54 (<1y: 8, with comments: 0) requests now=0 -> data/reddit/Hecarim.json
Heimerdinger: r/heimerdingermains threads=64 (<1y: 16, with comments: 0) requests now=0 -> data/reddit/Heimerdinger.json
Hwei: r/hweimains threads=66 (<1y: 27, with comments: 0) requests now=0 -> data/reddit/Hwei.json
Illaoi: r/illaoimains threads=19 (<1y: 0, with comments: 0) requests now=0 -> data/reddit/Illaoi.json
Irelia: r/ireliamains threads=95 (<1y: 50, with comments: 0) requests now=0 -> data/reddit/Irelia.json
Ivern: r/ivernmains threads=51 (<1y: 8, with comments: 0) requests now=0 -> data/reddit/Ivern.json
Janna: r/janna threads=55 (<1y: 10, with comments: 0) requests now=0 -> data/reddit/Janna.json
Jarvan IV: r/jarvanivmains threads=50 (<1y: 2, with comments: 0) requests now=0 -> data/reddit/JarvanIV.json
Jax: r/jaxmains threads=99 (<1y: 50, with comments: 0) requests now=0 -> data/reddit/Jax.json
Jayce: r/jaycemains threads=100 (<1y: 50, with comments: 0) requests now=0 -> data/reddit/Jayce.json
Jhin: r/jhinmains threads=59 (<1y: 14, with comments: 0) requests now=0 -> data/reddit/Jhin.json
    HTTP 403 for https://www.reddit.com/r/jinxmains/search.rss?q=matchup&restrict_sr=on&sort=top&t=all&limit=50
Jinx: r/jinxmains blocked, trying r/jinx
Jinx: r/jinx is blocked (HTTP 403/404: private, banned or nonexistent subreddit); delete Jinx.json to retry
Jinx: r/jinx threads=0 (<1y: 0, with comments: 0) requests now=0 -> data/reddit/Jinx.json
Kai'Sa: r/kaisamains threads=61 (<1y: 17, with comments: 0) requests now=0 -> data/reddit/KaiSa.json
Kalista: r/kalistamains threads=55 (<1y: 16, with comments: 0) requests now=0 -> data/reddit/Kalista.json
Karma: r/karmamains threads=53 (<1y: 7, with comments: 0) requests now=0 -> data/reddit/Karma.json
Karthus: r/karthusmains threads=52 (<1y: 5, with comments: 0) requests now=0 -> data/reddit/Karthus.json
Kassadin: r/kassadinmains threads=93 (<1y: 50, with comments: 0) requests now=0 -> data/reddit/Kassadin.json
Katarina: r/katarinamains threads=99 (<1y: 50, with comments: 0) requests now=0 -> data/reddit/Katarina.json
Kayle: r/kaylemains threads=95 (<1y: 50, with comments: 0) requests now=0 -> data/reddit/Kayle.json
Kayn: r/kaynmains threads=69 (<1y: 26, with comments: 0) requests now=0 -> data/reddit/Kayn.json
Kennen: r/kennenmains threads=58 (<1y: 12, with comments: 0) requests now=0 -> data/reddit/Kennen.json
Kha'Zix: r/khazixmains threads=58 (<1y: 10, with comments: 0) requests now=0 -> data/reddit/KhaZix.json
Kindred: r/kindredmains threads=53 (<1y: 5, with comments: 0) requests now=0 -> data/reddit/Kindred.json
Kled: r/kledmains threads=84 (<1y: 44, with comments: 0) requests now=0 -> data/reddit/Kled.json
Kog'Maw: r/kogmawmains threads=53 (<1y: 14, with comments: 0) requests now=0 -> data/reddit/KogMaw.json
K'Sante: r/ksantemains threads=85 (<1y: 42, with comments: 0) requests now=0 -> data/reddit/KSante.json
LeBlanc: r/leblancmains threads=85 (<1y: 40, with comments: 0) requests now=0 -> data/reddit/LeBlanc.json
Lee Sin: r/leesinmains threads=54 (<1y: 7, with comments: 0) requests now=0 -> data/reddit/LeeSin.json
Leona: r/leonamains threads=52 (<1y: 3, with comments: 0) requests now=0 -> data/reddit/Leona.json
Lillia: r/lilliamains threads=64 (<1y: 18, with comments: 0) requests now=0 -> data/reddit/Lillia.json
Lissandra: r/lissandramains threads=63 (<1y: 18, with comments: 0) requests now=0 -> data/reddit/Lissandra.json
Locke: r/lockemains threads=1 (<1y: 1, with comments: 0) requests now=0 -> data/reddit/Locke.json
Lucian: r/lucianmains threads=52 (<1y: 5, with comments: 0) requests now=0 -> data/reddit/Lucian.json
Lulu: r/lulumains threads=51 (<1y: 1, with comments: 0) requests now=0 -> data/reddit/Lulu.json
Lux: r/lux threads=60 (<1y: 12, with comments: 0) requests now=0 -> data/reddit/Lux.json
Malphite: r/malphitemains threads=60 (<1y: 13, with comments: 0) requests now=0 -> data/reddit/Malphite.json
Malzahar: r/malzaharmains threads=66 (<1y: 20, with comments: 0) requests now=0 -> data/reddit/Malzahar.json
Maokai: r/maokaimains threads=57 (<1y: 9, with comments: 0) requests now=0 -> data/reddit/Maokai.json
Master Yi: r/masteryimains threads=9 (<1y: 0, with comments: 0) requests now=0 -> data/reddit/MasterYi.json
Mel: r/melmains threads=28 (<1y: 10, with comments: 0) requests now=0 -> data/reddit/Mel.json
Milio: r/miliomains threads=20 (<1y: 5, with comments: 0) requests now=0 -> data/reddit/Milio.json
Miss Fortune: r/missfortunemains threads=51 (<1y: 6, with comments: 0) requests now=0 -> data/reddit/MissFortune.json
Mordekaiser: r/mordekaisermains threads=89 (<1y: 50, with comments: 0) requests now=0 -> data/reddit/Mordekaiser.json
Morgana: r/morganamains threads=52 (<1y: 11, with comments: 0) requests now=0 -> data/reddit/Morgana.json
Naafiri: r/naafirimains threads=65 (<1y: 25, with comments: 0) requests now=0 -> data/reddit/Naafiri.json
Nami: r/namimains threads=51 (<1y: 3, with comments: 0) requests now=0 -> data/reddit/Nami.json
Nasus: r/nasusmains threads=97 (<1y: 50, with comments: 0) requests now=0 -> data/reddit/Nasus.json
Nautilus: r/nautilusmains threads=51 (<1y: 2, with comments: 0) requests now=0 -> data/reddit/Nautilus.json
Neeko: r/neekomains threads=54 (<1y: 10, with comments: 0) requests now=0 -> data/reddit/Neeko.json
Nidalee: r/nidaleemains threads=54 (<1y: 6, with comments: 0) requests now=0 -> data/reddit/Nidalee.json
Nilah: r/nilahmains threads=50 (<1y: 12, with comments: 0) requests now=0 -> data/reddit/Nilah.json
Nocturne: r/nocturnemains threads=54 (<1y: 6, with comments: 0) requests now=0 -> data/reddit/Nocturne.json
Nunu & Willump: r/nunumains threads=47 (<1y: 6, with comments: 0) requests now=0 -> data/reddit/NunuWillump.json
Olaf: r/olafmains threads=73 (<1y: 35, with comments: 0) requests now=0 -> data/reddit/Olaf.json
Orianna: r/oriannamains threads=64 (<1y: 17, with comments: 0) requests now=0 -> data/reddit/Orianna.json
Ornn: r/ornnmains threads=80 (<1y: 36, with comments: 0) requests now=0 -> data/reddit/Ornn.json
Pantheon: r/pantheonmains threads=87 (<1y: 40, with comments: 0) requests now=0 -> data/reddit/Pantheon.json
Poppy: r/poppymains threads=65 (<1y: 21, with comments: 0) requests now=0 -> data/reddit/Poppy.json
Pyke: r/pykemains threads=54 (<1y: 8, with comments: 0) requests now=0 -> data/reddit/Pyke.json
Qiyana: r/qiyanamains threads=92 (<1y: 50, with comments: 0) requests now=0 -> data/reddit/Qiyana.json
Quinn: r/quinnmains threads=83 (<1y: 38, with comments: 0) requests now=0 -> data/reddit/Quinn.json
Rakan: r/rakanmains threads=53 (<1y: 7, with comments: 0) requests now=0 -> data/reddit/Rakan.json
Rammus: r/rammusmains threads=48 (<1y: 1, with comments: 0) requests now=0 -> data/reddit/Rammus.json
Rek'Sai: r/reksaimains threads=63 (<1y: 18, with comments: 0) requests now=0 -> data/reddit/RekSai.json
Rell: r/rellmains threads=51 (<1y: 4, with comments: 0) requests now=0 -> data/reddit/Rell.json
Renata Glasc: r/renatamains threads=34 (<1y: 8, with comments: 0) requests now=0 -> data/reddit/RenataGlasc.json
Renekton: r/renektonmains threads=92 (<1y: 50, with comments: 0) requests now=0 -> data/reddit/Renekton.json
Rengar: r/rengarmains threads=88 (<1y: 41, with comments: 0) requests now=0 -> data/reddit/Rengar.json
Riven: r/rivenmains threads=98 (<1y: 50, with comments: 0) requests now=0 -> data/reddit/Riven.json
Rumble: r/rumblemains threads=62 (<1y: 14, with comments: 0) requests now=0 -> data/reddit/Rumble.json
Ryze: r/ryzemains threads=94 (<1y: 44, with comments: 0) requests now=0 -> data/reddit/Ryze.json
Samira: r/samiramains threads=59 (<1y: 12, with comments: 0) requests now=0 -> data/reddit/Samira.json
Sejuani: r/sejuanimains threads=51 (<1y: 16, with comments: 0) requests now=0 -> data/reddit/Sejuani.json
Senna: r/sennamains threads=67 (<1y: 19, with comments: 0) requests now=0 -> data/reddit/Senna.json
Seraphine: r/seraphinemains threads=57 (<1y: 12, with comments: 0) requests now=0 -> data/reddit/Seraphine.json
Sett: r/settmains threads=98 (<1y: 50, with comments: 0) requests now=0 -> data/reddit/Sett.json
Shaco: r/shacomains threads=62 (<1y: 18, with comments: 0) requests now=0 -> data/reddit/Shaco.json
Shen: r/shen threads=90 (<1y: 41, with comments: 0) requests now=0 -> data/reddit/Shen.json
Shyvana: r/shyvanamains threads=70 (<1y: 38, with comments: 0) requests now=0 -> data/reddit/Shyvana.json
Singed: r/singedmains threads=94 (<1y: 50, with comments: 0) requests now=0 -> data/reddit/Singed.json
Sion: r/sionmains no threads, trying r/sion
Sion: r/sion threads=0 (<1y: 0, with comments: 0) requests now=2 -> data/reddit/Sion.json
Sivir: r/sivir threads=51 (<1y: 3, with comments: 0) requests now=0 -> data/reddit/Sivir.json
Skarner: r/skarnermains threads=57 (<1y: 15, with comments: 0) requests now=0 -> data/reddit/Skarner.json
Smolder: r/smoldermains threads=56 (<1y: 26, with comments: 0) requests now=0 -> data/reddit/Smolder.json
Sona: r/sonamains threads=59 (<1y: 11, with comments: 0) requests now=0 -> data/reddit/Sona.json
Soraka: r/sorakamains threads=53 (<1y: 8, with comments: 0) requests now=0 -> data/reddit/Soraka.json
Swain: r/swainmains threads=91 (<1y: 46, with comments: 0) requests now=0 -> data/reddit/Swain.json
Sylas: r/sylasmains threads=74 (<1y: 26, with comments: 0) requests now=0 -> data/reddit/Sylas.json
Syndra: r/syndramains threads=77 (<1y: 30, with comments: 0) requests now=0 -> data/reddit/Syndra.json
Tahm Kench: r/tahmkenchmains threads=69 (<1y: 28, with comments: 0) requests now=0 -> data/reddit/TahmKench.json
Taliyah: r/taliyahmains threads=8 (<1y: 8, with comments: 0) requests now=0 -> data/reddit/Taliyah.json
Talon: r/talonmains threads=63 (<1y: 14, with comments: 0) requests now=0 -> data/reddit/Talon.json
Taric: r/taricmains threads=53 (<1y: 9, with comments: 0) requests now=0 -> data/reddit/Taric.json
Teemo: r/teemotalk threads=80 (<1y: 33, with comments: 0) requests now=2 -> data/reddit/Teemo.json
Thresh: r/threshmains threads=55 (<1y: 8, with comments: 0) requests now=0 -> data/reddit/Thresh.json
Tristana: r/tristanamains threads=50 (<1y: 2, with comments: 0) requests now=0 -> data/reddit/Tristana.json
Trundle: r/trundlemains threads=56 (<1y: 9, with comments: 0) requests now=0 -> data/reddit/Trundle.json
Tryndamere: r/tryndameremains threads=94 (<1y: 49, with comments: 0) requests now=0 -> data/reddit/Tryndamere.json
Twisted Fate: r/twistedfatemains threads=73 (<1y: 26, with comments: 0) requests now=0 -> data/reddit/TwistedFate.json
Twitch: r/twitchmains threads=55 (<1y: 9, with comments: 0) requests now=0 -> data/reddit/Twitch.json
Udyr: r/udyrmains threads=63 (<1y: 20, with comments: 0) requests now=0 -> data/reddit/Udyr.json
Urgot: r/urgotmains threads=97 (<1y: 47, with comments: 0) requests now=0 -> data/reddit/Urgot.json
Varus: r/varusmains threads=55 (<1y: 8, with comments: 0) requests now=0 -> data/reddit/Varus.json
Vayne: r/vaynemains threads=74 (<1y: 28, with comments: 0) requests now=0 -> data/reddit/Vayne.json
Veigar: r/veigarmains threads=60 (<1y: 21, with comments: 0) requests now=0 -> data/reddit/Veigar.json
Vel'Koz: r/velkozmains threads=1 (<1y: 0, with comments: 0) requests now=0 -> data/reddit/VelKoz.json
Vex: r/vexmains threads=63 (<1y: 21, with comments: 0) requests now=0 -> data/reddit/Vex.json
Vi: r/vimains threads=58 (<1y: 15, with comments: 0) requests now=0 -> data/reddit/Vi.json
Viego: r/viegomains threads=70 (<1y: 29, with comments: 0) requests now=0 -> data/reddit/Viego.json
Viktor: r/viktormains threads=50 (<1y: 3, with comments: 0) requests now=0 -> data/reddit/Viktor.json
Vladimir: r/vladimirmains threads=50 (<1y: 4, with comments: 0) requests now=0 -> data/reddit/Vladimir.json
Volibear: r/volibearmains threads=89 (<1y: 44, with comments: 0) requests now=0 -> data/reddit/Volibear.json
Warwick: r/warwickmains threads=63 (<1y: 16, with comments: 0) requests now=0 -> data/reddit/Warwick.json
Wukong: r/wukongmains threads=72 (<1y: 22, with comments: 0) requests now=0 -> data/reddit/Wukong.json
Xayah: r/xayahmains threads=54 (<1y: 6, with comments: 0) requests now=0 -> data/reddit/Xayah.json
Xerath: r/xerathmains threads=57 (<1y: 12, with comments: 0) requests now=0 -> data/reddit/Xerath.json
Xin Zhao: r/xinzhaomains threads=57 (<1y: 18, with comments: 0) requests now=0 -> data/reddit/XinZhao.json
Yasuo: r/yasuomains threads=95 (<1y: 50, with comments: 0) requests now=0 -> data/reddit/Yasuo.json
Yone: r/yonemains threads=90 (<1y: 49, with comments: 0) requests now=0 -> data/reddit/Yone.json
Yorick: r/yorickmains threads=93 (<1y: 50, with comments: 0) requests now=0 -> data/reddit/Yorick.json
Yunara: r/yunaramains threads=31 (<1y: 13, with comments: 0) requests now=0 -> data/reddit/Yunara.json
Yuumi: r/yuumimains threads=52 (<1y: 7, with comments: 0) requests now=0 -> data/reddit/Yuumi.json
Zaahen: r/zaahenmains threads=51 (<1y: 51, with comments: 0) requests now=0 -> data/reddit/Zaahen.json
Zac: r/zacmains no threads, trying r/zac
Zac: r/zac is blocked (HTTP 403/404: private, banned or nonexistent subreddit); delete Zac.json to retry
Zac: r/zac threads=0 (<1y: 0, with comments: 0) requests now=2 -> data/reddit/Zac.json
Zed: r/zedmains threads=83 (<1y: 37, with comments: 0) requests now=0 -> data/reddit/Zed.json
Zeri: r/zerimains threads=67 (<1y: 30, with comments: 0) requests now=0 -> data/reddit/Zeri.json
Ziggs: r/ziggsmains threads=50 (<1y: 2, with comments: 0) requests now=0 -> data/reddit/Ziggs.json
Zilean: r/zileanmains threads=54 (<1y: 9, with comments: 0) requests now=0 -> data/reddit/Zilean.json
Zoe: r/zoemains threads=80 (<1y: 32, with comments: 0) requests now=0 -> data/reddit/Zoe.json
Zyra: r/zyramains threads=54 (<1y: 7, with comments: 0) requests now=0 -> data/reddit/Zyra.json
2026-10-09 17:20:18 reddit: done, 173 champion files in data/reddit
9047 champion/opponent pairs from 173 files -> data/reddit_tips.csv
2026-10-09 17:21:25 tips: data/reddit_tips.csv rebuilt
tips written for 154 of 157 matchup rows
2026-10-09 17:21:26 tips: Reddit columns written to midlane_overview.xlsx
tips written for 584 of 768 matchup rows
2026-10-09 17:21:26 tips: Reddit columns written to roles/bot.xlsx
tips written for 832 of 1328 matchup rows
2026-10-09 17:21:27 tips: Reddit columns written to roles/jungle.xlsx
tips written for 832 of 1090 matchup rows
2026-10-09 17:21:28 tips: Reddit columns written to roles/support.xlsx
tips written for 1359 of 1505 matchup rows
2026-10-09 17:21:29 tips: Reddit columns written to roles/top.xlsx
2026-10-09 17:21:29 finished (reddit)
2026-10-09 17:24:23 champion list: midlane_overview.xlsx
2026-10-09 17:24:23 reddit: fetching matchup threads for 2 arg(s) (172 champions), 60s between requests (resumable)
Aatrox: r/aatroxmains threads=95 (<1y: 48, with comments: 0) requests now=0 -> data/reddit/Aatrox.json
Ahri: r/ahrimains threads=75 (<1y: 29, with comments: 0) requests now=0 -> data/reddit/Ahri.json
Akali: r/akalimains threads=92 (<1y: 44, with comments: 0) requests now=0 -> data/reddit/Akali.json
Akshan: r/akshanmains threads=78 (<1y: 38, with comments: 0) requests now=0 -> data/reddit/Akshan.json
Alistar: r/alistarmains threads=50 (<1y: 3, with comments: 0) requests now=0 -> data/reddit/Alistar.json
Ambessa: r/ambessamains threads=79 (<1y: 50, with comments: 0) requests now=0 -> data/reddit/Ambessa.json
Amumu: r/amumumains threads=22 (<1y: 1, with comments: 0) requests now=0 -> data/reddit/Amumu.json
Anivia: r/aniviamains threads=71 (<1y: 21, with comments: 0) requests now=0 -> data/reddit/Anivia.json
Annie: r/anniemains threads=52 (<1y: 2, with comments: 0) requests now=0 -> data/reddit/Annie.json
Aphelios: r/apheliosmains threads=62 (<1y: 19, with comments: 0) requests now=0 -> data/reddit/Aphelios.json
Ashe: r/ashemains threads=58 (<1y: 11, with comments: 0) requests now=0 -> data/reddit/Ashe.json
Aurelion Sol: r/Aurelion_Sol_mains threads=93 (<1y: 44, with comments: 0) requests now=0 -> data/reddit/AurelionSol.json
Azir: r/azirmains threads=87 (<1y: 50, with comments: 0) requests now=0 -> data/reddit/Azir.json
Bard: r/bardmains threads=58 (<1y: 11, with comments: 0) requests now=0 -> data/reddit/Bard.json
Bel'Veth: r/belvethmains threads=55 (<1y: 29, with comments: 0) requests now=0 -> data/reddit/BelVeth.json
Blitzcrank: r/blitzcrankmains threads=31 (<1y: 1, with comments: 0) requests now=0 -> data/reddit/Blitzcrank.json
Brand: r/brandmains threads=52 (<1y: 5, with comments: 0) requests now=0 -> data/reddit/Brand.json
Braum: r/braummains threads=41 (<1y: 4, with comments: 0) requests now=0 -> data/reddit/Braum.json
Briar: r/briarmains threads=78 (<1y: 40, with comments: 0) requests now=0 -> data/reddit/Briar.json
Caitlyn: r/caitlynmains threads=53 (<1y: 8, with comments: 0) requests now=0 -> data/reddit/Caitlyn.json
Camille: r/camillemains threads=92 (<1y: 48, with comments: 0) requests now=0 -> data/reddit/Camille.json
Cassiopeia: r/cassiopeiamains threads=63 (<1y: 16, with comments: 0) requests now=0 -> data/reddit/Cassiopeia.json
Cho'Gath: r/chogathmains threads=75 (<1y: 27, with comments: 0) requests now=0 -> data/reddit/ChoGath.json
Corki: r/corkimains threads=52 (<1y: 2, with comments: 0) requests now=0 -> data/reddit/Corki.json
Darius: r/dariusmains threads=97 (<1y: 50, with comments: 0) requests now=0 -> data/reddit/Darius.json
Diana: r/dianamains threads=69 (<1y: 23, with comments: 0) requests now=0 -> data/reddit/Diana.json
Draven: r/dravenmains threads=18 (<1y: 6, with comments: 0) requests now=0 -> data/reddit/Draven.json
Dr. Mundo: r/drmundomains threads=85 (<1y: 41, with comments: 0) requests now=0 -> data/reddit/DrMundo.json
Ekko: r/ekkomains threads=81 (<1y: 34, with comments: 0) requests now=0 -> data/reddit/Ekko.json
Elise: r/elisemains threads=51 (<1y: 1, with comments: 0) requests now=0 -> data/reddit/Elise.json
Evelynn: r/evelynnmains threads=54 (<1y: 8, with comments: 0) requests now=0 -> data/reddit/Evelynn.json
Ezreal: r/ezrealmains threads=56 (<1y: 7, with comments: 0) requests now=0 -> data/reddit/Ezreal.json
Fiddlesticks: r/fiddlesticksmains threads=57 (<1y: 15, with comments: 0) requests now=0 -> data/reddit/Fiddlesticks.json
Fiora: r/fioramains threads=98 (<1y: 50, with comments: 0) requests now=0 -> data/reddit/Fiora.json
Fizz: r/fizzmains threads=67 (<1y: 20, with comments: 0) requests now=0 -> data/reddit/Fizz.json
Galio: r/galiomains threads=73 (<1y: 30, with comments: 0) requests now=0 -> data/reddit/Galio.json
Gangplank: r/gangplankmains threads=99 (<1y: 50, with comments: 0) requests now=0 -> data/reddit/Gangplank.json
Garen: r/garenmains threads=90 (<1y: 50, with comments: 0) requests now=0 -> data/reddit/Garen.json
Gnar: r/gnarmains threads=58 (<1y: 17, with comments: 0) requests now=0 -> data/reddit/Gnar.json
Gragas: r/gragasmains threads=68 (<1y: 23, with comments: 0) requests now=0 -> data/reddit/Gragas.json
Graves: r/gravesmains threads=63 (<1y: 16, with comments: 0) requests now=0 -> data/reddit/Graves.json
Gwen: r/gwenmains threads=82 (<1y: 50, with comments: 0) requests now=0 -> data/reddit/Gwen.json
Hecarim: r/hecarimmains threads=54 (<1y: 8, with comments: 0) requests now=0 -> data/reddit/Hecarim.json
Heimerdinger: r/heimerdingermains threads=64 (<1y: 16, with comments: 0) requests now=0 -> data/reddit/Heimerdinger.json
Hwei: r/hweimains threads=66 (<1y: 27, with comments: 0) requests now=0 -> data/reddit/Hwei.json
Illaoi: r/illaoimains threads=19 (<1y: 0, with comments: 0) requests now=0 -> data/reddit/Illaoi.json
Irelia: r/ireliamains threads=95 (<1y: 50, with comments: 0) requests now=0 -> data/reddit/Irelia.json
Ivern: r/ivernmains threads=51 (<1y: 8, with comments: 0) requests now=0 -> data/reddit/Ivern.json
Janna: r/janna threads=55 (<1y: 10, with comments: 0) requests now=0 -> data/reddit/Janna.json
Jarvan IV: r/jarvanivmains threads=50 (<1y: 2, with comments: 0) requests now=0 -> data/reddit/JarvanIV.json
Jax: r/jaxmains threads=99 (<1y: 50, with comments: 0) requests now=0 -> data/reddit/Jax.json
Jayce: r/jaycemains threads=100 (<1y: 50, with comments: 0) requests now=0 -> data/reddit/Jayce.json
Jhin: r/jhinmains threads=59 (<1y: 14, with comments: 0) requests now=0 -> data/reddit/Jhin.json
    HTTP 403 for https://www.reddit.com/r/jinxmains/search.rss?q=matchup&restrict_sr=on&sort=top&t=all&limit=50
Jinx: r/jinxmains blocked, trying r/jinx
Jinx: r/jinx is blocked (HTTP 403/404: private, banned or nonexistent subreddit); delete Jinx.json to retry
Jinx: r/jinx threads=0 (<1y: 0, with comments: 0) requests now=0 -> data/reddit/Jinx.json
Kai'Sa: r/kaisamains threads=61 (<1y: 17, with comments: 0) requests now=0 -> data/reddit/KaiSa.json
Kalista: r/kalistamains threads=55 (<1y: 16, with comments: 0) requests now=0 -> data/reddit/Kalista.json
Karma: r/karmamains threads=53 (<1y: 7, with comments: 0) requests now=0 -> data/reddit/Karma.json
Karthus: r/karthusmains threads=52 (<1y: 5, with comments: 0) requests now=0 -> data/reddit/Karthus.json
Kassadin: r/kassadinmains threads=93 (<1y: 50, with comments: 0) requests now=0 -> data/reddit/Kassadin.json
Katarina: r/katarinamains threads=99 (<1y: 50, with comments: 0) requests now=0 -> data/reddit/Katarina.json
Kayle: r/kaylemains threads=95 (<1y: 50, with comments: 0) requests now=0 -> data/reddit/Kayle.json
Kayn: r/kaynmains threads=69 (<1y: 26, with comments: 0) requests now=0 -> data/reddit/Kayn.json
Kennen: r/kennenmains threads=58 (<1y: 12, with comments: 0) requests now=0 -> data/reddit/Kennen.json
Kha'Zix: r/khazixmains threads=58 (<1y: 10, with comments: 0) requests now=0 -> data/reddit/KhaZix.json
Kindred: r/kindredmains threads=53 (<1y: 5, with comments: 0) requests now=0 -> data/reddit/Kindred.json
Kled: r/kledmains threads=84 (<1y: 44, with comments: 0) requests now=0 -> data/reddit/Kled.json
Kog'Maw: r/kogmawmains threads=53 (<1y: 14, with comments: 0) requests now=0 -> data/reddit/KogMaw.json
K'Sante: r/ksantemains threads=85 (<1y: 42, with comments: 0) requests now=0 -> data/reddit/KSante.json
LeBlanc: r/leblancmains threads=85 (<1y: 40, with comments: 0) requests now=0 -> data/reddit/LeBlanc.json
Lee Sin: r/leesinmains threads=54 (<1y: 7, with comments: 0) requests now=0 -> data/reddit/LeeSin.json
Leona: r/leonamains threads=52 (<1y: 3, with comments: 0) requests now=0 -> data/reddit/Leona.json
Lillia: r/lilliamains threads=64 (<1y: 18, with comments: 0) requests now=0 -> data/reddit/Lillia.json
Lissandra: r/lissandramains threads=63 (<1y: 18, with comments: 0) requests now=0 -> data/reddit/Lissandra.json
Locke: r/lockemains threads=1 (<1y: 1, with comments: 0) requests now=0 -> data/reddit/Locke.json
Lucian: r/lucianmains threads=52 (<1y: 5, with comments: 0) requests now=0 -> data/reddit/Lucian.json
Lulu: r/lulumains threads=51 (<1y: 1, with comments: 0) requests now=0 -> data/reddit/Lulu.json
Lux: r/lux threads=60 (<1y: 12, with comments: 0) requests now=0 -> data/reddit/Lux.json
Malphite: r/malphitemains threads=60 (<1y: 13, with comments: 0) requests now=0 -> data/reddit/Malphite.json
Malzahar: r/malzaharmains threads=66 (<1y: 20, with comments: 0) requests now=0 -> data/reddit/Malzahar.json
Maokai: r/maokaimains threads=57 (<1y: 9, with comments: 0) requests now=0 -> data/reddit/Maokai.json
Master Yi: r/masteryimains threads=9 (<1y: 0, with comments: 0) requests now=0 -> data/reddit/MasterYi.json
Mel: r/melmains threads=28 (<1y: 10, with comments: 0) requests now=0 -> data/reddit/Mel.json
Milio: r/miliomains threads=20 (<1y: 5, with comments: 0) requests now=0 -> data/reddit/Milio.json
Miss Fortune: r/missfortunemains threads=51 (<1y: 6, with comments: 0) requests now=0 -> data/reddit/MissFortune.json
Mordekaiser: r/mordekaisermains threads=89 (<1y: 50, with comments: 0) requests now=0 -> data/reddit/Mordekaiser.json
Morgana: r/morganamains threads=52 (<1y: 11, with comments: 0) requests now=0 -> data/reddit/Morgana.json
Naafiri: r/naafirimains threads=65 (<1y: 25, with comments: 0) requests now=0 -> data/reddit/Naafiri.json
Nami: r/namimains threads=51 (<1y: 3, with comments: 0) requests now=0 -> data/reddit/Nami.json
Nasus: r/nasusmains threads=97 (<1y: 50, with comments: 0) requests now=0 -> data/reddit/Nasus.json
Nautilus: r/nautilusmains threads=51 (<1y: 2, with comments: 0) requests now=0 -> data/reddit/Nautilus.json
Neeko: r/neekomains threads=54 (<1y: 10, with comments: 0) requests now=0 -> data/reddit/Neeko.json
Nidalee: r/nidaleemains threads=54 (<1y: 6, with comments: 0) requests now=0 -> data/reddit/Nidalee.json
Nilah: r/nilahmains threads=50 (<1y: 12, with comments: 0) requests now=0 -> data/reddit/Nilah.json
Nocturne: r/nocturnemains threads=54 (<1y: 6, with comments: 0) requests now=0 -> data/reddit/Nocturne.json
Nunu & Willump: r/nunumains threads=47 (<1y: 6, with comments: 0) requests now=0 -> data/reddit/NunuWillump.json
Olaf: r/olafmains threads=73 (<1y: 35, with comments: 0) requests now=0 -> data/reddit/Olaf.json
Orianna: r/oriannamains threads=64 (<1y: 17, with comments: 0) requests now=0 -> data/reddit/Orianna.json
Ornn: r/ornnmains threads=80 (<1y: 36, with comments: 0) requests now=0 -> data/reddit/Ornn.json
Pantheon: r/pantheonmains threads=87 (<1y: 40, with comments: 0) requests now=0 -> data/reddit/Pantheon.json
Poppy: r/poppymains threads=65 (<1y: 21, with comments: 0) requests now=0 -> data/reddit/Poppy.json
Pyke: r/pykemains threads=54 (<1y: 8, with comments: 0) requests now=0 -> data/reddit/Pyke.json
Qiyana: r/qiyanamains threads=92 (<1y: 50, with comments: 0) requests now=0 -> data/reddit/Qiyana.json
Quinn: r/quinnmains threads=83 (<1y: 38, with comments: 0) requests now=0 -> data/reddit/Quinn.json
Rakan: r/rakanmains threads=53 (<1y: 7, with comments: 0) requests now=0 -> data/reddit/Rakan.json
Rammus: r/rammusmains threads=48 (<1y: 1, with comments: 0) requests now=0 -> data/reddit/Rammus.json
Rek'Sai: r/reksaimains threads=63 (<1y: 18, with comments: 0) requests now=0 -> data/reddit/RekSai.json
Rell: r/rellmains threads=51 (<1y: 4, with comments: 0) requests now=0 -> data/reddit/Rell.json
Renata Glasc: r/renatamains threads=34 (<1y: 8, with comments: 0) requests now=0 -> data/reddit/RenataGlasc.json
Renekton: r/renektonmains threads=92 (<1y: 50, with comments: 0) requests now=0 -> data/reddit/Renekton.json
Rengar: r/rengarmains threads=88 (<1y: 41, with comments: 0) requests now=0 -> data/reddit/Rengar.json
Riven: r/rivenmains threads=98 (<1y: 50, with comments: 0) requests now=0 -> data/reddit/Riven.json
Rumble: r/rumblemains threads=62 (<1y: 14, with comments: 0) requests now=0 -> data/reddit/Rumble.json
Ryze: r/ryzemains threads=94 (<1y: 44, with comments: 0) requests now=0 -> data/reddit/Ryze.json
Samira: r/samiramains threads=59 (<1y: 12, with comments: 0) requests now=0 -> data/reddit/Samira.json
Sejuani: r/sejuanimains threads=51 (<1y: 16, with comments: 0) requests now=0 -> data/reddit/Sejuani.json
Senna: r/sennamains threads=67 (<1y: 19, with comments: 0) requests now=0 -> data/reddit/Senna.json
Seraphine: r/seraphinemains threads=57 (<1y: 12, with comments: 0) requests now=0 -> data/reddit/Seraphine.json
Sett: r/settmains threads=98 (<1y: 50, with comments: 0) requests now=0 -> data/reddit/Sett.json
Shaco: r/shacomains threads=62 (<1y: 18, with comments: 0) requests now=0 -> data/reddit/Shaco.json
Shen: r/shen threads=90 (<1y: 41, with comments: 0) requests now=0 -> data/reddit/Shen.json
Shyvana: r/shyvanamains threads=70 (<1y: 38, with comments: 0) requests now=0 -> data/reddit/Shyvana.json
Singed: r/singedmains threads=94 (<1y: 50, with comments: 0) requests now=0 -> data/reddit/Singed.json
Sion: r/dirtysionmains threads=83 (<1y: 35, with comments: 0) requests now=2 -> data/reddit/Sion.json
Sivir: r/sivir threads=51 (<1y: 3, with comments: 0) requests now=0 -> data/reddit/Sivir.json
Skarner: r/skarnermains threads=57 (<1y: 15, with comments: 0) requests now=0 -> data/reddit/Skarner.json
Smolder: r/smoldermains threads=56 (<1y: 26, with comments: 0) requests now=0 -> data/reddit/Smolder.json
Sona: r/sonamains threads=59 (<1y: 11, with comments: 0) requests now=0 -> data/reddit/Sona.json
Soraka: r/sorakamains threads=53 (<1y: 8, with comments: 0) requests now=0 -> data/reddit/Soraka.json
Swain: r/swainmains threads=91 (<1y: 46, with comments: 0) requests now=0 -> data/reddit/Swain.json
Sylas: r/sylasmains threads=74 (<1y: 26, with comments: 0) requests now=0 -> data/reddit/Sylas.json
Syndra: r/syndramains threads=77 (<1y: 30, with comments: 0) requests now=0 -> data/reddit/Syndra.json
Tahm Kench: r/tahmkenchmains threads=69 (<1y: 28, with comments: 0) requests now=0 -> data/reddit/TahmKench.json
Taliyah: r/taliyahmains threads=8 (<1y: 8, with comments: 0) requests now=0 -> data/reddit/Taliyah.json
Talon: r/talonmains threads=63 (<1y: 14, with comments: 0) requests now=0 -> data/reddit/Talon.json
Taric: r/taricmains threads=53 (<1y: 9, with comments: 0) requests now=0 -> data/reddit/Taric.json
Teemo: r/teemotalk threads=80 (<1y: 33, with comments: 0) requests now=0 -> data/reddit/Teemo.json
Thresh: r/threshmains threads=55 (<1y: 8, with comments: 0) requests now=0 -> data/reddit/Thresh.json
Tristana: r/tristanamains threads=50 (<1y: 2, with comments: 0) requests now=0 -> data/reddit/Tristana.json
Trundle: r/trundlemains threads=56 (<1y: 9, with comments: 0) requests now=0 -> data/reddit/Trundle.json
Tryndamere: r/tryndameremains threads=94 (<1y: 49, with comments: 0) requests now=0 -> data/reddit/Tryndamere.json
Twisted Fate: r/twistedfatemains threads=73 (<1y: 26, with comments: 0) requests now=0 -> data/reddit/TwistedFate.json
Twitch: r/twitchmains threads=55 (<1y: 9, with comments: 0) requests now=0 -> data/reddit/Twitch.json
Udyr: r/udyrmains threads=63 (<1y: 20, with comments: 0) requests now=0 -> data/reddit/Udyr.json
Urgot: r/urgotmains threads=97 (<1y: 47, with comments: 0) requests now=0 -> data/reddit/Urgot.json
Varus: r/varusmains threads=55 (<1y: 8, with comments: 0) requests now=0 -> data/reddit/Varus.json
Vayne: r/vaynemains threads=74 (<1y: 28, with comments: 0) requests now=0 -> data/reddit/Vayne.json
Veigar: r/veigarmains threads=60 (<1y: 21, with comments: 0) requests now=0 -> data/reddit/Veigar.json
Vel'Koz: r/velkozmains threads=1 (<1y: 0, with comments: 0) requests now=0 -> data/reddit/VelKoz.json
Vex: r/vexmains threads=63 (<1y: 21, with comments: 0) requests now=0 -> data/reddit/Vex.json
Vi: r/vimains threads=58 (<1y: 15, with comments: 0) requests now=0 -> data/reddit/Vi.json
Viego: r/viegomains threads=70 (<1y: 29, with comments: 0) requests now=0 -> data/reddit/Viego.json
Viktor: r/viktormains threads=50 (<1y: 3, with comments: 0) requests now=0 -> data/reddit/Viktor.json
Vladimir: r/vladimirmains threads=50 (<1y: 4, with comments: 0) requests now=0 -> data/reddit/Vladimir.json
Volibear: r/volibearmains threads=89 (<1y: 44, with comments: 0) requests now=0 -> data/reddit/Volibear.json
Warwick: r/warwickmains threads=63 (<1y: 16, with comments: 0) requests now=0 -> data/reddit/Warwick.json
Wukong: r/wukongmains threads=72 (<1y: 22, with comments: 0) requests now=0 -> data/reddit/Wukong.json
Xayah: r/xayahmains threads=54 (<1y: 6, with comments: 0) requests now=0 -> data/reddit/Xayah.json
Xerath: r/xerathmains threads=57 (<1y: 12, with comments: 0) requests now=0 -> data/reddit/Xerath.json
Xin Zhao: r/xinzhaomains threads=57 (<1y: 18, with comments: 0) requests now=0 -> data/reddit/XinZhao.json
Yasuo: r/yasuomains threads=95 (<1y: 50, with comments: 0) requests now=0 -> data/reddit/Yasuo.json
Yone: r/yonemains threads=90 (<1y: 49, with comments: 0) requests now=0 -> data/reddit/Yone.json
Yorick: r/yorickmains threads=93 (<1y: 50, with comments: 0) requests now=0 -> data/reddit/Yorick.json
Yunara: r/yunaramains threads=31 (<1y: 13, with comments: 0) requests now=0 -> data/reddit/Yunara.json
Yuumi: r/yuumimains threads=52 (<1y: 7, with comments: 0) requests now=0 -> data/reddit/Yuumi.json
Zaahen: r/zaahenmains threads=51 (<1y: 51, with comments: 0) requests now=0 -> data/reddit/Zaahen.json
Zac: r/zacmains no threads, trying r/zac
Zac: r/zac is blocked (HTTP 403/404: private, banned or nonexistent subreddit); delete Zac.json to retry
Zac: r/zac threads=0 (<1y: 0, with comments: 0) requests now=2 -> data/reddit/Zac.json
Zed: r/zedmains threads=83 (<1y: 37, with comments: 0) requests now=0 -> data/reddit/Zed.json
Zeri: r/zerimains threads=67 (<1y: 30, with comments: 0) requests now=0 -> data/reddit/Zeri.json
Ziggs: r/ziggsmains threads=50 (<1y: 2, with comments: 0) requests now=0 -> data/reddit/Ziggs.json
Zilean: r/zileanmains threads=54 (<1y: 9, with comments: 0) requests now=0 -> data/reddit/Zilean.json
Zoe: r/zoemains threads=80 (<1y: 32, with comments: 0) requests now=0 -> data/reddit/Zoe.json
Zyra: r/zyramains threads=54 (<1y: 7, with comments: 0) requests now=0 -> data/reddit/Zyra.json
2026-10-09 17:29:31 reddit: done, 173 champion files in data/reddit
9093 champion/opponent pairs from 173 files -> data/reddit_tips.csv
2026-10-09 17:30:40 tips: data/reddit_tips.csv rebuilt
tips written for 154 of 157 matchup rows
2026-10-09 17:30:40 tips: Reddit columns written to midlane_overview.xlsx
tips written for 584 of 768 matchup rows
2026-10-09 17:30:41 tips: Reddit columns written to roles/bot.xlsx
tips written for 832 of 1328 matchup rows
2026-10-09 17:30:41 tips: Reddit columns written to roles/jungle.xlsx
tips written for 832 of 1090 matchup rows
2026-10-09 17:30:42 tips: Reddit columns written to roles/support.xlsx
tips written for 1369 of 1505 matchup rows
2026-10-09 17:30:43 tips: Reddit columns written to roles/top.xlsx
2026-10-09 17:30:43 finished (reddit)
2026-10-09 17:56:49 champion list: midlane_overview.xlsx
2026-10-09 17:56:50 reddit: fetching matchup threads for 2 arg(s) (172 champions), 60s between requests (resumable)
Aatrox: r/aatroxmains threads=95 (<1y: 48, with comments: 0) requests now=0 -> data/reddit/Aatrox.json
Ahri: r/ahrimains threads=75 (<1y: 29, with comments: 0) requests now=0 -> data/reddit/Ahri.json
Akali: r/akalimains threads=92 (<1y: 44, with comments: 0) requests now=0 -> data/reddit/Akali.json
Akshan: r/akshanmains threads=78 (<1y: 38, with comments: 0) requests now=0 -> data/reddit/Akshan.json
Alistar: r/alistarmains threads=50 (<1y: 3, with comments: 0) requests now=0 -> data/reddit/Alistar.json
Ambessa: r/ambessamains threads=79 (<1y: 50, with comments: 0) requests now=0 -> data/reddit/Ambessa.json
Amumu: r/amumumains threads=22 (<1y: 1, with comments: 0) requests now=0 -> data/reddit/Amumu.json
Anivia: r/aniviamains threads=71 (<1y: 21, with comments: 0) requests now=0 -> data/reddit/Anivia.json
Annie: r/anniemains threads=52 (<1y: 2, with comments: 0) requests now=0 -> data/reddit/Annie.json
Aphelios: r/apheliosmains threads=62 (<1y: 19, with comments: 0) requests now=0 -> data/reddit/Aphelios.json
Ashe: r/ashemains threads=58 (<1y: 11, with comments: 0) requests now=0 -> data/reddit/Ashe.json
Aurelion Sol: r/Aurelion_Sol_mains threads=93 (<1y: 44, with comments: 0) requests now=0 -> data/reddit/AurelionSol.json
Azir: r/azirmains threads=87 (<1y: 50, with comments: 0) requests now=0 -> data/reddit/Azir.json
Bard: r/bardmains threads=58 (<1y: 11, with comments: 0) requests now=0 -> data/reddit/Bard.json
Bel'Veth: r/belvethmains threads=55 (<1y: 29, with comments: 0) requests now=0 -> data/reddit/BelVeth.json
Blitzcrank: r/blitzcrankmains threads=31 (<1y: 1, with comments: 0) requests now=0 -> data/reddit/Blitzcrank.json
Brand: r/brandmains threads=52 (<1y: 5, with comments: 0) requests now=0 -> data/reddit/Brand.json
Braum: r/braummains threads=41 (<1y: 4, with comments: 0) requests now=0 -> data/reddit/Braum.json
Briar: r/briarmains threads=78 (<1y: 40, with comments: 0) requests now=0 -> data/reddit/Briar.json
Caitlyn: r/caitlynmains threads=53 (<1y: 8, with comments: 0) requests now=0 -> data/reddit/Caitlyn.json
Camille: r/camillemains threads=92 (<1y: 48, with comments: 0) requests now=0 -> data/reddit/Camille.json
Cassiopeia: r/cassiopeiamains threads=63 (<1y: 16, with comments: 0) requests now=0 -> data/reddit/Cassiopeia.json
Cho'Gath: r/chogathmains threads=75 (<1y: 27, with comments: 0) requests now=0 -> data/reddit/ChoGath.json
Corki: r/corkimains threads=52 (<1y: 2, with comments: 0) requests now=0 -> data/reddit/Corki.json
Darius: r/dariusmains threads=97 (<1y: 50, with comments: 0) requests now=0 -> data/reddit/Darius.json
Diana: r/dianamains threads=69 (<1y: 23, with comments: 0) requests now=0 -> data/reddit/Diana.json
Draven: r/dravenmains threads=18 (<1y: 6, with comments: 0) requests now=0 -> data/reddit/Draven.json
Dr. Mundo: r/drmundomains threads=85 (<1y: 41, with comments: 0) requests now=0 -> data/reddit/DrMundo.json
Ekko: r/ekkomains threads=81 (<1y: 34, with comments: 0) requests now=0 -> data/reddit/Ekko.json
Elise: r/elisemains threads=51 (<1y: 1, with comments: 0) requests now=0 -> data/reddit/Elise.json
Evelynn: r/evelynnmains threads=54 (<1y: 8, with comments: 0) requests now=0 -> data/reddit/Evelynn.json
Ezreal: r/ezrealmains threads=56 (<1y: 7, with comments: 0) requests now=0 -> data/reddit/Ezreal.json
Fiddlesticks: r/fiddlesticksmains threads=57 (<1y: 15, with comments: 0) requests now=0 -> data/reddit/Fiddlesticks.json
Fiora: r/fioramains threads=98 (<1y: 50, with comments: 0) requests now=0 -> data/reddit/Fiora.json
Fizz: r/fizzmains threads=67 (<1y: 20, with comments: 0) requests now=0 -> data/reddit/Fizz.json
Galio: r/galiomains threads=73 (<1y: 30, with comments: 0) requests now=0 -> data/reddit/Galio.json
Gangplank: r/gangplankmains threads=99 (<1y: 50, with comments: 0) requests now=0 -> data/reddit/Gangplank.json
Garen: r/garenmains threads=90 (<1y: 50, with comments: 0) requests now=0 -> data/reddit/Garen.json
Gnar: r/gnarmains threads=58 (<1y: 17, with comments: 0) requests now=0 -> data/reddit/Gnar.json
Gragas: r/gragasmains threads=68 (<1y: 23, with comments: 0) requests now=0 -> data/reddit/Gragas.json
Graves: r/gravesmains threads=63 (<1y: 16, with comments: 0) requests now=0 -> data/reddit/Graves.json
Gwen: r/gwenmains threads=82 (<1y: 50, with comments: 0) requests now=0 -> data/reddit/Gwen.json
Hecarim: r/hecarimmains threads=54 (<1y: 8, with comments: 0) requests now=0 -> data/reddit/Hecarim.json
Heimerdinger: r/heimerdingermains threads=64 (<1y: 16, with comments: 0) requests now=0 -> data/reddit/Heimerdinger.json
Hwei: r/hweimains threads=66 (<1y: 27, with comments: 0) requests now=0 -> data/reddit/Hwei.json
Illaoi: r/illaoimains threads=19 (<1y: 0, with comments: 0) requests now=0 -> data/reddit/Illaoi.json
Irelia: r/ireliamains threads=95 (<1y: 50, with comments: 0) requests now=0 -> data/reddit/Irelia.json
Ivern: r/ivernmains threads=51 (<1y: 8, with comments: 0) requests now=0 -> data/reddit/Ivern.json
Janna: r/janna threads=55 (<1y: 10, with comments: 0) requests now=0 -> data/reddit/Janna.json
Jarvan IV: r/jarvanivmains threads=50 (<1y: 2, with comments: 0) requests now=0 -> data/reddit/JarvanIV.json
Jax: r/jaxmains threads=99 (<1y: 50, with comments: 0) requests now=0 -> data/reddit/Jax.json
Jayce: r/jaycemains threads=100 (<1y: 50, with comments: 0) requests now=0 -> data/reddit/Jayce.json
Jhin: r/jhinmains threads=59 (<1y: 14, with comments: 0) requests now=0 -> data/reddit/Jhin.json
    HTTP 403 for https://www.reddit.com/r/jinxmains/search.rss?q=matchup&restrict_sr=on&sort=top&t=all&limit=50
Jinx: r/jinxmains blocked, trying r/jinx
Jinx: r/jinx is blocked (HTTP 403/404: private, banned or nonexistent subreddit); delete Jinx.json to retry
Jinx: r/jinx threads=0 (<1y: 0, with comments: 0) requests now=0 -> data/reddit/Jinx.json
Kai'Sa: r/kaisamains threads=61 (<1y: 17, with comments: 0) requests now=0 -> data/reddit/KaiSa.json
Kalista: r/kalistamains threads=55 (<1y: 16, with comments: 0) requests now=0 -> data/reddit/Kalista.json
Karma: r/karmamains threads=53 (<1y: 7, with comments: 0) requests now=0 -> data/reddit/Karma.json
Karthus: r/karthusmains threads=52 (<1y: 5, with comments: 0) requests now=0 -> data/reddit/Karthus.json
Kassadin: r/kassadinmains threads=93 (<1y: 50, with comments: 0) requests now=0 -> data/reddit/Kassadin.json
Katarina: r/katarinamains threads=99 (<1y: 50, with comments: 0) requests now=0 -> data/reddit/Katarina.json
Kayle: r/kaylemains threads=95 (<1y: 50, with comments: 0) requests now=0 -> data/reddit/Kayle.json
Kayn: r/kaynmains threads=69 (<1y: 26, with comments: 0) requests now=0 -> data/reddit/Kayn.json
Kennen: r/kennenmains threads=58 (<1y: 12, with comments: 0) requests now=0 -> data/reddit/Kennen.json
Kha'Zix: r/khazixmains threads=58 (<1y: 10, with comments: 0) requests now=0 -> data/reddit/KhaZix.json
Kindred: r/kindredmains threads=53 (<1y: 5, with comments: 0) requests now=0 -> data/reddit/Kindred.json
Kled: r/kledmains threads=84 (<1y: 44, with comments: 0) requests now=0 -> data/reddit/Kled.json
Kog'Maw: r/kogmawmains threads=53 (<1y: 14, with comments: 0) requests now=0 -> data/reddit/KogMaw.json
K'Sante: r/ksantemains threads=85 (<1y: 42, with comments: 0) requests now=0 -> data/reddit/KSante.json
LeBlanc: r/leblancmains threads=85 (<1y: 40, with comments: 0) requests now=0 -> data/reddit/LeBlanc.json
Lee Sin: r/leesinmains threads=54 (<1y: 7, with comments: 0) requests now=0 -> data/reddit/LeeSin.json
Leona: r/leonamains threads=52 (<1y: 3, with comments: 0) requests now=0 -> data/reddit/Leona.json
Lillia: r/lilliamains threads=64 (<1y: 18, with comments: 0) requests now=0 -> data/reddit/Lillia.json
Lissandra: r/lissandramains threads=63 (<1y: 18, with comments: 0) requests now=0 -> data/reddit/Lissandra.json
Locke: r/lockemains threads=1 (<1y: 1, with comments: 0) requests now=0 -> data/reddit/Locke.json
Lucian: r/lucianmains threads=52 (<1y: 5, with comments: 0) requests now=0 -> data/reddit/Lucian.json
Lulu: r/lulumains threads=51 (<1y: 1, with comments: 0) requests now=0 -> data/reddit/Lulu.json
Lux: r/lux threads=60 (<1y: 12, with comments: 0) requests now=0 -> data/reddit/Lux.json
Malphite: r/malphitemains threads=60 (<1y: 13, with comments: 0) requests now=0 -> data/reddit/Malphite.json
Malzahar: r/malzaharmains threads=66 (<1y: 20, with comments: 0) requests now=0 -> data/reddit/Malzahar.json
Maokai: r/maokaimains threads=57 (<1y: 9, with comments: 0) requests now=0 -> data/reddit/Maokai.json
Master Yi: r/masteryimains threads=9 (<1y: 0, with comments: 0) requests now=0 -> data/reddit/MasterYi.json
Mel: r/melmains threads=28 (<1y: 10, with comments: 0) requests now=0 -> data/reddit/Mel.json
Milio: r/miliomains threads=20 (<1y: 5, with comments: 0) requests now=0 -> data/reddit/Milio.json
Miss Fortune: r/missfortunemains threads=51 (<1y: 6, with comments: 0) requests now=0 -> data/reddit/MissFortune.json
Mordekaiser: r/mordekaisermains threads=89 (<1y: 50, with comments: 0) requests now=0 -> data/reddit/Mordekaiser.json
Morgana: r/morganamains threads=52 (<1y: 11, with comments: 0) requests now=0 -> data/reddit/Morgana.json
Naafiri: r/naafirimains threads=65 (<1y: 25, with comments: 0) requests now=0 -> data/reddit/Naafiri.json
Nami: r/namimains threads=51 (<1y: 3, with comments: 0) requests now=0 -> data/reddit/Nami.json
Nasus: r/nasusmains threads=97 (<1y: 50, with comments: 0) requests now=0 -> data/reddit/Nasus.json
Nautilus: r/nautilusmains threads=51 (<1y: 2, with comments: 0) requests now=0 -> data/reddit/Nautilus.json
Neeko: r/neekomains threads=54 (<1y: 10, with comments: 0) requests now=0 -> data/reddit/Neeko.json
Nidalee: r/nidaleemains threads=54 (<1y: 6, with comments: 0) requests now=0 -> data/reddit/Nidalee.json
Nilah: r/nilahmains threads=50 (<1y: 12, with comments: 0) requests now=0 -> data/reddit/Nilah.json
Nocturne: r/nocturnemains threads=54 (<1y: 6, with comments: 0) requests now=0 -> data/reddit/Nocturne.json
Nunu & Willump: r/nunumains threads=47 (<1y: 6, with comments: 0) requests now=0 -> data/reddit/NunuWillump.json
Olaf: r/olafmains threads=73 (<1y: 35, with comments: 0) requests now=0 -> data/reddit/Olaf.json
Orianna: r/oriannamains threads=64 (<1y: 17, with comments: 0) requests now=0 -> data/reddit/Orianna.json
Ornn: r/ornnmains threads=80 (<1y: 36, with comments: 0) requests now=0 -> data/reddit/Ornn.json
Pantheon: r/pantheonmains threads=87 (<1y: 40, with comments: 0) requests now=0 -> data/reddit/Pantheon.json
Poppy: r/poppymains threads=65 (<1y: 21, with comments: 0) requests now=0 -> data/reddit/Poppy.json
Pyke: r/pykemains threads=54 (<1y: 8, with comments: 0) requests now=0 -> data/reddit/Pyke.json
Qiyana: r/qiyanamains threads=92 (<1y: 50, with comments: 0) requests now=0 -> data/reddit/Qiyana.json
Quinn: r/quinnmains threads=83 (<1y: 38, with comments: 0) requests now=0 -> data/reddit/Quinn.json
Rakan: r/rakanmains threads=53 (<1y: 7, with comments: 0) requests now=0 -> data/reddit/Rakan.json
Rammus: r/rammusmains threads=48 (<1y: 1, with comments: 0) requests now=0 -> data/reddit/Rammus.json
Rek'Sai: r/reksaimains threads=63 (<1y: 18, with comments: 0) requests now=0 -> data/reddit/RekSai.json
Rell: r/rellmains threads=51 (<1y: 4, with comments: 0) requests now=0 -> data/reddit/Rell.json
Renata Glasc: r/renatamains threads=34 (<1y: 8, with comments: 0) requests now=0 -> data/reddit/RenataGlasc.json
Renekton: r/renektonmains threads=92 (<1y: 50, with comments: 0) requests now=0 -> data/reddit/Renekton.json
Rengar: r/rengarmains threads=88 (<1y: 41, with comments: 0) requests now=0 -> data/reddit/Rengar.json
Riven: r/rivenmains threads=98 (<1y: 50, with comments: 0) requests now=0 -> data/reddit/Riven.json
Rumble: r/rumblemains threads=62 (<1y: 14, with comments: 0) requests now=0 -> data/reddit/Rumble.json
Ryze: r/ryzemains threads=94 (<1y: 44, with comments: 0) requests now=0 -> data/reddit/Ryze.json
Samira: r/samiramains threads=59 (<1y: 12, with comments: 0) requests now=0 -> data/reddit/Samira.json
Sejuani: r/sejuanimains threads=51 (<1y: 16, with comments: 0) requests now=0 -> data/reddit/Sejuani.json
Senna: r/sennamains threads=67 (<1y: 19, with comments: 0) requests now=0 -> data/reddit/Senna.json
Seraphine: r/seraphinemains threads=57 (<1y: 12, with comments: 0) requests now=0 -> data/reddit/Seraphine.json
Sett: r/settmains threads=98 (<1y: 50, with comments: 0) requests now=0 -> data/reddit/Sett.json
Shaco: r/shacomains threads=62 (<1y: 18, with comments: 0) requests now=0 -> data/reddit/Shaco.json
Shen: r/shen threads=90 (<1y: 41, with comments: 0) requests now=0 -> data/reddit/Shen.json
Shyvana: r/shyvanamains threads=70 (<1y: 38, with comments: 0) requests now=0 -> data/reddit/Shyvana.json
Singed: r/singedmains threads=94 (<1y: 50, with comments: 0) requests now=0 -> data/reddit/Singed.json
Sion: r/dirtysionmains threads=83 (<1y: 35, with comments: 0) requests now=0 -> data/reddit/Sion.json
Sivir: r/sivir threads=51 (<1y: 3, with comments: 0) requests now=0 -> data/reddit/Sivir.json
Skarner: r/skarnermains threads=57 (<1y: 15, with comments: 0) requests now=0 -> data/reddit/Skarner.json
Smolder: r/smoldermains threads=56 (<1y: 26, with comments: 0) requests now=0 -> data/reddit/Smolder.json
Sona: r/sonamains threads=59 (<1y: 11, with comments: 0) requests now=0 -> data/reddit/Sona.json
Soraka: r/sorakamains threads=53 (<1y: 8, with comments: 0) requests now=0 -> data/reddit/Soraka.json
Swain: r/swainmains threads=91 (<1y: 46, with comments: 0) requests now=0 -> data/reddit/Swain.json
Sylas: r/sylasmains threads=74 (<1y: 26, with comments: 0) requests now=0 -> data/reddit/Sylas.json
Syndra: r/syndramains threads=77 (<1y: 30, with comments: 0) requests now=0 -> data/reddit/Syndra.json
Tahm Kench: r/tahmkenchmains threads=69 (<1y: 28, with comments: 0) requests now=0 -> data/reddit/TahmKench.json
Taliyah: r/taliyahmains threads=8 (<1y: 8, with comments: 0) requests now=0 -> data/reddit/Taliyah.json
Talon: r/talonmains threads=63 (<1y: 14, with comments: 0) requests now=0 -> data/reddit/Talon.json
Taric: r/taricmains threads=53 (<1y: 9, with comments: 0) requests now=0 -> data/reddit/Taric.json
Teemo: r/teemotalk threads=80 (<1y: 33, with comments: 0) requests now=0 -> data/reddit/Teemo.json
Thresh: r/threshmains threads=55 (<1y: 8, with comments: 0) requests now=0 -> data/reddit/Thresh.json
Tristana: r/tristanamains threads=50 (<1y: 2, with comments: 0) requests now=0 -> data/reddit/Tristana.json
Trundle: r/trundlemains threads=56 (<1y: 9, with comments: 0) requests now=0 -> data/reddit/Trundle.json
Tryndamere: r/tryndameremains threads=94 (<1y: 49, with comments: 0) requests now=0 -> data/reddit/Tryndamere.json
Twisted Fate: r/twistedfatemains threads=73 (<1y: 26, with comments: 0) requests now=0 -> data/reddit/TwistedFate.json
Twitch: r/twitchmains threads=55 (<1y: 9, with comments: 0) requests now=0 -> data/reddit/Twitch.json
Udyr: r/udyrmains threads=63 (<1y: 20, with comments: 0) requests now=0 -> data/reddit/Udyr.json
Urgot: r/urgotmains threads=97 (<1y: 47, with comments: 0) requests now=0 -> data/reddit/Urgot.json
Varus: r/varusmains threads=55 (<1y: 8, with comments: 0) requests now=0 -> data/reddit/Varus.json
Vayne: r/vaynemains threads=74 (<1y: 28, with comments: 0) requests now=0 -> data/reddit/Vayne.json
Veigar: r/veigarmains threads=60 (<1y: 21, with comments: 0) requests now=0 -> data/reddit/Veigar.json
Vel'Koz: r/velkozmains threads=1 (<1y: 0, with comments: 0) requests now=0 -> data/reddit/VelKoz.json
Vex: r/vexmains threads=63 (<1y: 21, with comments: 0) requests now=0 -> data/reddit/Vex.json
Vi: r/vimains threads=58 (<1y: 15, with comments: 0) requests now=0 -> data/reddit/Vi.json
Viego: r/viegomains threads=70 (<1y: 29, with comments: 0) requests now=0 -> data/reddit/Viego.json
Viktor: r/viktormains threads=50 (<1y: 3, with comments: 0) requests now=0 -> data/reddit/Viktor.json
Vladimir: r/vladimirmains threads=50 (<1y: 4, with comments: 0) requests now=0 -> data/reddit/Vladimir.json
Volibear: r/volibearmains threads=89 (<1y: 44, with comments: 0) requests now=0 -> data/reddit/Volibear.json
Warwick: r/warwickmains threads=63 (<1y: 16, with comments: 0) requests now=0 -> data/reddit/Warwick.json
Wukong: r/wukongmains threads=72 (<1y: 22, with comments: 0) requests now=0 -> data/reddit/Wukong.json
Xayah: r/xayahmains threads=54 (<1y: 6, with comments: 0) requests now=0 -> data/reddit/Xayah.json
Xerath: r/xerathmains threads=57 (<1y: 12, with comments: 0) requests now=0 -> data/reddit/Xerath.json
Xin Zhao: r/xinzhaomains threads=57 (<1y: 18, with comments: 0) requests now=0 -> data/reddit/XinZhao.json
Yasuo: r/yasuomains threads=95 (<1y: 50, with comments: 0) requests now=0 -> data/reddit/Yasuo.json
Yone: r/yonemains threads=90 (<1y: 49, with comments: 0) requests now=0 -> data/reddit/Yone.json
Yorick: r/yorickmains threads=93 (<1y: 50, with comments: 0) requests now=0 -> data/reddit/Yorick.json
Yunara: r/yunaramains threads=31 (<1y: 13, with comments: 0) requests now=0 -> data/reddit/Yunara.json
Yuumi: r/yuumimains threads=52 (<1y: 7, with comments: 0) requests now=0 -> data/reddit/Yuumi.json
Zaahen: r/zaahenmains threads=51 (<1y: 51, with comments: 0) requests now=0 -> data/reddit/Zaahen.json
Zac: r/zacmains no threads, trying r/zac
Zac: r/zac is blocked (HTTP 403/404: private, banned or nonexistent subreddit); delete Zac.json to retry
Zac: r/zac threads=0 (<1y: 0, with comments: 0) requests now=2 -> data/reddit/Zac.json
Zed: r/zedmains threads=83 (<1y: 37, with comments: 0) requests now=0 -> data/reddit/Zed.json
Zeri: r/zerimains threads=67 (<1y: 30, with comments: 0) requests now=0 -> data/reddit/Zeri.json
Ziggs: r/ziggsmains threads=50 (<1y: 2, with comments: 0) requests now=0 -> data/reddit/Ziggs.json
Zilean: r/zileanmains threads=54 (<1y: 9, with comments: 0) requests now=0 -> data/reddit/Zilean.json
Zoe: r/zoemains threads=80 (<1y: 32, with comments: 0) requests now=0 -> data/reddit/Zoe.json
Zyra: r/zyramains threads=54 (<1y: 7, with comments: 0) requests now=0 -> data/reddit/Zyra.json
2026-10-09 17:59:56 reddit: done, 173 champion files in data/reddit
9093 champion/opponent pairs from 173 files -> data/reddit_tips.csv
2026-10-09 18:01:04 tips: data/reddit_tips.csv rebuilt
tips written for 154 of 157 matchup rows
2026-10-09 18:01:04 tips: Reddit columns written to midlane_overview.xlsx
tips written for 584 of 768 matchup rows
2026-10-09 18:01:05 tips: Reddit columns written to roles/bot.xlsx
tips written for 832 of 1328 matchup rows
2026-10-09 18:01:06 tips: Reddit columns written to roles/jungle.xlsx
tips written for 832 of 1090 matchup rows
2026-10-09 18:01:06 tips: Reddit columns written to roles/support.xlsx
tips written for 1369 of 1505 matchup rows
2026-10-09 18:01:07 tips: Reddit columns written to roles/top.xlsx
2026-10-09 18:01:07 finished (reddit)
2026-10-09 18:11:43 champion list: midlane_overview.xlsx
9093 champion/opponent pairs from 173 files -> data/reddit_tips.csv
2026-10-09 18:13:04 tips: data/reddit_tips.csv rebuilt
tips written for 154 of 157 matchup rows
2026-10-09 18:13:05 tips: Reddit columns written to midlane_overview.xlsx
tips written for 686 of 944 matchup rows
2026-10-09 18:13:05 tips: Reddit columns written to roles/bot.xlsx
tips written for 1091 of 1811 matchup rows
2026-10-09 18:13:06 tips: Reddit columns written to roles/jungle.xlsx
tips written for 980 of 1369 matchup rows
2026-10-09 18:13:07 tips: Reddit columns written to roles/support.xlsx
tips written for 1742 of 1970 matchup rows
2026-10-09 18:13:08 tips: Reddit columns written to roles/top.xlsx
2026-10-09 18:13:08 finished (tips)
2026-10-09 18:32:07 champion list: midlane_overview.xlsx
2026-10-09 18:32:07 reddit: fetching matchup threads for 2 arg(s) (173 champions), 60s between requests (resumable)
Aatrox: r/aatroxmains threads=95 (<1y: 48, with comments: 0) requests now=0 -> data/reddit/Aatrox.json
Ahri: r/ahrimains threads=75 (<1y: 29, with comments: 0) requests now=0 -> data/reddit/Ahri.json
Akali: r/akalimains threads=92 (<1y: 44, with comments: 0) requests now=0 -> data/reddit/Akali.json
Akshan: r/akshanmains threads=78 (<1y: 38, with comments: 0) requests now=0 -> data/reddit/Akshan.json
Alistar: r/alistarmains threads=50 (<1y: 3, with comments: 0) requests now=0 -> data/reddit/Alistar.json
Ambessa: r/ambessamains threads=79 (<1y: 50, with comments: 0) requests now=0 -> data/reddit/Ambessa.json
Amumu: r/amumumains threads=22 (<1y: 1, with comments: 0) requests now=0 -> data/reddit/Amumu.json
Anivia: r/aniviamains threads=71 (<1y: 21, with comments: 0) requests now=0 -> data/reddit/Anivia.json
Annie: r/anniemains threads=52 (<1y: 2, with comments: 0) requests now=0 -> data/reddit/Annie.json
Aphelios: r/apheliosmains threads=62 (<1y: 19, with comments: 0) requests now=0 -> data/reddit/Aphelios.json
Ashe: r/ashemains threads=58 (<1y: 11, with comments: 0) requests now=0 -> data/reddit/Ashe.json
Aurelion Sol: r/Aurelion_Sol_mains threads=93 (<1y: 44, with comments: 0) requests now=0 -> data/reddit/AurelionSol.json
Aurora: r/auroramains threads=61 (<1y: 28, with comments: 0) requests now=0 -> data/reddit/Aurora.json
Azir: r/azirmains threads=87 (<1y: 50, with comments: 0) requests now=0 -> data/reddit/Azir.json
Bard: r/bardmains threads=58 (<1y: 11, with comments: 0) requests now=0 -> data/reddit/Bard.json
Bel'Veth: r/belvethmains threads=55 (<1y: 29, with comments: 0) requests now=0 -> data/reddit/BelVeth.json
Blitzcrank: r/blitzcrankmains threads=31 (<1y: 1, with comments: 0) requests now=0 -> data/reddit/Blitzcrank.json
Brand: r/brandmains threads=52 (<1y: 5, with comments: 0) requests now=0 -> data/reddit/Brand.json
Braum: r/braummains threads=41 (<1y: 4, with comments: 0) requests now=0 -> data/reddit/Braum.json
Briar: r/briarmains threads=78 (<1y: 40, with comments: 0) requests now=0 -> data/reddit/Briar.json
Caitlyn: r/caitlynmains threads=53 (<1y: 8, with comments: 0) requests now=0 -> data/reddit/Caitlyn.json
Camille: r/camillemains threads=92 (<1y: 48, with comments: 0) requests now=0 -> data/reddit/Camille.json
Cassiopeia: r/cassiopeiamains threads=63 (<1y: 16, with comments: 0) requests now=0 -> data/reddit/Cassiopeia.json
Cho'Gath: r/chogathmains threads=75 (<1y: 27, with comments: 0) requests now=0 -> data/reddit/ChoGath.json
Corki: r/corkimains threads=52 (<1y: 2, with comments: 0) requests now=0 -> data/reddit/Corki.json
Darius: r/dariusmains threads=97 (<1y: 50, with comments: 0) requests now=0 -> data/reddit/Darius.json
Diana: r/dianamains threads=69 (<1y: 23, with comments: 0) requests now=0 -> data/reddit/Diana.json
Draven: r/dravenmains threads=18 (<1y: 6, with comments: 0) requests now=0 -> data/reddit/Draven.json
Dr. Mundo: r/drmundomains threads=85 (<1y: 41, with comments: 0) requests now=0 -> data/reddit/DrMundo.json
Ekko: r/ekkomains threads=81 (<1y: 34, with comments: 0) requests now=0 -> data/reddit/Ekko.json
Elise: r/elisemains threads=51 (<1y: 1, with comments: 0) requests now=0 -> data/reddit/Elise.json
Evelynn: r/evelynnmains threads=54 (<1y: 8, with comments: 0) requests now=0 -> data/reddit/Evelynn.json
Ezreal: r/ezrealmains threads=56 (<1y: 7, with comments: 0) requests now=0 -> data/reddit/Ezreal.json
Fiddlesticks: r/fiddlesticksmains threads=57 (<1y: 15, with comments: 0) requests now=0 -> data/reddit/Fiddlesticks.json
Fiora: r/fioramains threads=98 (<1y: 50, with comments: 0) requests now=0 -> data/reddit/Fiora.json
Fizz: r/fizzmains threads=67 (<1y: 20, with comments: 0) requests now=0 -> data/reddit/Fizz.json
Galio: r/galiomains threads=73 (<1y: 30, with comments: 0) requests now=0 -> data/reddit/Galio.json
Gangplank: r/gangplankmains threads=99 (<1y: 50, with comments: 0) requests now=0 -> data/reddit/Gangplank.json
Garen: r/garenmains threads=90 (<1y: 50, with comments: 0) requests now=0 -> data/reddit/Garen.json
Gnar: r/gnarmains threads=58 (<1y: 17, with comments: 0) requests now=0 -> data/reddit/Gnar.json
Gragas: r/gragasmains threads=68 (<1y: 23, with comments: 0) requests now=0 -> data/reddit/Gragas.json
Graves: r/gravesmains threads=63 (<1y: 16, with comments: 0) requests now=0 -> data/reddit/Graves.json
Gwen: r/gwenmains threads=82 (<1y: 50, with comments: 0) requests now=0 -> data/reddit/Gwen.json
Hecarim: r/hecarimmains threads=54 (<1y: 8, with comments: 0) requests now=0 -> data/reddit/Hecarim.json
Heimerdinger: r/heimerdingermains threads=64 (<1y: 16, with comments: 0) requests now=0 -> data/reddit/Heimerdinger.json
Hwei: r/hweimains threads=66 (<1y: 27, with comments: 0) requests now=0 -> data/reddit/Hwei.json
Illaoi: r/illaoimains threads=19 (<1y: 0, with comments: 0) requests now=0 -> data/reddit/Illaoi.json
Irelia: r/ireliamains threads=95 (<1y: 50, with comments: 0) requests now=0 -> data/reddit/Irelia.json
Ivern: r/ivernmains threads=51 (<1y: 8, with comments: 0) requests now=0 -> data/reddit/Ivern.json
Janna: r/janna threads=55 (<1y: 10, with comments: 0) requests now=0 -> data/reddit/Janna.json
Jarvan IV: r/jarvanivmains threads=50 (<1y: 2, with comments: 0) requests now=0 -> data/reddit/JarvanIV.json
Jax: r/jaxmains threads=99 (<1y: 50, with comments: 0) requests now=0 -> data/reddit/Jax.json
Jayce: r/jaycemains threads=100 (<1y: 50, with comments: 0) requests now=0 -> data/reddit/Jayce.json
Jhin: r/jhinmains threads=59 (<1y: 14, with comments: 0) requests now=0 -> data/reddit/Jhin.json
Jinx: r/leagueofjinx threads=54 (<1y: 9, with comments: 0) requests now=2 -> data/reddit/Jinx.json
Kai'Sa: r/kaisamains threads=61 (<1y: 17, with comments: 0) requests now=0 -> data/reddit/KaiSa.json
Kalista: r/kalistamains threads=55 (<1y: 16, with comments: 0) requests now=0 -> data/reddit/Kalista.json
Karma: r/karmamains threads=53 (<1y: 7, with comments: 0) requests now=0 -> data/reddit/Karma.json
Karthus: r/karthusmains threads=52 (<1y: 5, with comments: 0) requests now=0 -> data/reddit/Karthus.json
Kassadin: r/kassadinmains threads=93 (<1y: 50, with comments: 0) requests now=0 -> data/reddit/Kassadin.json
Katarina: r/katarinamains threads=99 (<1y: 50, with comments: 0) requests now=0 -> data/reddit/Katarina.json
Kayle: r/kaylemains threads=95 (<1y: 50, with comments: 0) requests now=0 -> data/reddit/Kayle.json
Kayn: r/kaynmains threads=69 (<1y: 26, with comments: 0) requests now=0 -> data/reddit/Kayn.json
Kennen: r/kennenmains threads=58 (<1y: 12, with comments: 0) requests now=0 -> data/reddit/Kennen.json
Kha'Zix: r/khazixmains threads=58 (<1y: 10, with comments: 0) requests now=0 -> data/reddit/KhaZix.json
Kindred: r/kindredmains threads=53 (<1y: 5, with comments: 0) requests now=0 -> data/reddit/Kindred.json
Kled: r/kledmains threads=84 (<1y: 44, with comments: 0) requests now=0 -> data/reddit/Kled.json
Kog'Maw: r/kogmawmains threads=53 (<1y: 14, with comments: 0) requests now=0 -> data/reddit/KogMaw.json
K'Sante: r/ksantemains threads=85 (<1y: 42, with comments: 0) requests now=0 -> data/reddit/KSante.json
LeBlanc: r/leblancmains threads=85 (<1y: 40, with comments: 0) requests now=0 -> data/reddit/LeBlanc.json
Lee Sin: r/leesinmains threads=54 (<1y: 7, with comments: 0) requests now=0 -> data/reddit/LeeSin.json
Leona: r/leonamains threads=52 (<1y: 3, with comments: 0) requests now=0 -> data/reddit/Leona.json
Lillia: r/lilliamains threads=64 (<1y: 18, with comments: 0) requests now=0 -> data/reddit/Lillia.json
Lissandra: r/lissandramains threads=63 (<1y: 18, with comments: 0) requests now=0 -> data/reddit/Lissandra.json
Locke: r/lockemains threads=1 (<1y: 1, with comments: 0) requests now=0 -> data/reddit/Locke.json
Lucian: r/lucianmains threads=52 (<1y: 5, with comments: 0) requests now=0 -> data/reddit/Lucian.json
Lulu: r/lulumains threads=51 (<1y: 1, with comments: 0) requests now=0 -> data/reddit/Lulu.json
Lux: r/lux threads=60 (<1y: 12, with comments: 0) requests now=0 -> data/reddit/Lux.json
Malphite: r/malphitemains threads=60 (<1y: 13, with comments: 0) requests now=0 -> data/reddit/Malphite.json
Malzahar: r/malzaharmains threads=66 (<1y: 20, with comments: 0) requests now=0 -> data/reddit/Malzahar.json
Maokai: r/maokaimains threads=57 (<1y: 9, with comments: 0) requests now=0 -> data/reddit/Maokai.json
Master Yi: r/masteryimains threads=9 (<1y: 0, with comments: 0) requests now=0 -> data/reddit/MasterYi.json
Mel: r/melmains threads=28 (<1y: 10, with comments: 0) requests now=0 -> data/reddit/Mel.json
Milio: r/miliomains threads=20 (<1y: 5, with comments: 0) requests now=0 -> data/reddit/Milio.json
Miss Fortune: r/missfortunemains threads=51 (<1y: 6, with comments: 0) requests now=0 -> data/reddit/MissFortune.json
Mordekaiser: r/mordekaisermains threads=89 (<1y: 50, with comments: 0) requests now=0 -> data/reddit/Mordekaiser.json
Morgana: r/morganamains threads=52 (<1y: 11, with comments: 0) requests now=0 -> data/reddit/Morgana.json
Naafiri: r/naafirimains threads=65 (<1y: 25, with comments: 0) requests now=0 -> data/reddit/Naafiri.json
Nami: r/namimains threads=51 (<1y: 3, with comments: 0) requests now=0 -> data/reddit/Nami.json
Nasus: r/nasusmains threads=97 (<1y: 50, with comments: 0) requests now=0 -> data/reddit/Nasus.json
Nautilus: r/nautilusmains threads=51 (<1y: 2, with comments: 0) requests now=0 -> data/reddit/Nautilus.json
Neeko: r/neekomains threads=54 (<1y: 10, with comments: 0) requests now=0 -> data/reddit/Neeko.json
Nidalee: r/nidaleemains threads=54 (<1y: 6, with comments: 0) requests now=0 -> data/reddit/Nidalee.json
Nilah: r/nilahmains threads=50 (<1y: 12, with comments: 0) requests now=0 -> data/reddit/Nilah.json
Nocturne: r/nocturnemains threads=54 (<1y: 6, with comments: 0) requests now=0 -> data/reddit/Nocturne.json
Nunu & Willump: r/nunumains threads=47 (<1y: 6, with comments: 0) requests now=0 -> data/reddit/NunuWillump.json
Olaf: r/olafmains threads=73 (<1y: 35, with comments: 0) requests now=0 -> data/reddit/Olaf.json
Orianna: r/oriannamains threads=64 (<1y: 17, with comments: 0) requests now=0 -> data/reddit/Orianna.json
Ornn: r/ornnmains threads=80 (<1y: 36, with comments: 0) requests now=0 -> data/reddit/Ornn.json
Pantheon: r/pantheonmains threads=87 (<1y: 40, with comments: 0) requests now=0 -> data/reddit/Pantheon.json
Poppy: r/poppymains threads=65 (<1y: 21, with comments: 0) requests now=0 -> data/reddit/Poppy.json
Pyke: r/pykemains threads=54 (<1y: 8, with comments: 0) requests now=0 -> data/reddit/Pyke.json
Qiyana: r/qiyanamains threads=92 (<1y: 50, with comments: 0) requests now=0 -> data/reddit/Qiyana.json
Quinn: r/quinnmains threads=83 (<1y: 38, with comments: 0) requests now=0 -> data/reddit/Quinn.json
Rakan: r/rakanmains threads=53 (<1y: 7, with comments: 0) requests now=0 -> data/reddit/Rakan.json
Rammus: r/rammusmains threads=48 (<1y: 1, with comments: 0) requests now=0 -> data/reddit/Rammus.json
Rek'Sai: r/reksaimains threads=63 (<1y: 18, with comments: 0) requests now=0 -> data/reddit/RekSai.json
Rell: r/rellmains threads=51 (<1y: 4, with comments: 0) requests now=0 -> data/reddit/Rell.json
Renata Glasc: r/renatamains threads=34 (<1y: 8, with comments: 0) requests now=0 -> data/reddit/RenataGlasc.json
Renekton: r/renektonmains threads=92 (<1y: 50, with comments: 0) requests now=0 -> data/reddit/Renekton.json
Rengar: r/rengarmains threads=88 (<1y: 41, with comments: 0) requests now=0 -> data/reddit/Rengar.json
Riven: r/rivenmains threads=98 (<1y: 50, with comments: 0) requests now=0 -> data/reddit/Riven.json
Rumble: r/rumblemains threads=62 (<1y: 14, with comments: 0) requests now=0 -> data/reddit/Rumble.json
Ryze: r/ryzemains threads=94 (<1y: 44, with comments: 0) requests now=0 -> data/reddit/Ryze.json
Samira: r/samiramains threads=59 (<1y: 12, with comments: 0) requests now=0 -> data/reddit/Samira.json
Sejuani: r/sejuanimains threads=51 (<1y: 16, with comments: 0) requests now=0 -> data/reddit/Sejuani.json
Senna: r/sennamains threads=67 (<1y: 19, with comments: 0) requests now=0 -> data/reddit/Senna.json
Seraphine: r/seraphinemains threads=57 (<1y: 12, with comments: 0) requests now=0 -> data/reddit/Seraphine.json
Sett: r/settmains threads=98 (<1y: 50, with comments: 0) requests now=0 -> data/reddit/Sett.json
Shaco: r/shacomains threads=62 (<1y: 18, with comments: 0) requests now=0 -> data/reddit/Shaco.json
Shen: r/shen threads=90 (<1y: 41, with comments: 0) requests now=0 -> data/reddit/Shen.json
Shyvana: r/shyvanamains threads=70 (<1y: 38, with comments: 0) requests now=0 -> data/reddit/Shyvana.json
Singed: r/singedmains threads=94 (<1y: 50, with comments: 0) requests now=0 -> data/reddit/Singed.json
Sion: r/dirtysionmains threads=83 (<1y: 35, with comments: 0) requests now=0 -> data/reddit/Sion.json
Sivir: r/sivir threads=51 (<1y: 3, with comments: 0) requests now=0 -> data/reddit/Sivir.json
Skarner: r/skarnermains threads=57 (<1y: 15, with comments: 0) requests now=0 -> data/reddit/Skarner.json
Smolder: r/smoldermains threads=56 (<1y: 26, with comments: 0) requests now=0 -> data/reddit/Smolder.json
Sona: r/sonamains threads=59 (<1y: 11, with comments: 0) requests now=0 -> data/reddit/Sona.json
Soraka: r/sorakamains threads=53 (<1y: 8, with comments: 0) requests now=0 -> data/reddit/Soraka.json
Swain: r/swainmains threads=91 (<1y: 46, with comments: 0) requests now=0 -> data/reddit/Swain.json
Sylas: r/sylasmains threads=74 (<1y: 26, with comments: 0) requests now=0 -> data/reddit/Sylas.json
Syndra: r/syndramains threads=77 (<1y: 30, with comments: 0) requests now=0 -> data/reddit/Syndra.json
Tahm Kench: r/tahmkenchmains threads=69 (<1y: 28, with comments: 0) requests now=0 -> data/reddit/TahmKench.json
Taliyah: r/taliyahmains threads=8 (<1y: 8, with comments: 0) requests now=0 -> data/reddit/Taliyah.json
Talon: r/talonmains threads=63 (<1y: 14, with comments: 0) requests now=0 -> data/reddit/Talon.json
Taric: r/taricmains threads=53 (<1y: 9, with comments: 0) requests now=0 -> data/reddit/Taric.json
Teemo: r/teemotalk threads=80 (<1y: 33, with comments: 0) requests now=0 -> data/reddit/Teemo.json
Thresh: r/threshmains threads=55 (<1y: 8, with comments: 0) requests now=0 -> data/reddit/Thresh.json
Tristana: r/tristanamains threads=50 (<1y: 2, with comments: 0) requests now=0 -> data/reddit/Tristana.json
Trundle: r/trundlemains threads=56 (<1y: 9, with comments: 0) requests now=0 -> data/reddit/Trundle.json
Tryndamere: r/tryndameremains threads=94 (<1y: 49, with comments: 0) requests now=0 -> data/reddit/Tryndamere.json
Twisted Fate: r/twistedfatemains threads=73 (<1y: 26, with comments: 0) requests now=0 -> data/reddit/TwistedFate.json
Twitch: r/twitchmains threads=55 (<1y: 9, with comments: 0) requests now=0 -> data/reddit/Twitch.json
Udyr: r/udyrmains threads=63 (<1y: 20, with comments: 0) requests now=0 -> data/reddit/Udyr.json
Urgot: r/urgotmains threads=97 (<1y: 47, with comments: 0) requests now=0 -> data/reddit/Urgot.json
Varus: r/varusmains threads=55 (<1y: 8, with comments: 0) requests now=0 -> data/reddit/Varus.json
Vayne: r/vaynemains threads=74 (<1y: 28, with comments: 0) requests now=0 -> data/reddit/Vayne.json
Veigar: r/veigarmains threads=60 (<1y: 21, with comments: 0) requests now=0 -> data/reddit/Veigar.json
Vel'Koz: r/velkozmains threads=1 (<1y: 0, with comments: 0) requests now=0 -> data/reddit/VelKoz.json
Vex: r/vexmains threads=63 (<1y: 21, with comments: 0) requests now=0 -> data/reddit/Vex.json
Vi: r/vimains threads=58 (<1y: 15, with comments: 0) requests now=0 -> data/reddit/Vi.json
Viego: r/viegomains threads=70 (<1y: 29, with comments: 0) requests now=0 -> data/reddit/Viego.json
Viktor: r/viktormains threads=50 (<1y: 3, with comments: 0) requests now=0 -> data/reddit/Viktor.json
Vladimir: r/vladimirmains threads=50 (<1y: 4, with comments: 0) requests now=0 -> data/reddit/Vladimir.json
Volibear: r/volibearmains threads=89 (<1y: 44, with comments: 0) requests now=0 -> data/reddit/Volibear.json
Warwick: r/warwickmains threads=63 (<1y: 16, with comments: 0) requests now=0 -> data/reddit/Warwick.json
Wukong: r/wukongmains threads=72 (<1y: 22, with comments: 0) requests now=0 -> data/reddit/Wukong.json
Xayah: r/xayahmains threads=54 (<1y: 6, with comments: 0) requests now=0 -> data/reddit/Xayah.json
Xerath: r/xerathmains threads=57 (<1y: 12, with comments: 0) requests now=0 -> data/reddit/Xerath.json
Xin Zhao: r/xinzhaomains threads=57 (<1y: 18, with comments: 0) requests now=0 -> data/reddit/XinZhao.json
Yasuo: r/yasuomains threads=95 (<1y: 50, with comments: 0) requests now=0 -> data/reddit/Yasuo.json
Yone: r/yonemains threads=90 (<1y: 49, with comments: 0) requests now=0 -> data/reddit/Yone.json
Yorick: r/yorickmains threads=93 (<1y: 50, with comments: 0) requests now=0 -> data/reddit/Yorick.json
Yunara: r/yunaramains threads=31 (<1y: 13, with comments: 0) requests now=0 -> data/reddit/Yunara.json
Yuumi: r/yuumimains threads=52 (<1y: 7, with comments: 0) requests now=0 -> data/reddit/Yuumi.json
Zaahen: r/zaahenmains threads=51 (<1y: 51, with comments: 0) requests now=0 -> data/reddit/Zaahen.json
Zac: r/thesecretweapon threads=58 (<1y: 17, with comments: 0) requests now=2 -> data/reddit/Zac.json
Zed: r/zedmains threads=83 (<1y: 37, with comments: 0) requests now=0 -> data/reddit/Zed.json
Zeri: r/zerimains threads=67 (<1y: 30, with comments: 0) requests now=0 -> data/reddit/Zeri.json
Ziggs: r/ziggsmains threads=50 (<1y: 2, with comments: 0) requests now=0 -> data/reddit/Ziggs.json
Zilean: r/zileanmains threads=54 (<1y: 9, with comments: 0) requests now=0 -> data/reddit/Zilean.json
Zoe: r/zoemains threads=80 (<1y: 32, with comments: 0) requests now=0 -> data/reddit/Zoe.json
Zyra: r/zyramains threads=54 (<1y: 7, with comments: 0) requests now=0 -> data/reddit/Zyra.json
2026-10-09 18:36:14 reddit: done, 173 champion files in data/reddit
9201 champion/opponent pairs from 173 files -> data/reddit_tips.csv
2026-10-09 18:37:26 tips: data/reddit_tips.csv rebuilt
tips written for 1442 of 1738 matchup rows
2026-10-09 18:37:27 tips: Reddit columns written to midlane_overview.xlsx
tips written for 710 of 944 matchup rows
2026-10-09 18:37:28 tips: Reddit columns written to roles/bot.xlsx
tips written for 1105 of 1811 matchup rows
2026-10-09 18:37:29 tips: Reddit columns written to roles/jungle.xlsx
tips written for 980 of 1369 matchup rows
2026-10-09 18:37:30 tips: Reddit columns written to roles/support.xlsx
tips written for 1742 of 1970 matchup rows
2026-10-09 18:37:31 tips: Reddit columns written to roles/top.xlsx
2026-10-09 18:37:31 finished (reddit)
2026-10-09 18:47:32 champion list: midlane_overview.xlsx
9201 champion/opponent pairs from 173 files -> data/reddit_tips.csv
2026-10-09 18:49:15 tips: data/reddit_tips.csv rebuilt
tips written for 1442 of 1738 matchup rows
2026-10-09 18:49:17 tips: Reddit columns written to midlane_overview.xlsx
tips written for 710 of 944 matchup rows
2026-10-09 18:49:18 tips: Reddit columns written to roles/bot.xlsx
tips written for 1105 of 1811 matchup rows
2026-10-09 18:49:19 tips: Reddit columns written to roles/jungle.xlsx
tips written for 980 of 1369 matchup rows
2026-10-09 18:49:20 tips: Reddit columns written to roles/support.xlsx
tips written for 1742 of 1970 matchup rows
2026-10-09 18:49:21 tips: Reddit columns written to roles/top.xlsx
2026-10-09 18:49:21 finished (tips)
2026-10-09 18:57:01 champion list: midlane_overview.xlsx
9201 champion/opponent pairs from 173 files -> data/reddit_tips.csv
2026-10-09 18:58:24 tips: data/reddit_tips.csv rebuilt
tips written for 1442 of 1738 matchup rows
2026-10-09 18:58:25 tips: Reddit columns written to midlane_overview.xlsx
tips written for 710 of 944 matchup rows
2026-10-09 18:58:26 tips: Reddit columns written to roles/bot.xlsx
tips written for 1105 of 1811 matchup rows
2026-10-09 18:58:27 tips: Reddit columns written to roles/jungle.xlsx
tips written for 980 of 1369 matchup rows
2026-10-09 18:58:28 tips: Reddit columns written to roles/support.xlsx
tips written for 1742 of 1970 matchup rows
2026-10-09 18:58:29 tips: Reddit columns written to roles/top.xlsx
2026-10-09 18:58:29 finished (tips)
