champion,opponent,wr,delta_vs_avg,delta_norm,opp_avg_wr,games,patch,tier,lane,fetched_at
Ahri,Neeko,46.0,-1.11,-5.4,47.11,100,16.20,EMERALD+,middle,2026-10-09T16:30Z
Ahri,Kog'Maw,46.04,-2.6,-6.89,48.64,202,16.20,EMERALD+,middle,2026-10-09T16:30Z
Ahri,Annie,48.15,1.13,-3.16,47.02,459,16.20,EMERALD+,middle,2026-10-09T16:30Z
Ahri,Zoe,48.88,1.45,-2.84,47.43,626,16.20,EMERALD+,middle,2026-10-09T16:30Z
Ahri,Naafiri,49.31,-0.98,-5.27,50.29,144,16.20,EMERALD+,middle,2026-10-09T16:30Z
Ahri,Mel,49.73,-2.63,-6.91,52.36,919,16.20,EMERALD+,middle,2026-10-09T16:30Z
Ahri,Katarina,49.85,2.04,-2.25,47.81,1360,16.20,EMERALD+,middle,2026-10-09T16:30Z
Ahri,Gangplank,50.0,1.59,-2.7,48.41,102,16.20,EMERALD+,middle,2026-10-09T16:30Z
Ahri,Vex,50.0,4.05,-0.23,45.95,626,16.20,EMERALD+,middle,2026-10-09T16:30Z
Ahri,Syndra,50.37,1.46,-2.83,48.91,1745,16.20,EMERALD+,middle,2026-10-09T16:30Z
Ahri,Zed,50.51,1.52,-2.77,48.99,1665,16.20,EMERALD+,middle,2026-10-09T16:30Z
Ahri,Ekko,50.51,3.7,-0.59,46.81,982,16.20,EMERALD+,middle,2026-10-09T16:30Z
Ahri,Twisted Fate,50.55,3.18,-1.11,47.37,1084,16.20,EMERALD+,middle,2026-10-09T16:30Z
Ahri,Fizz,50.56,4.14,-0.15,46.42,985,16.20,EMERALD+,middle,2026-10-09T16:30Z
Ahri,Qiyana,50.59,1.27,-3.02,49.32,597,16.20,EMERALD+,middle,2026-10-09T16:30Z
Ahri,Aurelion Sol,50.84,3.35,-0.94,47.49,299,16.20,EMERALD+,middle,2026-10-09T16:30Z
Ahri,Talon,50.96,2.93,-1.36,48.03,365,16.20,EMERALD+,middle,2026-10-09T16:30Z
Ahri,LeBlanc,51.12,3.3,-0.99,47.82,1254,16.20,EMERALD+,middle,2026-10-09T16:30Z
Ahri,Vladimir,51.41,3.58,-0.71,47.83,887,16.20,EMERALD+,middle,2026-10-09T16:30Z
Ahri,Cho'Gath,51.46,3.66,-0.63,47.8,103,16.20,EMERALD+,middle,2026-10-09T16:30Z
Ahri,Malzahar,51.7,3.45,-0.84,48.25,1002,16.20,EMERALD+,middle,2026-10-09T16:30Z
Ahri,Kassadin,51.79,2.98,-1.31,48.81,614,16.20,EMERALD+,middle,2026-10-09T16:30Z
Ahri,Aurora,52.05,4.43,0.14,47.62,659,16.20,EMERALD+,middle,2026-10-09T16:30Z
Ahri,Anivia,52.1,3.53,-0.76,48.57,405,16.20,EMERALD+,middle,2026-10-09T16:30Z
Ahri,Locke,52.66,4.06,-0.23,48.6,1276,16.20,EMERALD+,middle,2026-10-09T16:30Z
Ahri,Hwei,52.72,5.26,0.97,47.46,827,16.20,EMERALD+,middle,2026-10-09T16:30Z
Ahri,Vel'Koz,52.84,4.11,-0.18,48.73,176,16.20,EMERALD+,middle,2026-10-09T16:30Z
Ahri,Gwen,52.85,7.46,3.18,45.39,123,16.20,EMERALD+,middle,2026-10-09T16:30Z
Ahri,Xerath,52.88,5.72,1.43,47.16,885,16.20,EMERALD+,middle,2026-10-09T16:30Z
Ahri,Diana,53.04,5.02,0.73,48.02,675,16.20,EMERALD+,middle,2026-10-09T16:30Z
Ahri,Lux,53.09,6.42,2.13,46.67,857,16.20,EMERALD+,middle,2026-10-09T16:30Z
Ahri,Brand,53.15,4.59,0.3,48.56,143,16.20,EMERALD+,middle,2026-10-09T16:30Z
Ahri,Kayle,53.19,3.73,-0.56,49.46,141,16.20,EMERALD+,middle,2026-10-09T16:30Z
Ahri,Pantheon,53.39,6.49,2.2,46.9,118,16.20,EMERALD+,middle,2026-10-09T16:30Z
Ahri,Lissandra,53.49,5.96,1.67,47.53,1202,16.20,EMERALD+,middle,2026-10-09T16:30Z
Ahri,Akshan,53.54,3.59,-0.7,49.95,508,16.20,EMERALD+,middle,2026-10-09T16:30Z
Ahri,Ziggs,53.66,5.64,1.35,48.02,123,16.20,EMERALD+,middle,2026-10-09T16:30Z
Ahri,Galio,53.79,4.05,-0.24,49.74,738,16.20,EMERALD+,middle,2026-10-09T16:30Z
Ahri,Akali,53.8,4.34,0.05,49.46,1104,16.20,EMERALD+,middle,2026-10-09T16:30Z
Ahri,Yasuo,53.85,5.1,0.81,48.75,1703,16.20,EMERALD+,middle,2026-10-09T16:30Z
Ahri,Sylas,53.89,3.47,-0.82,50.42,2056,16.20,EMERALD+,middle,2026-10-09T16:30Z
Ahri,Viktor,54.14,5.44,1.15,48.7,1910,16.20,EMERALD+,middle,2026-10-09T16:30Z
Ahri,Azir,54.3,2.59,-1.69,51.71,372,16.20,EMERALD+,middle,2026-10-09T16:30Z
Ahri,Veigar,54.43,6.24,1.95,48.19,869,16.20,EMERALD+,middle,2026-10-09T16:30Z
Ahri,Yone,54.66,7.14,2.85,47.52,1630,16.20,EMERALD+,middle,2026-10-09T16:30Z
Ahri,Irelia,54.69,4.83,0.54,49.86,554,16.20,EMERALD+,middle,2026-10-09T16:30Z
Ahri,Tristana,54.9,3.41,-0.87,51.49,153,16.20,EMERALD+,middle,2026-10-09T16:30Z
Ahri,Nasus,54.97,7.14,2.85,47.83,151,16.20,EMERALD+,middle,2026-10-09T16:30Z
Ahri,Orianna,55.19,3.55,-0.73,51.64,665,16.20,EMERALD+,middle,2026-10-09T16:30Z
Ahri,Ryze,55.84,2.72,-1.55,53.12,462,16.20,EMERALD+,middle,2026-10-09T16:30Z
Ahri,Taliyah,56.21,6.43,2.14,49.78,306,16.20,EMERALD+,middle,2026-10-09T16:30Z
Ahri,Cassiopeia,57.5,6.01,1.73,51.49,200,16.20,EMERALD+,middle,2026-10-09T16:30Z
Ahri,Swain,58.21,10.2,5.91,48.01,201,16.20,EMERALD+,middle,2026-10-09T16:30Z
Ahri,Malphite,58.97,11.92,7.63,47.05,117,16.20,EMERALD+,middle,2026-10-09T16:30Z
Ahri,Jayce,59.84,9.22,4.93,50.62,122,16.20,EMERALD+,middle,2026-10-09T16:30Z
Ahri,Smolder,61.47,7.06,2.81,54.41,109,16.20,EMERALD+,middle,2026-10-09T16:30Z
Ahri,Lucian,62.59,5.48,1.27,57.11,139,16.20,EMERALD+,middle,2026-10-09T16:30Z
Akali,Swain,40.8,-7.14,-9.12,47.94,125,16.20,EMERALD+,middle,2026-10-09T16:30Z
Akali,Nasus,45.13,-2.6,-4.58,47.73,113,16.20,EMERALD+,middle,2026-10-09T16:30Z
Akali,Twisted Fate,45.35,-2.1,-4.08,47.45,763,16.20,EMERALD+,middle,2026-10-09T16:30Z
Akali,Zoe,45.45,-1.96,-3.94,47.41,363,16.20,EMERALD+,middle,2026-10-09T16:30Z
Akali,Aurora,45.68,-2.03,-4.01,47.71,324,16.20,EMERALD+,middle,2026-10-09T16:30Z
Akali,Vex,45.77,-0.17,-2.15,45.94,485,16.20,EMERALD+,middle,2026-10-09T16:30Z
Akali,Hwei,45.97,-1.5,-3.48,47.47,422,16.20,EMERALD+,middle,2026-10-09T16:30Z
Akali,Veigar,46.08,-2.09,-4.07,48.17,395,16.20,EMERALD+,middle,2026-10-09T16:30Z
Akali,Anivia,46.29,-2.28,-4.26,48.57,229,16.20,EMERALD+,middle,2026-10-09T16:30Z
Akali,Malzahar,46.64,-1.72,-3.7,48.36,566,16.20,EMERALD+,middle,2026-10-09T16:30Z
Akali,Lux,47.45,0.75,-1.23,46.7,432,16.20,EMERALD+,middle,2026-10-09T16:30Z
Akali,Lissandra,47.48,-0.07,-2.05,47.55,872,16.20,EMERALD+,middle,2026-10-09T16:30Z
Akali,Annie,47.54,0.46,-1.52,47.08,183,16.20,EMERALD+,middle,2026-10-09T16:30Z
Akali,Aurelion Sol,47.73,0.25,-1.73,47.48,176,16.20,EMERALD+,middle,2026-10-09T16:30Z
Akali,Galio,48.2,-1.58,-3.56,49.78,776,16.20,EMERALD+,middle,2026-10-09T16:30Z
Akali,Talon,48.82,0.79,-1.19,48.03,297,16.20,EMERALD+,middle,2026-10-09T16:30Z
Akali,Kassadin,48.85,0.03,-1.95,48.82,305,16.20,EMERALD+,middle,2026-10-09T16:30Z
Akali,Ahri,48.99,1.82,-0.16,47.17,1084,16.20,EMERALD+,middle,2026-10-09T16:30Z
Akali,Pantheon,49.21,2.34,0.36,46.87,126,16.20,EMERALD+,middle,2026-10-09T16:30Z
Akali,LeBlanc,49.42,1.55,-0.43,47.87,684,16.20,EMERALD+,middle,2026-10-09T16:30Z
Akali,Ekko,50.1,3.33,1.35,46.77,501,16.20,EMERALD+,middle,2026-10-09T16:30Z
Akali,Zed,50.35,1.34,-0.64,49.01,1148,16.20,EMERALD+,middle,2026-10-09T16:30Z
Akali,Jayce,50.39,-0.25,-2.23,50.64,127,16.20,EMERALD+,middle,2026-10-09T16:30Z
Akali,Syndra,50.47,1.59,-0.39,48.88,850,16.20,EMERALD+,middle,2026-10-09T16:30Z
Akali,Akshan,50.53,0.57,-1.41,49.96,285,16.20,EMERALD+,middle,2026-10-09T16:30Z
Akali,Yasuo,50.99,2.22,0.24,48.77,1510,16.20,EMERALD+,middle,2026-10-09T16:30Z
Akali,Sylas,51.08,0.66,-1.32,50.42,1247,16.20,EMERALD+,middle,2026-10-09T16:30Z
Akali,Vladimir,51.22,3.41,1.43,47.81,533,16.20,EMERALD+,middle,2026-10-09T16:30Z
Akali,Katarina,51.54,3.71,1.73,47.83,939,16.20,EMERALD+,middle,2026-10-09T16:30Z
Akali,Diana,51.54,3.56,1.58,47.98,421,16.20,EMERALD+,middle,2026-10-09T16:30Z
Akali,Yone,51.77,4.26,2.28,47.51,1524,16.20,EMERALD+,middle,2026-10-09T16:30Z
Akali,Qiyana,52.17,2.8,0.82,49.37,414,16.20,EMERALD+,middle,2026-10-09T16:30Z
Akali,Taliyah,52.32,2.46,0.48,49.86,151,16.20,EMERALD+,middle,2026-10-09T16:30Z
Akali,Fizz,52.68,6.15,4.17,46.53,615,16.20,EMERALD+,middle,2026-10-09T16:30Z
Akali,Irelia,52.91,3.07,1.09,49.84,395,16.20,EMERALD+,middle,2026-10-09T16:30Z
Akali,Locke,53.34,4.66,2.68,48.68,1333,16.20,EMERALD+,middle,2026-10-09T16:30Z
Akali,Cassiopeia,53.7,2.24,0.26,51.46,108,16.20,EMERALD+,middle,2026-10-09T16:30Z
Akali,Orianna,54.5,2.79,0.81,51.71,389,16.20,EMERALD+,middle,2026-10-09T16:30Z
Akali,Azir,54.63,2.86,0.88,51.77,216,16.20,EMERALD+,middle,2026-10-09T16:30Z
Akali,Viktor,54.75,6.11,4.13,48.64,1390,16.20,EMERALD+,middle,2026-10-09T16:30Z
Akali,Ryze,55.6,2.51,0.53,53.09,232,16.20,EMERALD+,middle,2026-10-09T16:30Z
Akali,Xerath,55.72,8.56,6.58,47.16,411,16.20,EMERALD+,middle,2026-10-09T16:30Z
Akali,Mel,58.4,6.1,4.12,52.3,238,16.20,EMERALD+,middle,2026-10-09T16:30Z
Akshan,Anivia,42.86,-5.71,-7.22,48.57,126,16.20,EMERALD+,middle,2026-10-09T16:30Z
Akshan,Yasuo,43.05,-5.7,-7.21,48.75,302,16.20,EMERALD+,middle,2026-10-09T16:30Z
Akshan,Twisted Fate,43.14,-4.23,-5.74,47.37,299,16.20,EMERALD+,middle,2026-10-09T16:30Z
Akshan,Hwei,43.43,-4.03,-5.54,47.46,175,16.20,EMERALD+,middle,2026-10-09T16:30Z
Akshan,Galio,44.72,-5.02,-6.53,49.74,123,16.20,EMERALD+,middle,2026-10-09T16:30Z
Akshan,Vladimir,44.95,-2.88,-4.39,47.83,218,16.20,EMERALD+,middle,2026-10-09T16:30Z
Akshan,Irelia,45.39,-4.47,-5.98,49.86,152,16.20,EMERALD+,middle,2026-10-09T16:30Z
Akshan,Katarina,46.26,-1.55,-3.06,47.81,348,16.20,EMERALD+,middle,2026-10-09T16:30Z
Akshan,Ekko,46.53,-0.28,-1.79,46.81,245,16.20,EMERALD+,middle,2026-10-09T16:30Z
Akshan,Veigar,47.06,-1.13,-2.64,48.19,170,16.20,EMERALD+,middle,2026-10-09T16:30Z
Akshan,Zoe,47.06,-0.37,-1.88,47.43,136,16.20,EMERALD+,middle,2026-10-09T16:30Z
Akshan,Syndra,47.92,-0.99,-2.5,48.91,384,16.20,EMERALD+,middle,2026-10-09T16:30Z
Akshan,Vex,48.0,2.05,0.54,45.95,175,16.20,EMERALD+,middle,2026-10-09T16:30Z
Akshan,Aurora,48.39,0.77,-0.74,47.62,155,16.20,EMERALD+,middle,2026-10-09T16:30Z
Akshan,Lissandra,48.43,0.9,-0.61,47.53,223,16.20,EMERALD+,middle,2026-10-09T16:30Z
Akshan,Malzahar,48.44,0.19,-1.32,48.25,225,16.20,EMERALD+,middle,2026-10-09T16:30Z
Akshan,Diana,48.91,0.89,-0.62,48.02,184,16.20,EMERALD+,middle,2026-10-09T16:30Z
Akshan,Yone,49.41,1.89,0.38,47.52,427,16.20,EMERALD+,middle,2026-10-09T16:30Z
Akshan,Ahri,50.0,2.83,1.32,47.17,486,16.20,EMERALD+,middle,2026-10-09T16:30Z
Akshan,Orianna,50.36,-1.28,-2.79,51.64,137,16.20,EMERALD+,middle,2026-10-09T16:30Z
Akshan,Viktor,50.36,1.66,0.15,48.7,415,16.20,EMERALD+,middle,2026-10-09T16:30Z
Akshan,Akali,51.03,1.57,0.06,49.46,290,16.20,EMERALD+,middle,2026-10-09T16:30Z
Akshan,Lux,51.37,4.7,3.19,46.67,183,16.20,EMERALD+,middle,2026-10-09T16:30Z
Akshan,Fizz,52.46,6.04,4.53,46.42,183,16.20,EMERALD+,middle,2026-10-09T16:30Z
Akshan,Zed,54.02,5.03,3.52,48.99,398,16.20,EMERALD+,middle,2026-10-09T16:30Z
Akshan,LeBlanc,54.07,6.25,4.74,47.82,307,16.20,EMERALD+,middle,2026-10-09T16:30Z
Akshan,Ryze,54.29,1.17,-0.34,53.12,105,16.20,EMERALD+,middle,2026-10-09T16:30Z
Akshan,Sylas,54.31,3.89,2.38,50.42,232,16.20,EMERALD+,middle,2026-10-09T16:30Z
Akshan,Locke,54.34,5.74,4.23,48.6,403,16.20,EMERALD+,middle,2026-10-09T16:30Z
Akshan,Kassadin,55.49,6.68,5.17,48.81,164,16.20,EMERALD+,middle,2026-10-09T16:30Z
Akshan,Xerath,56.94,9.78,8.27,47.16,209,16.20,EMERALD+,middle,2026-10-09T16:30Z
Akshan,Qiyana,57.79,8.47,6.96,49.32,154,16.20,EMERALD+,middle,2026-10-09T16:30Z
Anivia,Hwei,41.28,-6.19,-9.07,47.47,235,16.20,EMERALD+,middle,2026-10-09T16:30Z
Anivia,Qiyana,45.76,-3.61,-6.49,49.37,118,16.20,EMERALD+,middle,2026-10-09T16:30Z
Anivia,Fizz,45.91,-0.62,-3.5,46.53,220,16.20,EMERALD+,middle,2026-10-09T16:30Z
Anivia,Yone,46.64,-0.87,-3.75,47.51,461,16.20,EMERALD+,middle,2026-10-09T16:30Z
Anivia,Zed,46.8,-2.21,-5.09,49.01,359,16.20,EMERALD+,middle,2026-10-09T16:30Z
Anivia,Orianna,47.33,-4.38,-7.26,51.71,131,16.20,EMERALD+,middle,2026-10-09T16:30Z
Anivia,Aurora,47.37,-0.34,-3.22,47.71,133,16.20,EMERALD+,middle,2026-10-09T16:30Z
Anivia,Twisted Fate,47.52,0.07,-2.81,47.45,242,16.20,EMERALD+,middle,2026-10-09T16:30Z
Anivia,Xerath,48.98,1.82,-1.06,47.16,245,16.20,EMERALD+,middle,2026-10-09T16:30Z
Anivia,Sylas,49.17,-1.25,-4.13,50.42,301,16.20,EMERALD+,middle,2026-10-09T16:30Z
Anivia,Syndra,49.19,0.31,-2.57,48.88,370,16.20,EMERALD+,middle,2026-10-09T16:30Z
Anivia,Aurelion Sol,49.54,2.06,-0.82,47.48,109,16.20,EMERALD+,middle,2026-10-09T16:30Z
Anivia,Lux,49.76,3.06,0.18,46.7,209,16.20,EMERALD+,middle,2026-10-09T16:30Z
Anivia,Lissandra,50.4,2.85,-0.03,47.55,250,16.20,EMERALD+,middle,2026-10-09T16:30Z
Anivia,Ahri,50.88,3.71,0.83,47.17,399,16.20,EMERALD+,middle,2026-10-09T16:30Z
Anivia,Kassadin,50.93,2.11,-0.77,48.82,161,16.20,EMERALD+,middle,2026-10-09T16:30Z
Anivia,Malzahar,51.04,2.68,-0.2,48.36,241,16.20,EMERALD+,middle,2026-10-09T16:30Z
Anivia,Ekko,51.95,5.18,2.3,46.77,231,16.20,EMERALD+,middle,2026-10-09T16:30Z
Anivia,Galio,52.21,2.43,-0.45,49.78,136,16.20,EMERALD+,middle,2026-10-09T16:30Z
Anivia,Viktor,52.67,4.03,1.15,48.64,450,16.20,EMERALD+,middle,2026-10-09T16:30Z
Anivia,Irelia,52.71,2.87,-0.01,49.84,129,16.20,EMERALD+,middle,2026-10-09T16:30Z
Anivia,Vex,53.23,7.29,4.42,45.94,124,16.20,EMERALD+,middle,2026-10-09T16:30Z
Anivia,Zoe,53.49,6.08,3.2,47.41,129,16.20,EMERALD+,middle,2026-10-09T16:30Z
Anivia,Katarina,53.64,5.81,2.93,47.83,302,16.20,EMERALD+,middle,2026-10-09T16:30Z
Anivia,Yasuo,53.66,4.89,2.01,48.77,423,16.20,EMERALD+,middle,2026-10-09T16:30Z
Anivia,Locke,53.81,5.13,2.25,48.68,407,16.20,EMERALD+,middle,2026-10-09T16:30Z
Anivia,Ryze,54.19,1.1,-1.77,53.09,155,16.20,EMERALD+,middle,2026-10-09T16:30Z
Anivia,Diana,54.78,6.8,3.92,47.98,157,16.20,EMERALD+,middle,2026-10-09T16:30Z
Anivia,LeBlanc,54.98,7.11,4.23,47.87,211,16.20,EMERALD+,middle,2026-10-09T16:30Z
Anivia,Mel,55.77,3.47,0.59,52.3,104,16.20,EMERALD+,middle,2026-10-09T16:30Z
Anivia,Vladimir,56.09,8.28,5.4,47.81,230,16.20,EMERALD+,middle,2026-10-09T16:30Z
Anivia,Veigar,57.56,9.39,6.51,48.17,172,16.20,EMERALD+,middle,2026-10-09T16:30Z
Anivia,Akali,58.26,8.79,5.91,49.47,242,16.20,EMERALD+,middle,2026-10-09T16:30Z
Anivia,Akshan,59.26,9.3,6.42,49.96,135,16.20,EMERALD+,middle,2026-10-09T16:30Z
Annie,Diana,45.6,-2.38,-6.75,47.98,125,16.20,EMERALD+,middle,2026-10-09T16:30Z
Annie,Aurora,45.79,-1.92,-6.29,47.71,107,16.20,EMERALD+,middle,2026-10-09T16:30Z
Annie,Viktor,46.84,-1.8,-6.17,48.64,269,16.20,EMERALD+,middle,2026-10-09T16:30Z
Annie,Xerath,47.86,0.7,-3.67,47.16,234,16.20,EMERALD+,middle,2026-10-09T16:30Z
Annie,Orianna,49.23,-2.48,-6.84,51.71,130,16.20,EMERALD+,middle,2026-10-09T16:30Z
Annie,Katarina,49.38,1.55,-2.82,47.83,324,16.20,EMERALD+,middle,2026-10-09T16:30Z
Annie,Kassadin,49.61,0.79,-3.58,48.82,127,16.20,EMERALD+,middle,2026-10-09T16:30Z
Annie,Vladimir,49.71,1.9,-2.47,47.81,173,16.20,EMERALD+,middle,2026-10-09T16:30Z
Annie,Veigar,50.0,1.83,-2.54,48.17,124,16.20,EMERALD+,middle,2026-10-09T16:30Z
Annie,Syndra,50.0,1.12,-3.25,48.88,332,16.20,EMERALD+,middle,2026-10-09T16:30Z
Annie,Galio,50.68,0.9,-3.47,49.78,148,16.20,EMERALD+,middle,2026-10-09T16:30Z
Annie,LeBlanc,51.21,3.34,-1.03,47.87,207,16.20,EMERALD+,middle,2026-10-09T16:30Z
Annie,Ekko,51.31,4.54,0.17,46.77,191,16.20,EMERALD+,middle,2026-10-09T16:30Z
Annie,Sylas,51.9,1.48,-2.89,50.42,237,16.20,EMERALD+,middle,2026-10-09T16:30Z
Annie,Hwei,52.05,4.58,0.21,47.47,146,16.20,EMERALD+,middle,2026-10-09T16:30Z
Annie,Lissandra,52.07,4.52,0.15,47.55,169,16.20,EMERALD+,middle,2026-10-09T16:30Z
Annie,Lux,52.17,5.47,1.1,46.7,184,16.20,EMERALD+,middle,2026-10-09T16:30Z
Annie,Qiyana,52.25,2.88,-1.49,49.37,111,16.20,EMERALD+,middle,2026-10-09T16:30Z
Annie,Ahri,53.8,6.63,2.26,47.17,461,16.20,EMERALD+,middle,2026-10-09T16:30Z
Annie,Locke,53.8,5.12,0.75,48.68,329,16.20,EMERALD+,middle,2026-10-09T16:30Z
Annie,Yone,53.83,6.32,1.95,47.51,392,16.20,EMERALD+,middle,2026-10-09T16:30Z
Annie,Akshan,54.37,4.41,0.04,49.96,103,16.20,EMERALD+,middle,2026-10-09T16:30Z
Annie,Twisted Fate,54.46,7.01,2.64,47.45,202,16.20,EMERALD+,middle,2026-10-09T16:30Z
Annie,Yasuo,54.59,5.82,1.45,48.77,447,16.20,EMERALD+,middle,2026-10-09T16:30Z
Annie,Fizz,55.08,8.55,4.18,46.53,187,16.20,EMERALD+,middle,2026-10-09T16:30Z
Annie,Mel,55.24,2.94,-1.42,52.3,105,16.20,EMERALD+,middle,2026-10-09T16:30Z
Annie,Akali,55.85,6.38,2.01,49.47,188,16.20,EMERALD+,middle,2026-10-09T16:30Z
Annie,Zoe,57.05,9.64,5.27,47.41,149,16.20,EMERALD+,middle,2026-10-09T16:30Z
Annie,Malzahar,58.15,9.79,5.42,48.36,184,16.20,EMERALD+,middle,2026-10-09T16:30Z
Annie,Zed,60.8,11.79,7.42,49.01,352,16.20,EMERALD+,middle,2026-10-09T16:30Z
Aurelion Sol,Kassadin,41.79,-7.03,-11.0,48.82,134,16.20,EMERALD+,middle,2026-10-09T16:30Z
Aurelion Sol,Twisted Fate,46.92,-0.53,-4.5,47.45,211,16.20,EMERALD+,middle,2026-10-09T16:30Z
Aurelion Sol,Yone,47.09,-0.42,-4.39,47.51,344,16.20,EMERALD+,middle,2026-10-09T16:30Z
Aurelion Sol,Qiyana,47.52,-1.85,-5.82,49.37,101,16.20,EMERALD+,middle,2026-10-09T16:30Z
Aurelion Sol,Zed,48.37,-0.64,-4.61,49.01,246,16.20,EMERALD+,middle,2026-10-09T16:30Z
Aurelion Sol,Ryze,48.54,-4.55,-8.5,53.09,103,16.20,EMERALD+,middle,2026-10-09T16:30Z
Aurelion Sol,Lux,48.72,2.02,-1.95,46.7,156,16.20,EMERALD+,middle,2026-10-09T16:30Z
Aurelion Sol,Sylas,49.22,-1.2,-5.17,50.42,256,16.20,EMERALD+,middle,2026-10-09T16:30Z
Aurelion Sol,Aurora,50.0,2.29,-1.68,47.71,110,16.20,EMERALD+,middle,2026-10-09T16:30Z
Aurelion Sol,Xerath,50.3,3.14,-0.83,47.16,165,16.20,EMERALD+,middle,2026-10-09T16:30Z
Aurelion Sol,Veigar,50.61,2.44,-1.53,48.17,164,16.20,EMERALD+,middle,2026-10-09T16:30Z
Aurelion Sol,Ekko,51.15,4.38,0.41,46.77,174,16.20,EMERALD+,middle,2026-10-09T16:30Z
Aurelion Sol,Syndra,51.32,2.44,-1.53,48.88,302,16.20,EMERALD+,middle,2026-10-09T16:30Z
Aurelion Sol,LeBlanc,51.46,3.59,-0.38,47.87,171,16.20,EMERALD+,middle,2026-10-09T16:30Z
Aurelion Sol,Fizz,51.72,5.19,1.22,46.53,174,16.20,EMERALD+,middle,2026-10-09T16:30Z
Aurelion Sol,Galio,52.07,2.29,-1.68,49.78,121,16.20,EMERALD+,middle,2026-10-09T16:30Z
Aurelion Sol,Katarina,52.34,4.51,0.54,47.83,235,16.20,EMERALD+,middle,2026-10-09T16:30Z
Aurelion Sol,Ahri,52.88,5.71,1.74,47.17,295,16.20,EMERALD+,middle,2026-10-09T16:30Z
Aurelion Sol,Vladimir,52.98,5.17,1.2,47.81,168,16.20,EMERALD+,middle,2026-10-09T16:30Z
Aurelion Sol,Malzahar,53.21,4.85,0.88,48.36,265,16.20,EMERALD+,middle,2026-10-09T16:30Z
Aurelion Sol,Anivia,53.4,4.83,0.86,48.57,103,16.20,EMERALD+,middle,2026-10-09T16:30Z
Aurelion Sol,Viktor,53.5,4.86,0.89,48.64,357,16.20,EMERALD+,middle,2026-10-09T16:30Z
Aurelion Sol,Locke,53.74,5.06,1.09,48.68,281,16.20,EMERALD+,middle,2026-10-09T16:30Z
Aurelion Sol,Hwei,54.23,6.76,2.79,47.47,142,16.20,EMERALD+,middle,2026-10-09T16:30Z
Aurelion Sol,Lissandra,54.71,7.16,3.19,47.55,223,16.20,EMERALD+,middle,2026-10-09T16:30Z
Aurelion Sol,Akali,55.26,5.79,1.82,49.47,190,16.20,EMERALD+,middle,2026-10-09T16:30Z
Aurelion Sol,Yasuo,57.14,8.37,4.4,48.77,371,16.20,EMERALD+,middle,2026-10-09T16:30Z
Aurelion Sol,Diana,58.47,10.49,6.52,47.98,118,16.20,EMERALD+,middle,2026-10-09T16:30Z
Aurelion Sol,Irelia,59.13,9.29,5.32,49.84,115,16.20,EMERALD+,middle,2026-10-09T16:30Z
Aurelion Sol,Orianna,61.82,10.11,6.15,51.71,110,16.20,EMERALD+,middle,2026-10-09T16:30Z
Aurora,Vex,45.45,-0.49,-4.22,45.94,154,16.20,EMERALD+,middle,2026-10-09T16:30Z
Aurora,Lux,47.46,0.76,-2.98,46.7,276,16.20,EMERALD+,middle,2026-10-09T16:30Z
Aurora,Twisted Fate,47.51,0.06,-3.68,47.45,402,16.20,EMERALD+,middle,2026-10-09T16:30Z
Aurora,Zoe,47.69,0.28,-3.46,47.41,216,16.20,EMERALD+,middle,2026-10-09T16:30Z
Aurora,Irelia,48.1,-1.74,-5.48,49.84,158,16.20,EMERALD+,middle,2026-10-09T16:30Z
Aurora,Qiyana,49.19,-0.18,-3.92,49.37,185,16.20,EMERALD+,middle,2026-10-09T16:30Z
Aurora,Diana,49.56,1.58,-2.16,47.98,228,16.20,EMERALD+,middle,2026-10-09T16:30Z
Aurora,LeBlanc,50.0,2.13,-1.61,47.87,346,16.20,EMERALD+,middle,2026-10-09T16:30Z
Aurora,Syndra,50.19,1.31,-2.43,48.88,520,16.20,EMERALD+,middle,2026-10-09T16:30Z
Aurora,Viktor,50.56,1.92,-1.82,48.64,532,16.20,EMERALD+,middle,2026-10-09T16:30Z
Aurora,Katarina,50.58,2.75,-0.99,47.83,342,16.20,EMERALD+,middle,2026-10-09T16:30Z
Aurora,Mel,50.77,-1.53,-5.26,52.3,130,16.20,EMERALD+,middle,2026-10-09T16:30Z
Aurora,Galio,50.98,1.2,-2.54,49.78,255,16.20,EMERALD+,middle,2026-10-09T16:30Z
Aurora,Ahri,51.07,3.9,0.16,47.17,656,16.20,EMERALD+,middle,2026-10-09T16:30Z
Aurora,Talon,51.26,3.23,-0.51,48.03,119,16.20,EMERALD+,middle,2026-10-09T16:30Z
Aurora,Orianna,51.37,-0.34,-4.07,51.71,183,16.20,EMERALD+,middle,2026-10-09T16:30Z
Aurora,Xerath,51.72,4.56,0.82,47.16,261,16.20,EMERALD+,middle,2026-10-09T16:30Z
Aurora,Fizz,52.0,5.47,1.73,46.53,250,16.20,EMERALD+,middle,2026-10-09T16:30Z
Aurora,Zed,52.11,3.1,-0.64,49.01,403,16.20,EMERALD+,middle,2026-10-09T16:30Z
Aurora,Veigar,52.21,4.04,0.3,48.17,226,16.20,EMERALD+,middle,2026-10-09T16:30Z
Aurora,Aurelion Sol,52.88,5.4,1.66,47.48,104,16.20,EMERALD+,middle,2026-10-09T16:30Z
Aurora,Akshan,53.05,3.09,-0.65,49.96,164,16.20,EMERALD+,middle,2026-10-09T16:30Z
Aurora,Anivia,53.24,4.67,0.93,48.57,139,16.20,EMERALD+,middle,2026-10-09T16:30Z
Aurora,Malzahar,53.33,4.97,1.23,48.36,270,16.20,EMERALD+,middle,2026-10-09T16:30Z
Aurora,Ekko,53.38,6.61,2.87,46.77,296,16.20,EMERALD+,middle,2026-10-09T16:30Z
Aurora,Lissandra,53.77,6.22,2.48,47.55,305,16.20,EMERALD+,middle,2026-10-09T16:30Z
Aurora,Locke,53.99,5.31,1.57,48.68,489,16.20,EMERALD+,middle,2026-10-09T16:30Z
Aurora,Hwei,54.1,6.63,2.89,47.47,244,16.20,EMERALD+,middle,2026-10-09T16:30Z
Aurora,Yasuo,54.32,5.55,1.81,48.77,475,16.20,EMERALD+,middle,2026-10-09T16:30Z
Aurora,Sylas,54.61,4.19,0.45,50.42,456,16.20,EMERALD+,middle,2026-10-09T16:30Z
Aurora,Yone,54.93,7.42,3.68,47.51,548,16.20,EMERALD+,middle,2026-10-09T16:30Z
Aurora,Kassadin,55.62,6.8,3.06,48.82,169,16.20,EMERALD+,middle,2026-10-09T16:30Z
Aurora,Ryze,56.77,3.68,-0.04,53.09,155,16.20,EMERALD+,middle,2026-10-09T16:30Z
Aurora,Akali,56.8,7.33,3.59,49.47,331,16.20,EMERALD+,middle,2026-10-09T16:30Z
Aurora,Vladimir,57.19,9.38,5.64,47.81,285,16.20,EMERALD+,middle,2026-10-09T16:30Z
Aurora,Annie,57.43,10.35,6.61,47.08,101,16.20,EMERALD+,middle,2026-10-09T16:30Z
Azir,Ekko,39.41,-7.36,-7.05,46.77,203,16.20,EMERALD+,middle,2026-10-09T16:30Z
Azir,Galio,41.32,-8.46,-8.14,49.78,121,16.20,EMERALD+,middle,2026-10-09T16:30Z
Azir,Kassadin,41.88,-6.94,-6.62,48.82,117,16.20,EMERALD+,middle,2026-10-09T16:30Z
Azir,Aurora,42.16,-5.55,-5.24,47.71,102,16.20,EMERALD+,middle,2026-10-09T16:30Z
Azir,Vladimir,43.58,-4.23,-3.92,47.81,179,16.20,EMERALD+,middle,2026-10-09T16:30Z
Azir,Sylas,44.3,-6.12,-5.8,50.42,298,16.20,EMERALD+,middle,2026-10-09T16:30Z
Azir,Locke,45.37,-3.31,-2.99,48.68,313,16.20,EMERALD+,middle,2026-10-09T16:30Z
Azir,Viktor,45.38,-3.26,-2.94,48.64,368,16.20,EMERALD+,middle,2026-10-09T16:30Z
Azir,Zoe,45.76,-1.65,-1.34,47.41,118,16.20,EMERALD+,middle,2026-10-09T16:30Z
Azir,Twisted Fate,45.95,-1.5,-1.19,47.45,222,16.20,EMERALD+,middle,2026-10-09T16:30Z
Azir,Akali,46.12,-3.35,-3.03,49.47,219,16.20,EMERALD+,middle,2026-10-09T16:30Z
Azir,LeBlanc,47.0,-0.87,-0.56,47.87,217,16.20,EMERALD+,middle,2026-10-09T16:30Z
Azir,Hwei,47.14,-0.33,-0.02,47.47,140,16.20,EMERALD+,middle,2026-10-09T16:30Z
Azir,Syndra,47.33,-1.55,-1.23,48.88,300,16.20,EMERALD+,middle,2026-10-09T16:30Z
Azir,Veigar,47.33,-0.84,-0.52,48.17,131,16.20,EMERALD+,middle,2026-10-09T16:30Z
Azir,Qiyana,48.04,-1.33,-1.01,49.37,102,16.20,EMERALD+,middle,2026-10-09T16:30Z
Azir,Xerath,48.66,1.5,1.81,47.16,224,16.20,EMERALD+,middle,2026-10-09T16:30Z
Azir,Ahri,48.74,1.57,1.88,47.17,357,16.20,EMERALD+,middle,2026-10-09T16:30Z
Azir,Fizz,48.88,2.35,2.66,46.53,178,16.20,EMERALD+,middle,2026-10-09T16:30Z
Azir,Yone,49.21,1.7,2.01,47.51,380,16.20,EMERALD+,middle,2026-10-09T16:30Z
Azir,Orianna,49.57,-2.14,-1.82,51.71,115,16.20,EMERALD+,middle,2026-10-09T16:30Z
Azir,Zed,50.5,1.49,1.81,49.01,303,16.20,EMERALD+,middle,2026-10-09T16:30Z
Azir,Katarina,51.19,3.36,3.67,47.83,252,16.20,EMERALD+,middle,2026-10-09T16:30Z
Azir,Diana,51.59,3.61,3.92,47.98,126,16.20,EMERALD+,middle,2026-10-09T16:30Z
Azir,Lux,51.88,5.18,5.49,46.7,160,16.20,EMERALD+,middle,2026-10-09T16:30Z
Azir,Yasuo,52.14,3.37,3.69,48.77,468,16.20,EMERALD+,middle,2026-10-09T16:30Z
Azir,Malzahar,52.6,4.24,4.56,48.36,173,16.20,EMERALD+,middle,2026-10-09T16:30Z
Azir,Irelia,54.87,5.03,5.35,49.84,113,16.20,EMERALD+,middle,2026-10-09T16:30Z
Azir,Lissandra,56.28,8.73,9.04,47.55,183,16.20,EMERALD+,middle,2026-10-09T16:30Z
Cassiopeia,Ekko,41.88,-4.89,-4.89,46.77,117,16.20,EMERALD+,middle,2026-10-09T16:30Z
Cassiopeia,Locke,44.07,-4.61,-4.6,48.68,177,16.20,EMERALD+,middle,2026-10-09T16:30Z
Cassiopeia,LeBlanc,44.44,-3.43,-3.42,47.87,117,16.20,EMERALD+,middle,2026-10-09T16:30Z
Cassiopeia,Zed,44.55,-4.46,-4.45,49.01,220,16.20,EMERALD+,middle,2026-10-09T16:30Z
Cassiopeia,Ahri,45.6,-1.57,-1.57,47.17,193,16.20,EMERALD+,middle,2026-10-09T16:30Z
Cassiopeia,Syndra,45.77,-3.11,-3.1,48.88,201,16.20,EMERALD+,middle,2026-10-09T16:30Z
Cassiopeia,Xerath,45.95,-1.21,-1.21,47.16,111,16.20,EMERALD+,middle,2026-10-09T16:30Z
Cassiopeia,Katarina,46.55,-1.28,-1.27,47.83,174,16.20,EMERALD+,middle,2026-10-09T16:30Z
Cassiopeia,Vladimir,46.91,-0.9,-0.89,47.81,162,16.20,EMERALD+,middle,2026-10-09T16:30Z
Cassiopeia,Viktor,48.35,-0.29,-0.28,48.64,242,16.20,EMERALD+,middle,2026-10-09T16:30Z
Cassiopeia,Twisted Fate,48.7,1.25,1.25,47.45,115,16.20,EMERALD+,middle,2026-10-09T16:30Z
Cassiopeia,Akali,49.04,-0.43,-0.42,49.47,104,16.20,EMERALD+,middle,2026-10-09T16:30Z
Cassiopeia,Yasuo,49.76,0.99,1.0,48.77,209,16.20,EMERALD+,middle,2026-10-09T16:30Z
Cassiopeia,Sylas,50.45,0.03,0.04,50.42,222,16.20,EMERALD+,middle,2026-10-09T16:30Z
Cassiopeia,Lissandra,51.61,4.06,4.06,47.55,124,16.20,EMERALD+,middle,2026-10-09T16:30Z
Cassiopeia,Yone,52.02,4.51,4.51,47.51,198,16.20,EMERALD+,middle,2026-10-09T16:30Z
Cho'Gath,Yone,47.69,0.18,-3.34,47.51,130,16.20,EMERALD+,middle,2026-10-09T16:30Z
Cho'Gath,Zed,50.0,0.99,-2.53,49.01,154,16.20,EMERALD+,middle,2026-10-09T16:30Z
Cho'Gath,Katarina,50.36,2.53,-0.99,47.83,139,16.20,EMERALD+,middle,2026-10-09T16:30Z
Cho'Gath,Ahri,51.72,4.55,1.03,47.17,116,16.20,EMERALD+,middle,2026-10-09T16:30Z
Cho'Gath,Yasuo,52.33,3.56,0.04,48.77,172,16.20,EMERALD+,middle,2026-10-09T16:30Z
Cho'Gath,Locke,52.59,3.91,0.39,48.68,116,16.20,EMERALD+,middle,2026-10-09T16:30Z
Cho'Gath,Viktor,55.17,6.53,3.01,48.64,145,16.20,EMERALD+,middle,2026-10-09T16:30Z
Cho'Gath,Sylas,61.11,10.69,7.17,50.42,126,16.20,EMERALD+,middle,2026-10-09T16:30Z
Diana,Lux,45.82,-0.85,-4.29,46.67,275,16.20,EMERALD+,middle,2026-10-09T16:30Z
Diana,Aurelion Sol,46.9,-0.59,-4.03,47.49,113,16.20,EMERALD+,middle,2026-10-09T16:30Z
Diana,Taliyah,47.66,-2.12,-5.56,49.78,107,16.20,EMERALD+,middle,2026-10-09T16:30Z
Diana,Zoe,48.29,0.86,-2.58,47.43,205,16.20,EMERALD+,middle,2026-10-09T16:30Z
Diana,Xerath,48.65,1.49,-1.95,47.16,296,16.20,EMERALD+,middle,2026-10-09T16:30Z
Diana,Vladimir,48.67,0.84,-2.6,47.83,339,16.20,EMERALD+,middle,2026-10-09T16:30Z
Diana,Lissandra,48.72,1.19,-2.25,47.53,392,16.20,EMERALD+,middle,2026-10-09T16:30Z
Diana,Vex,48.88,2.93,-0.5,45.95,223,16.20,EMERALD+,middle,2026-10-09T16:30Z
Diana,Yasuo,49.16,0.41,-3.03,48.75,596,16.20,EMERALD+,middle,2026-10-09T16:30Z
Diana,Anivia,49.37,0.8,-2.64,48.57,158,16.20,EMERALD+,middle,2026-10-09T16:30Z
Diana,Ahri,49.55,2.38,-1.06,47.17,674,16.20,EMERALD+,middle,2026-10-09T16:30Z
Diana,Kassadin,49.74,0.93,-2.51,48.81,195,16.20,EMERALD+,middle,2026-10-09T16:30Z
Diana,Fizz,50.35,3.93,0.49,46.42,423,16.20,EMERALD+,middle,2026-10-09T16:30Z
Diana,Locke,50.55,1.95,-1.49,48.6,635,16.20,EMERALD+,middle,2026-10-09T16:30Z
Diana,Syndra,50.68,1.77,-1.67,48.91,513,16.20,EMERALD+,middle,2026-10-09T16:30Z
Diana,Ekko,51.01,4.2,0.76,46.81,347,16.20,EMERALD+,middle,2026-10-09T16:30Z
Diana,Yone,51.11,3.59,0.15,47.52,628,16.20,EMERALD+,middle,2026-10-09T16:30Z
Diana,Viktor,51.16,2.46,-0.98,48.7,688,16.20,EMERALD+,middle,2026-10-09T16:30Z
Diana,Veigar,51.5,3.31,-0.13,48.19,233,16.20,EMERALD+,middle,2026-10-09T16:30Z
Diana,Irelia,51.63,1.77,-1.67,49.86,246,16.20,EMERALD+,middle,2026-10-09T16:30Z
Diana,Hwei,51.84,4.38,0.94,47.46,272,16.20,EMERALD+,middle,2026-10-09T16:30Z
Diana,Akali,52.26,2.8,-0.64,49.46,421,16.20,EMERALD+,middle,2026-10-09T16:30Z
Diana,LeBlanc,52.53,4.71,1.27,47.82,495,16.20,EMERALD+,middle,2026-10-09T16:30Z
Diana,Aurora,53.39,5.77,2.33,47.62,236,16.20,EMERALD+,middle,2026-10-09T16:30Z
Diana,Galio,53.76,4.02,0.58,49.74,372,16.20,EMERALD+,middle,2026-10-09T16:30Z
Diana,Zed,54.5,5.51,2.07,48.99,723,16.20,EMERALD+,middle,2026-10-09T16:30Z
Diana,Twisted Fate,54.65,7.28,3.84,47.37,344,16.20,EMERALD+,middle,2026-10-09T16:30Z
Diana,Azir,55.08,3.37,-0.07,51.71,118,16.20,EMERALD+,middle,2026-10-09T16:30Z
Diana,Sylas,55.2,4.78,1.34,50.42,654,16.20,EMERALD+,middle,2026-10-09T16:30Z
Diana,Malzahar,55.22,6.97,3.53,48.25,364,16.20,EMERALD+,middle,2026-10-09T16:30Z
Diana,Talon,55.24,7.21,3.77,48.03,143,16.20,EMERALD+,middle,2026-10-09T16:30Z
Diana,Akshan,55.32,5.37,1.93,49.95,188,16.20,EMERALD+,middle,2026-10-09T16:30Z
Diana,Katarina,56.27,8.46,5.02,47.81,670,16.20,EMERALD+,middle,2026-10-09T16:30Z
Diana,Orianna,57.21,5.57,2.13,51.64,208,16.20,EMERALD+,middle,2026-10-09T16:30Z
Diana,Annie,57.58,10.56,7.12,47.02,132,16.20,EMERALD+,middle,2026-10-09T16:30Z
Diana,Qiyana,58.74,9.42,5.98,49.32,223,16.20,EMERALD+,middle,2026-10-09T16:30Z
Diana,Ryze,58.93,5.81,2.38,53.12,168,16.20,EMERALD+,middle,2026-10-09T16:30Z
Diana,Mel,62.91,10.55,7.12,52.36,151,16.20,EMERALD+,middle,2026-10-09T16:30Z
Ekko,Swain,47.27,-0.67,-5.35,47.94,110,16.20,EMERALD+,middle,2026-10-09T16:30Z
Ekko,LeBlanc,47.66,-0.21,-4.89,47.87,512,16.20,EMERALD+,middle,2026-10-09T16:30Z
Ekko,Anivia,48.67,0.1,-4.58,48.57,226,16.20,EMERALD+,middle,2026-10-09T16:30Z
Ekko,Vex,49.19,3.25,-1.43,45.94,309,16.20,EMERALD+,middle,2026-10-09T16:30Z
Ekko,Aurora,49.65,1.94,-2.74,47.71,284,16.20,EMERALD+,middle,2026-10-09T16:30Z
Ekko,Locke,50.57,1.89,-2.79,48.68,872,16.20,EMERALD+,middle,2026-10-09T16:30Z
Ekko,Ahri,50.61,3.44,-1.24,47.17,982,16.20,EMERALD+,middle,2026-10-09T16:30Z
Ekko,Hwei,50.72,3.25,-1.43,47.47,345,16.20,EMERALD+,middle,2026-10-09T16:30Z
Ekko,Lissandra,50.77,3.22,-1.46,47.55,583,16.20,EMERALD+,middle,2026-10-09T16:30Z
Ekko,Vladimir,50.82,3.01,-1.67,47.81,490,16.20,EMERALD+,middle,2026-10-09T16:30Z
Ekko,Annie,51.32,4.24,-0.44,47.08,189,16.20,EMERALD+,middle,2026-10-09T16:30Z
Ekko,Akali,51.53,2.06,-2.62,49.47,522,16.20,EMERALD+,middle,2026-10-09T16:30Z
Ekko,Aurelion Sol,51.74,4.26,-0.42,47.48,172,16.20,EMERALD+,middle,2026-10-09T16:30Z
Ekko,Malzahar,51.77,3.41,-1.27,48.36,508,16.20,EMERALD+,middle,2026-10-09T16:30Z
Ekko,Yasuo,51.88,3.11,-1.57,48.77,931,16.20,EMERALD+,middle,2026-10-09T16:30Z
Ekko,Kassadin,52.01,3.19,-1.49,48.82,323,16.20,EMERALD+,middle,2026-10-09T16:30Z
Ekko,Fizz,52.18,5.65,0.97,46.53,481,16.20,EMERALD+,middle,2026-10-09T16:30Z
Ekko,Lux,52.51,5.81,1.13,46.7,398,16.20,EMERALD+,middle,2026-10-09T16:30Z
Ekko,Sylas,52.51,2.09,-2.59,50.42,895,16.20,EMERALD+,middle,2026-10-09T16:30Z
Ekko,Twisted Fate,53.0,5.55,0.87,47.45,500,16.20,EMERALD+,middle,2026-10-09T16:30Z
Ekko,Yone,53.01,5.5,0.82,47.51,864,16.20,EMERALD+,middle,2026-10-09T16:30Z
Ekko,Syndra,53.22,4.34,-0.34,48.88,761,16.20,EMERALD+,middle,2026-10-09T16:30Z
Ekko,Diana,53.31,5.33,0.65,47.98,362,16.20,EMERALD+,middle,2026-10-09T16:30Z
Ekko,Viktor,53.87,5.23,0.55,48.64,969,16.20,EMERALD+,middle,2026-10-09T16:30Z
Ekko,Zoe,53.97,6.56,1.88,47.41,302,16.20,EMERALD+,middle,2026-10-09T16:30Z
Ekko,Ryze,54.71,1.62,-3.03,53.09,223,16.20,EMERALD+,middle,2026-10-09T16:30Z
Ekko,Qiyana,54.81,5.44,0.76,49.37,343,16.20,EMERALD+,middle,2026-10-09T16:30Z
Ekko,Xerath,54.85,7.69,3.01,47.16,392,16.20,EMERALD+,middle,2026-10-09T16:30Z
Ekko,Taliyah,55.35,5.49,0.81,49.86,159,16.20,EMERALD+,middle,2026-10-09T16:30Z
Ekko,Talon,55.68,7.65,2.97,48.03,176,16.20,EMERALD+,middle,2026-10-09T16:30Z
Ekko,Mel,55.68,3.38,-1.28,52.3,176,16.20,EMERALD+,middle,2026-10-09T16:30Z
Ekko,Katarina,56.41,8.58,3.9,47.83,741,16.20,EMERALD+,middle,2026-10-09T16:30Z
Ekko,Veigar,56.51,8.34,3.66,48.17,384,16.20,EMERALD+,middle,2026-10-09T16:30Z
Ekko,Akshan,56.63,6.67,1.99,49.96,249,16.20,EMERALD+,middle,2026-10-09T16:30Z
Ekko,Galio,56.89,7.11,2.43,49.78,450,16.20,EMERALD+,middle,2026-10-09T16:30Z
Ekko,Zed,57.69,8.68,4.0,49.01,1080,16.20,EMERALD+,middle,2026-10-09T16:30Z
Ekko,Cassiopeia,59.35,7.89,3.22,51.46,123,16.20,EMERALD+,middle,2026-10-09T16:30Z
Ekko,Azir,59.81,8.04,3.37,51.77,209,16.20,EMERALD+,middle,2026-10-09T16:30Z
Ekko,Irelia,60.29,10.45,5.77,49.84,272,16.20,EMERALD+,middle,2026-10-09T16:30Z
Ekko,Orianna,60.95,9.24,4.57,51.71,274,16.20,EMERALD+,middle,2026-10-09T16:30Z
Fizz,Akshan,48.28,-1.68,-6.6,49.96,203,16.20,EMERALD+,middle,2026-10-09T16:30Z
Fizz,Zoe,48.78,1.37,-3.55,47.41,328,16.20,EMERALD+,middle,2026-10-09T16:30Z
Fizz,Annie,49.17,2.09,-2.83,47.08,181,16.20,EMERALD+,middle,2026-10-09T16:30Z
Fizz,Yone,49.24,1.73,-3.19,47.51,857,16.20,EMERALD+,middle,2026-10-09T16:30Z
Fizz,Aurora,49.58,1.87,-3.05,47.71,240,16.20,EMERALD+,middle,2026-10-09T16:30Z
Fizz,Pantheon,50.0,3.13,-1.79,46.87,174,16.20,EMERALD+,middle,2026-10-09T16:30Z
Fizz,Yasuo,50.24,1.47,-3.45,48.77,1029,16.20,EMERALD+,middle,2026-10-09T16:30Z
Fizz,Ekko,50.32,3.55,-1.37,46.77,475,16.20,EMERALD+,middle,2026-10-09T16:30Z
Fizz,Lissandra,50.88,3.33,-1.59,47.55,851,16.20,EMERALD+,middle,2026-10-09T16:30Z
Fizz,Kassadin,51.49,2.67,-2.25,48.82,404,16.20,EMERALD+,middle,2026-10-09T16:30Z
Fizz,Vex,51.49,5.55,0.63,45.94,369,16.20,EMERALD+,middle,2026-10-09T16:30Z
Fizz,Akali,51.52,2.05,-2.87,49.47,627,16.20,EMERALD+,middle,2026-10-09T16:30Z
Fizz,Sylas,51.76,1.34,-3.58,50.42,796,16.20,EMERALD+,middle,2026-10-09T16:30Z
Fizz,Diana,51.83,3.85,-1.07,47.98,436,16.20,EMERALD+,middle,2026-10-09T16:30Z
Fizz,Vladimir,52.06,4.25,-0.67,47.81,607,16.20,EMERALD+,middle,2026-10-09T16:30Z
Fizz,Viktor,52.35,3.71,-1.21,48.64,831,16.20,EMERALD+,middle,2026-10-09T16:30Z
Fizz,Lux,52.57,5.87,0.95,46.7,506,16.20,EMERALD+,middle,2026-10-09T16:30Z
Fizz,Katarina,52.64,4.81,-0.11,47.83,908,16.20,EMERALD+,middle,2026-10-09T16:30Z
Fizz,Veigar,52.69,4.52,-0.4,48.17,484,16.20,EMERALD+,middle,2026-10-09T16:30Z
Fizz,Locke,53.2,4.52,-0.4,48.68,782,16.20,EMERALD+,middle,2026-10-09T16:30Z
Fizz,LeBlanc,53.68,5.81,0.89,47.87,598,16.20,EMERALD+,middle,2026-10-09T16:30Z
Fizz,Ahri,53.79,6.62,1.7,47.17,989,16.20,EMERALD+,middle,2026-10-09T16:30Z
Fizz,Taliyah,53.85,3.99,-0.93,49.86,143,16.20,EMERALD+,middle,2026-10-09T16:30Z
Fizz,Irelia,53.96,4.12,-0.8,49.84,278,16.20,EMERALD+,middle,2026-10-09T16:30Z
Fizz,Twisted Fate,53.98,6.53,1.61,47.45,591,16.20,EMERALD+,middle,2026-10-09T16:30Z
Fizz,Qiyana,54.25,4.88,-0.04,49.37,306,16.20,EMERALD+,middle,2026-10-09T16:30Z
Fizz,Azir,54.3,2.53,-2.38,51.77,186,16.20,EMERALD+,middle,2026-10-09T16:30Z
Fizz,Vel'Koz,54.46,5.75,0.83,48.71,101,16.20,EMERALD+,middle,2026-10-09T16:30Z
Fizz,Zed,55.08,6.07,1.15,49.01,1162,16.20,EMERALD+,middle,2026-10-09T16:30Z
Fizz,Galio,55.59,5.81,0.89,49.78,653,16.20,EMERALD+,middle,2026-10-09T16:30Z
Fizz,Talon,55.77,7.74,2.82,48.03,208,16.20,EMERALD+,middle,2026-10-09T16:30Z
Fizz,Xerath,56.09,8.93,4.01,47.16,583,16.20,EMERALD+,middle,2026-10-09T16:30Z
Fizz,Syndra,57.22,8.34,3.42,48.88,1136,16.20,EMERALD+,middle,2026-10-09T16:30Z
Fizz,Malzahar,57.62,9.26,4.34,48.36,564,16.20,EMERALD+,middle,2026-10-09T16:30Z
Fizz,Aurelion Sol,57.63,10.15,5.23,47.48,177,16.20,EMERALD+,middle,2026-10-09T16:30Z
Fizz,Ryze,57.83,4.74,-0.15,53.09,230,16.20,EMERALD+,middle,2026-10-09T16:30Z
Fizz,Anivia,58.1,9.53,4.61,48.57,210,16.20,EMERALD+,middle,2026-10-09T16:30Z
Fizz,Hwei,58.19,10.72,5.8,47.47,397,16.20,EMERALD+,middle,2026-10-09T16:30Z
Fizz,Orianna,59.21,7.5,2.59,51.71,277,16.20,EMERALD+,middle,2026-10-09T16:30Z
Fizz,Nasus,60.32,12.59,7.67,47.73,126,16.20,EMERALD+,middle,2026-10-09T16:30Z
Fizz,Mel,64.86,12.56,7.66,52.3,276,16.20,EMERALD+,middle,2026-10-09T16:30Z
Galio,Nasus,42.06,-5.67,-7.34,47.73,107,16.20,EMERALD+,middle,2026-10-09T16:30Z
Galio,Vex,44.02,-1.92,-3.59,45.94,209,16.20,EMERALD+,middle,2026-10-09T16:30Z
Galio,Talon,44.91,-3.12,-4.79,48.03,167,16.20,EMERALD+,middle,2026-10-09T16:30Z
Galio,Ekko,45.01,-1.76,-3.43,46.77,451,16.20,EMERALD+,middle,2026-10-09T16:30Z
Galio,Zoe,45.57,-1.84,-3.51,47.41,237,16.20,EMERALD+,middle,2026-10-09T16:30Z
Galio,Vladimir,45.85,-1.96,-3.63,47.81,277,16.20,EMERALD+,middle,2026-10-09T16:30Z
Galio,Veigar,45.95,-2.22,-3.89,48.17,222,16.20,EMERALD+,middle,2026-10-09T16:30Z
Galio,Swain,46.15,-1.79,-3.46,47.94,104,16.20,EMERALD+,middle,2026-10-09T16:30Z
Galio,Yasuo,47.06,-1.71,-3.38,48.77,629,16.20,EMERALD+,middle,2026-10-09T16:30Z
Galio,Anivia,47.48,-1.09,-2.76,48.57,139,16.20,EMERALD+,middle,2026-10-09T16:30Z
Galio,Twisted Fate,47.53,0.08,-1.59,47.45,526,16.20,EMERALD+,middle,2026-10-09T16:30Z
Galio,LeBlanc,47.65,-0.22,-1.89,47.87,638,16.20,EMERALD+,middle,2026-10-09T16:30Z
Galio,Viktor,47.71,-0.93,-2.6,48.64,807,16.20,EMERALD+,middle,2026-10-09T16:30Z
Galio,Ahri,48.19,1.02,-0.65,47.17,718,16.20,EMERALD+,middle,2026-10-09T16:30Z
Galio,Hwei,48.36,0.89,-0.78,47.47,335,16.20,EMERALD+,middle,2026-10-09T16:30Z
Galio,Xerath,48.74,1.58,-0.09,47.16,277,16.20,EMERALD+,middle,2026-10-09T16:30Z
Galio,Aurora,48.84,1.13,-0.54,47.71,258,16.20,EMERALD+,middle,2026-10-09T16:30Z
Galio,Lux,49.32,2.62,0.95,46.7,219,16.20,EMERALD+,middle,2026-10-09T16:30Z
Galio,Kassadin,49.41,0.59,-1.08,48.82,170,16.20,EMERALD+,middle,2026-10-09T16:30Z
Galio,Lissandra,49.43,1.88,0.21,47.55,435,16.20,EMERALD+,middle,2026-10-09T16:30Z
Galio,Diana,49.6,1.62,-0.05,47.98,371,16.20,EMERALD+,middle,2026-10-09T16:30Z
Galio,Orianna,49.79,-1.92,-3.59,51.71,243,16.20,EMERALD+,middle,2026-10-09T16:30Z
Galio,Smolder,50.0,-4.3,-5.97,54.3,112,16.20,EMERALD+,middle,2026-10-09T16:30Z
Galio,Fizz,50.08,3.55,1.88,46.53,639,16.20,EMERALD+,middle,2026-10-09T16:30Z
Galio,Aurelion Sol,50.4,2.92,1.25,47.48,125,16.20,EMERALD+,middle,2026-10-09T16:30Z
Galio,Zed,50.59,1.58,-0.09,49.01,512,16.20,EMERALD+,middle,2026-10-09T16:30Z
Galio,Yone,50.73,3.22,1.55,47.51,755,16.20,EMERALD+,middle,2026-10-09T16:30Z
Galio,Pantheon,51.46,4.59,2.92,46.87,103,16.20,EMERALD+,middle,2026-10-09T16:30Z
Galio,Syndra,51.91,3.03,1.36,48.88,601,16.20,EMERALD+,middle,2026-10-09T16:30Z
Galio,Tristana,52.14,0.84,-0.83,51.3,117,16.20,EMERALD+,middle,2026-10-09T16:30Z
Galio,Katarina,52.48,4.65,2.98,47.83,785,16.20,EMERALD+,middle,2026-10-09T16:30Z
Galio,Taliyah,52.94,3.08,1.41,49.86,136,16.20,EMERALD+,middle,2026-10-09T16:30Z
Galio,Locke,53.09,4.41,2.74,48.68,1085,16.20,EMERALD+,middle,2026-10-09T16:30Z
Galio,Annie,53.62,6.54,4.87,47.08,138,16.20,EMERALD+,middle,2026-10-09T16:30Z
Galio,Akali,53.97,4.5,2.83,49.47,780,16.20,EMERALD+,middle,2026-10-09T16:30Z
Galio,Sylas,54.16,3.74,2.07,50.42,746,16.20,EMERALD+,middle,2026-10-09T16:30Z
Galio,Akshan,54.96,5.0,3.33,49.96,131,16.20,EMERALD+,middle,2026-10-09T16:30Z
Galio,Malzahar,55.46,7.1,5.43,48.36,348,16.20,EMERALD+,middle,2026-10-09T16:30Z
Galio,Lucian,55.56,-1.43,-3.1,56.99,117,16.20,EMERALD+,middle,2026-10-09T16:30Z
Galio,Ryze,55.76,2.67,1.0,53.09,165,16.20,EMERALD+,middle,2026-10-09T16:30Z
Galio,Irelia,57.08,7.24,5.57,49.84,212,16.20,EMERALD+,middle,2026-10-09T16:30Z
Galio,Qiyana,57.42,8.05,6.38,49.37,209,16.20,EMERALD+,middle,2026-10-09T16:30Z
Galio,Mel,58.54,6.24,4.57,52.3,123,16.20,EMERALD+,middle,2026-10-09T16:30Z
Galio,Azir,61.48,9.71,8.04,51.77,122,16.20,EMERALD+,middle,2026-10-09T16:30Z
Hwei,Talon,45.13,-2.9,-6.88,48.03,113,16.20,EMERALD+,middle,2026-10-09T16:30Z
Hwei,Twisted Fate,45.82,-1.63,-5.61,47.45,491,16.20,EMERALD+,middle,2026-10-09T16:30Z
Hwei,Katarina,46.25,-1.58,-5.56,47.83,467,16.20,EMERALD+,middle,2026-10-09T16:30Z
Hwei,Fizz,47.03,0.5,-3.48,46.53,404,16.20,EMERALD+,middle,2026-10-09T16:30Z
Hwei,Lux,47.94,1.24,-2.74,46.7,388,16.20,EMERALD+,middle,2026-10-09T16:30Z
Hwei,Aurelion Sol,48.0,0.52,-3.46,47.48,150,16.20,EMERALD+,middle,2026-10-09T16:30Z
Hwei,Diana,48.74,0.76,-3.22,47.98,277,16.20,EMERALD+,middle,2026-10-09T16:30Z
Hwei,Aurora,49.37,1.66,-2.32,47.71,237,16.20,EMERALD+,middle,2026-10-09T16:30Z
Hwei,Xerath,49.91,2.75,-1.23,47.16,565,16.20,EMERALD+,middle,2026-10-09T16:30Z
Hwei,Irelia,50.0,0.16,-3.82,49.84,228,16.20,EMERALD+,middle,2026-10-09T16:30Z
Hwei,Ahri,50.24,3.07,-0.91,47.17,824,16.20,EMERALD+,middle,2026-10-09T16:30Z
Hwei,Zoe,51.33,3.92,-0.06,47.41,226,16.20,EMERALD+,middle,2026-10-09T16:30Z
Hwei,Yone,51.33,3.82,-0.16,47.51,637,16.20,EMERALD+,middle,2026-10-09T16:30Z
Hwei,Ekko,51.47,4.7,0.72,46.77,340,16.20,EMERALD+,middle,2026-10-09T16:30Z
Hwei,Lissandra,51.59,4.04,0.06,47.55,440,16.20,EMERALD+,middle,2026-10-09T16:30Z
Hwei,Syndra,51.96,3.08,-0.9,48.88,764,16.20,EMERALD+,middle,2026-10-09T16:30Z
Hwei,Locke,52.46,3.78,-0.2,48.68,589,16.20,EMERALD+,middle,2026-10-09T16:30Z
Hwei,Yasuo,52.61,3.84,-0.14,48.77,652,16.20,EMERALD+,middle,2026-10-09T16:30Z
Hwei,Taliyah,52.73,2.87,-1.11,49.86,110,16.20,EMERALD+,middle,2026-10-09T16:30Z
Hwei,Viktor,52.88,4.24,0.26,48.64,1008,16.20,EMERALD+,middle,2026-10-09T16:30Z
Hwei,LeBlanc,52.89,5.02,1.04,47.87,380,16.20,EMERALD+,middle,2026-10-09T16:30Z
Hwei,Annie,52.99,5.91,1.93,47.08,134,16.20,EMERALD+,middle,2026-10-09T16:30Z
Hwei,Cassiopeia,53.27,1.81,-2.16,51.46,107,16.20,EMERALD+,middle,2026-10-09T16:30Z
Hwei,Malzahar,53.45,5.09,1.11,48.36,464,16.20,EMERALD+,middle,2026-10-09T16:30Z
Hwei,Sylas,53.56,3.14,-0.84,50.42,562,16.20,EMERALD+,middle,2026-10-09T16:30Z
Hwei,Zed,53.91,4.9,0.92,49.01,588,16.20,EMERALD+,middle,2026-10-09T16:30Z
Hwei,Orianna,54.42,2.71,-1.26,51.71,283,16.20,EMERALD+,middle,2026-10-09T16:30Z
Hwei,Azir,54.79,3.02,-0.95,51.77,146,16.20,EMERALD+,middle,2026-10-09T16:30Z
Hwei,Galio,54.88,5.1,1.12,49.78,328,16.20,EMERALD+,middle,2026-10-09T16:30Z
Hwei,Veigar,55.27,7.1,3.12,48.17,313,16.20,EMERALD+,middle,2026-10-09T16:30Z
Hwei,Mel,55.56,3.26,-0.71,52.3,243,16.20,EMERALD+,middle,2026-10-09T16:30Z
Hwei,Qiyana,55.65,6.28,2.3,49.37,239,16.20,EMERALD+,middle,2026-10-09T16:30Z
Hwei,Akshan,56.08,6.12,2.14,49.96,189,16.20,EMERALD+,middle,2026-10-09T16:30Z
Hwei,Kassadin,56.57,7.75,3.77,48.82,198,16.20,EMERALD+,middle,2026-10-09T16:30Z
Hwei,Vladimir,56.77,8.96,4.98,47.81,347,16.20,EMERALD+,middle,2026-10-09T16:30Z
Hwei,Vex,56.83,10.89,6.92,45.94,278,16.20,EMERALD+,middle,2026-10-09T16:30Z
Hwei,Akali,58.39,8.92,4.94,49.47,435,16.20,EMERALD+,middle,2026-10-09T16:30Z
Hwei,Anivia,60.94,12.37,8.39,48.57,233,16.20,EMERALD+,middle,2026-10-09T16:30Z
Hwei,Ryze,65.17,12.08,8.12,53.09,178,16.20,EMERALD+,middle,2026-10-09T16:30Z
Irelia,Malphite,39.42,-7.63,-9.24,47.05,104,16.20,EMERALD+,middle,2026-10-09T16:30Z
Irelia,Ekko,42.42,-4.35,-5.96,46.77,264,16.20,EMERALD+,middle,2026-10-09T16:30Z
Irelia,Lissandra,44.63,-2.92,-4.53,47.55,307,16.20,EMERALD+,middle,2026-10-09T16:30Z
Irelia,Annie,46.0,-1.08,-2.69,47.08,100,16.20,EMERALD+,middle,2026-10-09T16:30Z
Irelia,Katarina,46.01,-1.82,-3.43,47.83,426,16.20,EMERALD+,middle,2026-10-09T16:30Z
Irelia,Locke,46.81,-1.87,-3.48,48.68,470,16.20,EMERALD+,middle,2026-10-09T16:30Z
Irelia,Azir,46.85,-4.92,-6.53,51.77,111,16.20,EMERALD+,middle,2026-10-09T16:30Z
Irelia,Galio,47.12,-2.66,-4.27,49.78,208,16.20,EMERALD+,middle,2026-10-09T16:30Z
Irelia,Zoe,47.13,-0.28,-1.89,47.41,174,16.20,EMERALD+,middle,2026-10-09T16:30Z
Irelia,Aurelion Sol,47.32,-0.16,-1.77,47.48,112,16.20,EMERALD+,middle,2026-10-09T16:30Z
Irelia,Vex,47.37,1.43,-0.18,45.94,247,16.20,EMERALD+,middle,2026-10-09T16:30Z
Irelia,Vladimir,48.26,0.45,-1.16,47.81,288,16.20,EMERALD+,middle,2026-10-09T16:30Z
Irelia,Sylas,48.38,-2.04,-3.65,50.42,432,16.20,EMERALD+,middle,2026-10-09T16:30Z
Irelia,Ahri,48.5,1.33,-0.28,47.17,532,16.20,EMERALD+,middle,2026-10-09T16:30Z
Irelia,Anivia,48.89,0.32,-1.29,48.57,135,16.20,EMERALD+,middle,2026-10-09T16:30Z
Irelia,Fizz,49.24,2.71,1.1,46.53,264,16.20,EMERALD+,middle,2026-10-09T16:30Z
Irelia,Twisted Fate,49.48,2.03,0.42,47.45,289,16.20,EMERALD+,middle,2026-10-09T16:30Z
Irelia,Yasuo,50.09,1.32,-0.29,48.77,553,16.20,EMERALD+,middle,2026-10-09T16:30Z
Irelia,Malzahar,50.46,2.1,0.49,48.36,327,16.20,EMERALD+,middle,2026-10-09T16:30Z
Irelia,Kassadin,50.82,2.0,0.39,48.82,183,16.20,EMERALD+,middle,2026-10-09T16:30Z
Irelia,Veigar,50.93,2.76,1.15,48.17,161,16.20,EMERALD+,middle,2026-10-09T16:30Z
Irelia,Taliyah,50.98,1.12,-0.49,49.86,102,16.20,EMERALD+,middle,2026-10-09T16:30Z
Irelia,Akali,51.52,2.05,0.44,49.47,396,16.20,EMERALD+,middle,2026-10-09T16:30Z
Irelia,Yone,52.09,4.58,2.97,47.51,599,16.20,EMERALD+,middle,2026-10-09T16:30Z
Irelia,Zed,52.17,3.16,1.55,49.01,669,16.20,EMERALD+,middle,2026-10-09T16:30Z
Irelia,Syndra,52.17,3.29,1.68,48.88,414,16.20,EMERALD+,middle,2026-10-09T16:30Z
Irelia,Talon,52.48,4.45,2.84,48.03,101,16.20,EMERALD+,middle,2026-10-09T16:30Z
Irelia,LeBlanc,52.58,4.71,3.1,47.87,310,16.20,EMERALD+,middle,2026-10-09T16:30Z
Irelia,Lux,52.79,6.09,4.48,46.7,197,16.20,EMERALD+,middle,2026-10-09T16:30Z
Irelia,Aurora,52.9,5.19,3.58,47.71,155,16.20,EMERALD+,middle,2026-10-09T16:30Z
Irelia,Xerath,52.94,5.78,4.17,47.16,221,16.20,EMERALD+,middle,2026-10-09T16:30Z
Irelia,Diana,53.04,5.06,3.45,47.98,247,16.20,EMERALD+,middle,2026-10-09T16:30Z
Irelia,Viktor,53.1,4.46,2.85,48.64,612,16.20,EMERALD+,middle,2026-10-09T16:30Z
Irelia,Hwei,53.39,5.92,4.31,47.47,221,16.20,EMERALD+,middle,2026-10-09T16:30Z
Irelia,Akshan,53.85,3.89,2.28,49.96,156,16.20,EMERALD+,middle,2026-10-09T16:30Z
Irelia,Qiyana,55.43,6.06,4.45,49.37,184,16.20,EMERALD+,middle,2026-10-09T16:30Z
Irelia,Ryze,57.85,4.76,3.15,53.09,121,16.20,EMERALD+,middle,2026-10-09T16:30Z
Irelia,Orianna,57.87,6.16,4.55,51.71,178,16.20,EMERALD+,middle,2026-10-09T16:30Z
Irelia,Mel,61.47,9.17,7.56,52.3,109,16.20,EMERALD+,middle,2026-10-09T16:30Z
Kassadin,Vex,43.83,-2.11,-4.73,45.94,162,16.20,EMERALD+,middle,2026-10-09T16:30Z
Kassadin,Hwei,46.15,-1.32,-3.95,47.47,208,16.20,EMERALD+,middle,2026-10-09T16:30Z
Kassadin,Lux,46.28,-0.42,-3.05,46.7,242,16.20,EMERALD+,middle,2026-10-09T16:30Z
Kassadin,Akshan,46.99,-2.97,-5.6,49.96,166,16.20,EMERALD+,middle,2026-10-09T16:30Z
Kassadin,Veigar,47.7,-0.47,-3.1,48.17,283,16.20,EMERALD+,middle,2026-10-09T16:30Z
Kassadin,Talon,47.79,-0.24,-2.87,48.03,113,16.20,EMERALD+,middle,2026-10-09T16:30Z
Kassadin,Pantheon,48.04,1.17,-1.46,46.87,102,16.20,EMERALD+,middle,2026-10-09T16:30Z
Kassadin,Yone,48.41,0.9,-1.73,47.51,692,16.20,EMERALD+,middle,2026-10-09T16:30Z
Kassadin,Anivia,48.45,-0.12,-2.75,48.57,161,16.20,EMERALD+,middle,2026-10-09T16:30Z
Kassadin,Syndra,48.58,-0.3,-2.93,48.88,457,16.20,EMERALD+,middle,2026-10-09T16:30Z
Kassadin,Zed,48.65,-0.36,-2.99,49.01,333,16.20,EMERALD+,middle,2026-10-09T16:30Z
Kassadin,Ekko,48.95,2.18,-0.45,46.77,333,16.20,EMERALD+,middle,2026-10-09T16:30Z
Kassadin,Aurora,49.43,1.72,-0.91,47.71,174,16.20,EMERALD+,middle,2026-10-09T16:30Z
Kassadin,Vladimir,49.57,1.76,-0.87,47.81,347,16.20,EMERALD+,middle,2026-10-09T16:30Z
Kassadin,Ahri,49.66,2.49,-0.14,47.17,586,16.20,EMERALD+,middle,2026-10-09T16:30Z
Kassadin,Irelia,49.73,-0.11,-2.74,49.84,183,16.20,EMERALD+,middle,2026-10-09T16:30Z
Kassadin,LeBlanc,49.85,1.98,-0.65,47.87,343,16.20,EMERALD+,middle,2026-10-09T16:30Z
Kassadin,Fizz,49.87,3.34,0.71,46.53,379,16.20,EMERALD+,middle,2026-10-09T16:30Z
Kassadin,Ryze,50.0,-3.09,-5.71,53.09,118,16.20,EMERALD+,middle,2026-10-09T16:30Z
Kassadin,Nasus,50.0,2.27,-0.36,47.73,102,16.20,EMERALD+,middle,2026-10-09T16:30Z
Kassadin,Lissandra,50.31,2.76,0.13,47.55,324,16.20,EMERALD+,middle,2026-10-09T16:30Z
Kassadin,Qiyana,50.7,1.33,-1.3,49.37,213,16.20,EMERALD+,middle,2026-10-09T16:30Z
Kassadin,Annie,50.82,3.74,1.11,47.08,122,16.20,EMERALD+,middle,2026-10-09T16:30Z
Kassadin,Diana,51.58,3.6,0.97,47.98,190,16.20,EMERALD+,middle,2026-10-09T16:30Z
Kassadin,Malzahar,51.78,3.42,0.79,48.36,309,16.20,EMERALD+,middle,2026-10-09T16:30Z
Kassadin,Katarina,51.82,3.99,1.36,47.83,577,16.20,EMERALD+,middle,2026-10-09T16:30Z
Kassadin,Galio,51.9,2.12,-0.51,49.78,158,16.20,EMERALD+,middle,2026-10-09T16:30Z
Kassadin,Sylas,52.69,2.27,-0.36,50.42,372,16.20,EMERALD+,middle,2026-10-09T16:30Z
Kassadin,Viktor,52.83,4.19,1.56,48.64,547,16.20,EMERALD+,middle,2026-10-09T16:30Z
Kassadin,Locke,52.84,4.16,1.53,48.68,581,16.20,EMERALD+,middle,2026-10-09T16:30Z
Kassadin,Twisted Fate,53.33,5.88,3.25,47.45,285,16.20,EMERALD+,middle,2026-10-09T16:30Z
Kassadin,Akali,53.57,4.1,1.47,49.47,308,16.20,EMERALD+,middle,2026-10-09T16:30Z
Kassadin,Zoe,54.12,6.71,4.08,47.41,194,16.20,EMERALD+,middle,2026-10-09T16:30Z
Kassadin,Xerath,54.51,7.35,4.72,47.16,255,16.20,EMERALD+,middle,2026-10-09T16:30Z
Kassadin,Yasuo,54.65,5.88,3.25,48.77,613,16.20,EMERALD+,middle,2026-10-09T16:30Z
Kassadin,Tristana,56.16,4.86,2.23,51.3,146,16.20,EMERALD+,middle,2026-10-09T16:30Z
Kassadin,Mel,57.28,4.98,2.35,52.3,103,16.20,EMERALD+,middle,2026-10-09T16:30Z
Kassadin,Azir,59.83,8.06,5.43,51.77,117,16.20,EMERALD+,middle,2026-10-09T16:30Z
Kassadin,Aurelion Sol,60.14,12.66,10.03,47.48,138,16.20,EMERALD+,middle,2026-10-09T16:30Z
Kassadin,Orianna,62.07,10.36,7.73,51.71,174,16.20,EMERALD+,middle,2026-10-09T16:30Z
Katarina,Garen,43.85,-3.53,-7.15,47.38,187,16.20,EMERALD+,middle,2026-10-09T16:30Z
Katarina,Lux,46.7,-0.0,-3.62,46.7,636,16.20,EMERALD+,middle,2026-10-09T16:30Z
Katarina,Vladimir,46.99,-0.82,-4.44,47.81,879,16.20,EMERALD+,middle,2026-10-09T16:30Z
Katarina,Ekko,47.42,0.65,-2.97,46.77,717,16.20,EMERALD+,middle,2026-10-09T16:30Z
Katarina,Lissandra,47.78,0.23,-3.39,47.55,1034,16.20,EMERALD+,middle,2026-10-09T16:30Z
Katarina,Yasuo,47.95,-0.82,-4.44,48.77,1343,16.20,EMERALD+,middle,2026-10-09T16:30Z
Katarina,Pantheon,48.31,1.44,-2.18,46.87,178,16.20,EMERALD+,middle,2026-10-09T16:30Z
Katarina,Diana,48.76,0.78,-2.84,47.98,683,16.20,EMERALD+,middle,2026-10-09T16:30Z
Katarina,Galio,49.41,-0.37,-3.99,49.78,765,16.20,EMERALD+,middle,2026-10-09T16:30Z
Katarina,Malphite,49.55,2.5,-1.12,47.05,111,16.20,EMERALD+,middle,2026-10-09T16:30Z
Katarina,Naafiri,49.57,-0.74,-4.36,50.31,117,16.20,EMERALD+,middle,2026-10-09T16:30Z
Katarina,Aurelion Sol,49.78,2.3,-1.32,47.48,231,16.20,EMERALD+,middle,2026-10-09T16:30Z
Katarina,Vex,49.83,3.89,0.28,45.94,586,16.20,EMERALD+,middle,2026-10-09T16:30Z
Katarina,Jayce,50.0,-0.64,-4.26,50.64,112,16.20,EMERALD+,middle,2026-10-09T16:30Z
Katarina,Twisted Fate,50.07,2.62,-1.0,47.45,711,16.20,EMERALD+,middle,2026-10-09T16:30Z
Katarina,Akali,50.21,0.74,-2.88,49.47,960,16.20,EMERALD+,middle,2026-10-09T16:30Z
Katarina,Kassadin,50.25,1.43,-2.19,48.82,603,16.20,EMERALD+,middle,2026-10-09T16:30Z
Katarina,Nasus,50.28,2.55,-1.07,47.73,179,16.20,EMERALD+,middle,2026-10-09T16:30Z
Katarina,Azir,50.8,-0.97,-4.58,51.77,250,16.20,EMERALD+,middle,2026-10-09T16:30Z
Katarina,Fizz,50.84,4.31,0.69,46.53,897,16.20,EMERALD+,middle,2026-10-09T16:30Z
Katarina,Viktor,51.33,2.69,-0.93,48.64,1128,16.20,EMERALD+,middle,2026-10-09T16:30Z
Katarina,Anivia,51.85,3.28,-0.34,48.57,297,16.20,EMERALD+,middle,2026-10-09T16:30Z
Katarina,Annie,51.86,4.78,1.16,47.08,322,16.20,EMERALD+,middle,2026-10-09T16:30Z
Katarina,Zoe,51.89,4.48,0.86,47.41,424,16.20,EMERALD+,middle,2026-10-09T16:30Z
Katarina,Tristana,51.89,0.59,-3.03,51.3,106,16.20,EMERALD+,middle,2026-10-09T16:30Z
Katarina,Locke,51.9,3.22,-0.4,48.68,1106,16.20,EMERALD+,middle,2026-10-09T16:30Z
Katarina,Xerath,52.11,4.95,1.33,47.16,522,16.20,EMERALD+,middle,2026-10-09T16:30Z
Katarina,Ahri,52.8,5.63,2.01,47.17,1377,16.20,EMERALD+,middle,2026-10-09T16:30Z
Katarina,Aurora,52.82,5.11,1.49,47.71,337,16.20,EMERALD+,middle,2026-10-09T16:30Z
Katarina,Talon,53.23,5.2,1.58,48.03,263,16.20,EMERALD+,middle,2026-10-09T16:30Z
Katarina,LeBlanc,53.37,5.5,1.88,47.87,875,16.20,EMERALD+,middle,2026-10-09T16:30Z
Katarina,Yone,53.47,5.96,2.34,47.51,1399,16.20,EMERALD+,middle,2026-10-09T16:30Z
Katarina,Zed,53.61,4.6,0.98,49.01,1259,16.20,EMERALD+,middle,2026-10-09T16:30Z
Katarina,Cho'Gath,54.01,6.08,2.46,47.93,137,16.20,EMERALD+,middle,2026-10-09T16:30Z
Katarina,Lucian,54.37,-2.62,-6.18,56.99,103,16.20,EMERALD+,middle,2026-10-09T16:30Z
Katarina,Syndra,54.85,5.97,2.35,48.88,1041,16.20,EMERALD+,middle,2026-10-09T16:30Z
Katarina,Hwei,55.18,7.71,4.09,47.47,473,16.20,EMERALD+,middle,2026-10-09T16:30Z
Katarina,Kayle,55.34,5.76,2.14,49.58,103,16.20,EMERALD+,middle,2026-10-09T16:30Z
Katarina,Malzahar,55.6,7.24,3.62,48.36,813,16.20,EMERALD+,middle,2026-10-09T16:30Z
Katarina,Swain,55.94,8.0,4.38,47.94,143,16.20,EMERALD+,middle,2026-10-09T16:30Z
Katarina,Sylas,56.06,5.64,2.02,50.42,1031,16.20,EMERALD+,middle,2026-10-09T16:30Z
Katarina,Irelia,56.28,6.44,2.82,49.84,462,16.20,EMERALD+,middle,2026-10-09T16:30Z
Katarina,Akshan,56.46,6.5,2.88,49.96,356,16.20,EMERALD+,middle,2026-10-09T16:30Z
Katarina,Ryze,56.52,3.43,-0.18,53.09,276,16.20,EMERALD+,middle,2026-10-09T16:30Z
Katarina,Orianna,56.78,5.07,1.46,51.71,391,16.20,EMERALD+,middle,2026-10-09T16:30Z
Katarina,Cassiopeia,57.06,5.6,1.98,51.46,177,16.20,EMERALD+,middle,2026-10-09T16:30Z
Katarina,Veigar,57.43,9.26,5.64,48.17,592,16.20,EMERALD+,middle,2026-10-09T16:30Z
Katarina,Qiyana,57.48,8.11,4.49,49.37,468,16.20,EMERALD+,middle,2026-10-09T16:30Z
Katarina,Mel,58.37,6.07,2.46,52.3,245,16.20,EMERALD+,middle,2026-10-09T16:30Z
Katarina,Taliyah,58.64,8.78,5.16,49.86,162,16.20,EMERALD+,middle,2026-10-09T16:30Z
Katarina,Vel'Koz,58.65,9.94,6.32,48.71,104,16.20,EMERALD+,middle,2026-10-09T16:30Z
Kog'Maw,Yasuo,40.46,-8.31,-10.77,48.77,131,16.20,EMERALD+,middle,2026-10-09T16:30Z
Kog'Maw,Locke,44.93,-3.75,-6.21,48.68,138,16.20,EMERALD+,middle,2026-10-09T16:30Z
Kog'Maw,Yone,45.6,-1.91,-4.37,47.51,125,16.20,EMERALD+,middle,2026-10-09T16:30Z
Kog'Maw,Sylas,47.27,-3.15,-5.61,50.42,110,16.20,EMERALD+,middle,2026-10-09T16:30Z
Kog'Maw,Twisted Fate,51.43,3.98,1.52,47.45,105,16.20,EMERALD+,middle,2026-10-09T16:30Z
Kog'Maw,Ahri,54.0,6.83,4.37,47.17,200,16.20,EMERALD+,middle,2026-10-09T16:30Z
Kog'Maw,Zed,55.45,6.44,3.98,49.01,101,16.20,EMERALD+,middle,2026-10-09T16:30Z
Kog'Maw,Viktor,56.52,7.88,5.42,48.64,184,16.20,EMERALD+,middle,2026-10-09T16:30Z
Kog'Maw,Lissandra,57.14,9.59,7.13,47.55,105,16.20,EMERALD+,middle,2026-10-09T16:30Z
Kog'Maw,Syndra,57.43,8.55,6.09,48.88,148,16.20,EMERALD+,middle,2026-10-09T16:30Z
LeBlanc,Vex,45.32,-0.62,-4.19,45.94,790,16.20,EMERALD+,middle,2026-10-09T16:30Z
LeBlanc,Malzahar,47.11,-1.25,-4.83,48.36,709,16.20,EMERALD+,middle,2026-10-09T16:30Z
LeBlanc,Twisted Fate,47.8,0.35,-3.23,47.45,613,16.20,EMERALD+,middle,2026-10-09T16:30Z
LeBlanc,Akshan,48.11,-1.85,-5.43,49.96,318,16.20,EMERALD+,middle,2026-10-09T16:30Z
LeBlanc,Talon,48.23,0.2,-3.38,48.03,141,16.20,EMERALD+,middle,2026-10-09T16:30Z
LeBlanc,Xerath,48.55,1.39,-2.19,47.16,552,16.20,EMERALD+,middle,2026-10-09T16:30Z
LeBlanc,Naafiri,48.87,-1.44,-5.02,50.31,133,16.20,EMERALD+,middle,2026-10-09T16:30Z
LeBlanc,Lissandra,48.89,1.34,-2.24,47.55,949,16.20,EMERALD+,middle,2026-10-09T16:30Z
LeBlanc,Katarina,48.9,1.07,-2.51,47.83,863,16.20,EMERALD+,middle,2026-10-09T16:30Z
LeBlanc,Lux,49.05,2.35,-1.23,46.7,475,16.20,EMERALD+,middle,2026-10-09T16:30Z
LeBlanc,Annie,49.53,2.45,-1.13,47.08,214,16.20,EMERALD+,middle,2026-10-09T16:30Z
LeBlanc,Fizz,50.09,3.56,-0.02,46.53,583,16.20,EMERALD+,middle,2026-10-09T16:30Z
LeBlanc,Orianna,50.67,-1.04,-4.61,51.71,373,16.20,EMERALD+,middle,2026-10-09T16:30Z
LeBlanc,Qiyana,50.74,1.37,-2.21,49.37,337,16.20,EMERALD+,middle,2026-10-09T16:30Z
LeBlanc,Viktor,50.87,2.23,-1.35,48.64,1030,16.20,EMERALD+,middle,2026-10-09T16:30Z
LeBlanc,Ryze,50.98,-2.11,-5.68,53.09,255,16.20,EMERALD+,middle,2026-10-09T16:30Z
LeBlanc,Anivia,51.0,2.43,-1.15,48.57,200,16.20,EMERALD+,middle,2026-10-09T16:30Z
LeBlanc,Diana,51.19,3.21,-0.37,47.98,504,16.20,EMERALD+,middle,2026-10-09T16:30Z
LeBlanc,Yasuo,51.31,2.54,-1.04,48.77,914,16.20,EMERALD+,middle,2026-10-09T16:30Z
LeBlanc,Hwei,51.72,4.25,0.67,47.47,379,16.20,EMERALD+,middle,2026-10-09T16:30Z
LeBlanc,Ahri,51.78,4.61,1.03,47.17,1265,16.20,EMERALD+,middle,2026-10-09T16:30Z
LeBlanc,Irelia,51.92,2.08,-1.5,49.84,312,16.20,EMERALD+,middle,2026-10-09T16:30Z
LeBlanc,Vladimir,52.02,4.21,0.63,47.81,496,16.20,EMERALD+,middle,2026-10-09T16:30Z
LeBlanc,Sylas,52.82,2.4,-1.18,50.42,833,16.20,EMERALD+,middle,2026-10-09T16:30Z
LeBlanc,Zed,52.83,3.82,0.24,49.01,1043,16.20,EMERALD+,middle,2026-10-09T16:30Z
LeBlanc,Locke,53.08,4.4,0.82,48.68,844,16.20,EMERALD+,middle,2026-10-09T16:30Z
LeBlanc,Aurora,53.54,5.83,2.25,47.71,325,16.20,EMERALD+,middle,2026-10-09T16:30Z
LeBlanc,Kassadin,53.73,4.91,1.33,48.82,335,16.20,EMERALD+,middle,2026-10-09T16:30Z
LeBlanc,Ekko,53.93,7.16,3.58,46.77,521,16.20,EMERALD+,middle,2026-10-09T16:30Z
LeBlanc,Aurelion Sol,54.44,6.96,3.38,47.48,180,16.20,EMERALD+,middle,2026-10-09T16:30Z
LeBlanc,Veigar,54.47,6.3,2.72,48.17,380,16.20,EMERALD+,middle,2026-10-09T16:30Z
LeBlanc,Galio,54.84,5.06,1.48,49.78,620,16.20,EMERALD+,middle,2026-10-09T16:30Z
LeBlanc,Syndra,54.95,6.07,2.49,48.88,899,16.20,EMERALD+,middle,2026-10-09T16:30Z
LeBlanc,Akali,55.63,6.16,2.58,49.47,728,16.20,EMERALD+,middle,2026-10-09T16:30Z
LeBlanc,Yone,55.71,8.2,4.62,47.51,937,16.20,EMERALD+,middle,2026-10-09T16:30Z
LeBlanc,Mel,55.82,3.52,-0.05,52.3,249,16.20,EMERALD+,middle,2026-10-09T16:30Z
LeBlanc,Zoe,56.53,9.12,5.54,47.41,398,16.20,EMERALD+,middle,2026-10-09T16:30Z
LeBlanc,Cassiopeia,56.67,5.21,1.63,51.46,120,16.20,EMERALD+,middle,2026-10-09T16:30Z
LeBlanc,Kog'Maw,57.43,8.44,4.86,48.99,101,16.20,EMERALD+,middle,2026-10-09T16:30Z
LeBlanc,Taliyah,57.62,7.76,4.18,49.86,151,16.20,EMERALD+,middle,2026-10-09T16:30Z
LeBlanc,Azir,57.67,5.9,2.33,51.77,215,16.20,EMERALD+,middle,2026-10-09T16:30Z
LeBlanc,Lucian,63.79,6.8,3.27,56.99,116,16.20,EMERALD+,middle,2026-10-09T16:30Z
Lissandra,Swain,37.69,-10.25,-14.15,47.94,130,16.20,EMERALD+,middle,2026-10-09T16:30Z
Lissandra,Vex,46.67,0.73,-3.16,45.94,300,16.20,EMERALD+,middle,2026-10-09T16:30Z
Lissandra,Annie,47.73,0.65,-3.25,47.08,176,16.20,EMERALD+,middle,2026-10-09T16:30Z
Lissandra,Aurelion Sol,47.79,0.31,-3.59,47.48,226,16.20,EMERALD+,middle,2026-10-09T16:30Z
Lissandra,Twisted Fate,47.91,0.46,-3.44,47.45,622,16.20,EMERALD+,middle,2026-10-09T16:30Z
Lissandra,Cassiopeia,48.41,-3.05,-6.94,51.46,126,16.20,EMERALD+,middle,2026-10-09T16:30Z
Lissandra,Viktor,48.42,-0.22,-4.12,48.64,1109,16.20,EMERALD+,middle,2026-10-09T16:30Z
Lissandra,Syndra,48.98,0.1,-3.8,48.88,884,16.20,EMERALD+,middle,2026-10-09T16:30Z
Lissandra,Xerath,49.11,1.95,-1.95,47.16,615,16.20,EMERALD+,middle,2026-10-09T16:30Z
Lissandra,Aurora,49.18,1.47,-2.43,47.71,305,16.20,EMERALD+,middle,2026-10-09T16:30Z
Lissandra,Zoe,49.5,2.09,-1.81,47.41,299,16.20,EMERALD+,middle,2026-10-09T16:30Z
Lissandra,Ahri,49.56,2.39,-1.51,47.17,1241,16.20,EMERALD+,middle,2026-10-09T16:30Z
Lissandra,Ekko,50.0,3.23,-0.67,46.77,600,16.20,EMERALD+,middle,2026-10-09T16:30Z
Lissandra,Azir,50.0,-1.77,-5.66,51.77,180,16.20,EMERALD+,middle,2026-10-09T16:30Z
Lissandra,Lux,50.31,3.61,-0.29,46.7,487,16.20,EMERALD+,middle,2026-10-09T16:30Z
Lissandra,Hwei,50.59,3.12,-0.78,47.47,427,16.20,EMERALD+,middle,2026-10-09T16:30Z
Lissandra,Locke,51.22,2.54,-1.36,48.68,902,16.20,EMERALD+,middle,2026-10-09T16:30Z
Lissandra,Kassadin,51.44,2.62,-1.28,48.82,313,16.20,EMERALD+,middle,2026-10-09T16:30Z
Lissandra,Yone,52.04,4.53,0.63,47.51,1003,16.20,EMERALD+,middle,2026-10-09T16:30Z
Lissandra,Sylas,52.16,1.74,-2.16,50.42,995,16.20,EMERALD+,middle,2026-10-09T16:30Z
Lissandra,Taliyah,52.2,2.34,-1.56,49.86,159,16.20,EMERALD+,middle,2026-10-09T16:30Z
Lissandra,Fizz,52.75,6.22,2.32,46.53,853,16.20,EMERALD+,middle,2026-10-09T16:30Z
Lissandra,Galio,52.76,2.98,-0.92,49.78,434,16.20,EMERALD+,middle,2026-10-09T16:30Z
Lissandra,Vladimir,53.13,5.32,1.42,47.81,495,16.20,EMERALD+,middle,2026-10-09T16:30Z
Lissandra,Ryze,53.33,0.24,-3.64,53.09,240,16.20,EMERALD+,middle,2026-10-09T16:30Z
Lissandra,Orianna,53.42,1.71,-2.18,51.71,365,16.20,EMERALD+,middle,2026-10-09T16:30Z
Lissandra,Akshan,53.65,3.69,-0.21,49.96,233,16.20,EMERALD+,middle,2026-10-09T16:30Z
Lissandra,Qiyana,53.82,4.45,0.55,49.37,340,16.20,EMERALD+,middle,2026-10-09T16:30Z
Lissandra,LeBlanc,53.94,6.07,2.17,47.87,938,16.20,EMERALD+,middle,2026-10-09T16:30Z
Lissandra,Anivia,53.97,5.4,1.5,48.57,239,16.20,EMERALD+,middle,2026-10-09T16:30Z
Lissandra,Irelia,54.29,4.45,0.55,49.84,315,16.20,EMERALD+,middle,2026-10-09T16:30Z
Lissandra,Zed,54.4,5.39,1.49,49.01,1467,16.20,EMERALD+,middle,2026-10-09T16:30Z
Lissandra,Katarina,54.84,7.01,3.11,47.83,1063,16.20,EMERALD+,middle,2026-10-09T16:30Z
Lissandra,Yasuo,54.9,6.13,2.23,48.77,1448,16.20,EMERALD+,middle,2026-10-09T16:30Z
Lissandra,Diana,55.83,7.85,3.95,47.98,412,16.20,EMERALD+,middle,2026-10-09T16:30Z
Lissandra,Akali,56.48,7.01,3.11,49.47,880,16.20,EMERALD+,middle,2026-10-09T16:30Z
Lissandra,Malzahar,56.84,8.48,4.58,48.36,570,16.20,EMERALD+,middle,2026-10-09T16:30Z
Lissandra,Talon,57.32,9.29,5.39,48.03,239,16.20,EMERALD+,middle,2026-10-09T16:30Z
Lissandra,Veigar,58.55,10.38,6.48,48.17,415,16.20,EMERALD+,middle,2026-10-09T16:30Z
Lissandra,Mel,59.78,7.48,3.59,52.3,276,16.20,EMERALD+,middle,2026-10-09T16:30Z
Lissandra,Naafiri,65.38,15.07,11.17,50.31,104,16.20,EMERALD+,middle,2026-10-09T16:30Z
Locke,Gragas,43.69,-2.03,-4.79,45.72,103,16.20,EMERALD+,middle,2026-10-09T16:30Z
Locke,Talon,45.22,-2.81,-5.58,48.03,356,16.20,EMERALD+,middle,2026-10-09T16:30Z
Locke,Kayle,46.55,-3.03,-5.8,49.58,116,16.20,EMERALD+,middle,2026-10-09T16:30Z
Locke,Riven,46.55,-3.03,-5.8,49.58,116,16.20,EMERALD+,middle,2026-10-09T16:30Z
Locke,Gwen,46.73,1.31,-1.45,45.42,107,16.20,EMERALD+,middle,2026-10-09T16:30Z
Locke,Tristana,47.06,-4.24,-7.01,51.3,119,16.20,EMERALD+,middle,2026-10-09T16:30Z
Locke,Kassadin,47.39,-1.43,-4.2,48.82,574,16.20,EMERALD+,middle,2026-10-09T16:30Z
Locke,Zoe,47.73,0.32,-2.45,47.41,507,16.20,EMERALD+,middle,2026-10-09T16:30Z
Locke,Akshan,47.88,-2.08,-4.85,49.96,401,16.20,EMERALD+,middle,2026-10-09T16:30Z
Locke,Yasuo,48.25,-0.52,-3.29,48.77,1428,16.20,EMERALD+,middle,2026-10-09T16:30Z
Locke,Yone,48.37,0.86,-1.91,47.51,1408,16.20,EMERALD+,middle,2026-10-09T16:30Z
Locke,Galio,48.37,-1.41,-4.18,49.78,1073,16.20,EMERALD+,middle,2026-10-09T16:30Z
Locke,Anivia,48.88,0.31,-2.46,48.57,403,16.20,EMERALD+,middle,2026-10-09T16:30Z
Locke,Vex,48.99,3.05,0.29,45.94,545,16.20,EMERALD+,middle,2026-10-09T16:30Z
Locke,Annie,49.04,1.96,-0.81,47.08,312,16.20,EMERALD+,middle,2026-10-09T16:30Z
Locke,Akali,49.07,-0.4,-3.17,49.47,1345,16.20,EMERALD+,middle,2026-10-09T16:30Z
Locke,Aurora,49.1,1.39,-1.38,47.71,501,16.20,EMERALD+,middle,2026-10-09T16:30Z
Locke,LeBlanc,49.29,1.42,-1.35,47.87,848,16.20,EMERALD+,middle,2026-10-09T16:30Z
Locke,Naafiri,49.58,-0.73,-3.5,50.31,119,16.20,EMERALD+,middle,2026-10-09T16:30Z
Locke,Zed,49.64,0.63,-2.14,49.01,1239,16.20,EMERALD+,middle,2026-10-09T16:30Z
Locke,Qiyana,50.0,0.63,-2.14,49.37,502,16.20,EMERALD+,middle,2026-10-09T16:30Z
Locke,Vladimir,50.0,2.19,-0.58,47.81,652,16.20,EMERALD+,middle,2026-10-09T16:30Z
Locke,Twisted Fate,50.06,2.61,-0.16,47.45,799,16.20,EMERALD+,middle,2026-10-09T16:30Z
Locke,Fizz,50.2,3.67,0.9,46.53,753,16.20,EMERALD+,middle,2026-10-09T16:30Z
Locke,Katarina,50.23,2.4,-0.37,47.83,1089,16.20,EMERALD+,middle,2026-10-09T16:30Z
Locke,Ahri,50.24,3.07,0.3,47.17,1274,16.20,EMERALD+,middle,2026-10-09T16:30Z
Locke,Lissandra,50.4,2.85,0.08,47.55,871,16.20,EMERALD+,middle,2026-10-09T16:30Z
Locke,Aurelion Sol,50.74,3.26,0.49,47.48,272,16.20,EMERALD+,middle,2026-10-09T16:30Z
Locke,Ekko,50.93,4.16,1.39,46.77,858,16.20,EMERALD+,middle,2026-10-09T16:30Z
Locke,Diana,50.95,2.97,0.2,47.98,634,16.20,EMERALD+,middle,2026-10-09T16:30Z
Locke,Pantheon,51.72,4.85,2.08,46.87,145,16.20,EMERALD+,middle,2026-10-09T16:30Z
Locke,Hwei,51.78,4.31,1.54,47.47,589,16.20,EMERALD+,middle,2026-10-09T16:30Z
Locke,Nasus,52.31,4.58,1.81,47.73,130,16.20,EMERALD+,middle,2026-10-09T16:30Z
Locke,Xerath,52.32,5.16,2.39,47.16,625,16.20,EMERALD+,middle,2026-10-09T16:30Z
Locke,Brand,52.38,3.82,1.05,48.56,105,16.20,EMERALD+,middle,2026-10-09T16:30Z
Locke,Jayce,52.5,1.86,-0.91,50.64,120,16.20,EMERALD+,middle,2026-10-09T16:30Z
Locke,Cho'Gath,52.83,4.9,2.13,47.93,106,16.20,EMERALD+,middle,2026-10-09T16:30Z
Locke,Malzahar,52.84,4.48,1.71,48.36,704,16.20,EMERALD+,middle,2026-10-09T16:30Z
Locke,Sylas,53.41,2.99,0.22,50.42,1217,16.20,EMERALD+,middle,2026-10-09T16:30Z
Locke,Ryze,53.8,0.71,-2.05,53.09,329,16.20,EMERALD+,middle,2026-10-09T16:30Z
Locke,Vel'Koz,54.69,5.98,3.21,48.71,128,16.20,EMERALD+,middle,2026-10-09T16:30Z
Locke,Taliyah,55.21,5.35,2.58,49.86,192,16.20,EMERALD+,middle,2026-10-09T16:30Z
Locke,Syndra,55.25,6.37,3.6,48.88,1258,16.20,EMERALD+,middle,2026-10-09T16:30Z
Locke,Viktor,55.58,6.94,4.17,48.64,1585,16.20,EMERALD+,middle,2026-10-09T16:30Z
Locke,Lux,55.64,8.94,6.17,46.7,559,16.20,EMERALD+,middle,2026-10-09T16:30Z
Locke,Irelia,55.77,5.93,3.16,49.84,459,16.20,EMERALD+,middle,2026-10-09T16:30Z
Locke,Azir,56.67,4.9,2.13,51.77,300,16.20,EMERALD+,middle,2026-10-09T16:30Z
Locke,Orianna,57.08,5.37,2.6,51.71,480,16.20,EMERALD+,middle,2026-10-09T16:30Z
Locke,Mel,57.14,4.84,2.07,52.3,266,16.20,EMERALD+,middle,2026-10-09T16:30Z
Locke,Swain,57.25,9.31,6.54,47.94,138,16.20,EMERALD+,middle,2026-10-09T16:30Z
Locke,Veigar,57.26,9.09,6.32,48.17,489,16.20,EMERALD+,middle,2026-10-09T16:30Z
Locke,Kog'Maw,57.75,8.76,5.99,48.99,142,16.20,EMERALD+,middle,2026-10-09T16:30Z
Locke,Cassiopeia,58.96,7.5,4.73,51.46,173,16.20,EMERALD+,middle,2026-10-09T16:30Z
Locke,Lucian,59.26,2.27,-0.47,56.99,135,16.20,EMERALD+,middle,2026-10-09T16:30Z
Lux,Azir,48.48,-3.29,-8.03,51.77,165,16.20,EMERALD+,middle,2026-10-09T16:30Z
Lux,Twisted Fate,49.56,2.11,-2.64,47.45,454,16.20,EMERALD+,middle,2026-10-09T16:30Z
Lux,Locke,49.91,1.23,-3.52,48.68,573,16.20,EMERALD+,middle,2026-10-09T16:30Z
Lux,Ahri,50.31,3.14,-1.61,47.17,813,16.20,EMERALD+,middle,2026-10-09T16:30Z
Lux,Fizz,50.8,4.27,-0.48,46.53,502,16.20,EMERALD+,middle,2026-10-09T16:30Z
Lux,Vladimir,50.9,3.09,-1.66,47.81,391,16.20,EMERALD+,middle,2026-10-09T16:30Z
Lux,Anivia,51.17,2.6,-2.15,48.57,213,16.20,EMERALD+,middle,2026-10-09T16:30Z
Lux,Ekko,51.27,4.5,-0.25,46.77,394,16.20,EMERALD+,middle,2026-10-09T16:30Z
Lux,Akshan,51.28,1.32,-3.43,49.96,195,16.20,EMERALD+,middle,2026-10-09T16:30Z
Lux,Yone,51.35,3.84,-0.91,47.51,668,16.20,EMERALD+,middle,2026-10-09T16:30Z
Lux,Talon,51.46,3.43,-1.32,48.03,103,16.20,EMERALD+,middle,2026-10-09T16:30Z
Lux,Yasuo,52.05,3.28,-1.47,48.77,682,16.20,EMERALD+,middle,2026-10-09T16:30Z
Lux,Syndra,52.11,3.23,-1.52,48.88,806,16.20,EMERALD+,middle,2026-10-09T16:30Z
Lux,Irelia,52.22,2.38,-2.37,49.84,203,16.20,EMERALD+,middle,2026-10-09T16:30Z
Lux,Vex,52.34,6.4,1.65,45.94,256,16.20,EMERALD+,middle,2026-10-09T16:30Z
Lux,Hwei,52.88,5.41,0.66,47.47,365,16.20,EMERALD+,middle,2026-10-09T16:30Z
Lux,Vel'Koz,53.0,4.29,-0.46,48.71,100,16.20,EMERALD+,middle,2026-10-09T16:30Z
Lux,Lissandra,53.28,5.73,0.98,47.55,488,16.20,EMERALD+,middle,2026-10-09T16:30Z
Lux,Viktor,53.32,4.68,-0.07,48.64,874,16.20,EMERALD+,middle,2026-10-09T16:30Z
Lux,Mel,53.62,1.32,-3.41,52.3,345,16.20,EMERALD+,middle,2026-10-09T16:30Z
Lux,Zed,53.67,4.66,-0.09,49.01,803,16.20,EMERALD+,middle,2026-10-09T16:30Z
Lux,Annie,53.8,6.72,1.97,47.08,184,16.20,EMERALD+,middle,2026-10-09T16:30Z
Lux,Qiyana,54.34,4.97,0.22,49.37,265,16.20,EMERALD+,middle,2026-10-09T16:30Z
Lux,Xerath,54.41,7.25,2.5,47.16,544,16.20,EMERALD+,middle,2026-10-09T16:30Z
Lux,Aurelion Sol,54.43,6.95,2.2,47.48,158,16.20,EMERALD+,middle,2026-10-09T16:30Z
Lux,Orianna,54.65,2.94,-1.8,51.71,269,16.20,EMERALD+,middle,2026-10-09T16:30Z
Lux,Galio,54.67,4.89,0.14,49.78,225,16.20,EMERALD+,middle,2026-10-09T16:30Z
Lux,Zoe,54.72,7.31,2.56,47.41,318,16.20,EMERALD+,middle,2026-10-09T16:30Z
Lux,Katarina,54.93,7.1,2.35,47.83,639,16.20,EMERALD+,middle,2026-10-09T16:30Z
Lux,LeBlanc,55.21,7.34,2.59,47.87,480,16.20,EMERALD+,middle,2026-10-09T16:30Z
Lux,Kassadin,55.33,6.51,1.76,48.82,244,16.20,EMERALD+,middle,2026-10-09T16:30Z
Lux,Malzahar,55.35,6.99,2.24,48.36,477,16.20,EMERALD+,middle,2026-10-09T16:30Z
Lux,Aurora,55.51,7.8,3.05,47.71,272,16.20,EMERALD+,middle,2026-10-09T16:30Z
Lux,Sylas,55.8,5.38,0.63,50.42,543,16.20,EMERALD+,middle,2026-10-09T16:30Z
Lux,Diana,55.87,7.89,3.14,47.98,281,16.20,EMERALD+,middle,2026-10-09T16:30Z
Lux,Akali,56.79,7.32,2.57,49.47,442,16.20,EMERALD+,middle,2026-10-09T16:30Z
Lux,Taliyah,57.69,7.83,3.08,49.86,104,16.20,EMERALD+,middle,2026-10-09T16:30Z
Lux,Veigar,58.6,10.43,5.68,48.17,372,16.20,EMERALD+,middle,2026-10-09T16:30Z
Lux,Ryze,61.01,7.92,3.2,53.09,159,16.20,EMERALD+,middle,2026-10-09T16:30Z
Malphite,Ahri,47.01,-0.16,-4.57,47.17,117,16.20,EMERALD+,middle,2026-10-09T16:30Z
Malphite,Sylas,49.12,-1.3,-5.71,50.42,171,16.20,EMERALD+,middle,2026-10-09T16:30Z
Malphite,Yone,50.51,2.99,-1.42,47.52,198,16.20,EMERALD+,middle,2026-10-09T16:30Z
Malphite,Qiyana,52.38,3.06,-1.35,49.32,105,16.20,EMERALD+,middle,2026-10-09T16:30Z
Malphite,Yasuo,52.9,4.15,-0.26,48.75,310,16.20,EMERALD+,middle,2026-10-09T16:30Z
Malphite,Viktor,53.77,5.07,0.66,48.7,106,16.20,EMERALD+,middle,2026-10-09T16:30Z
Malphite,Katarina,59.0,11.19,6.78,47.81,100,16.20,EMERALD+,middle,2026-10-09T16:30Z
Malphite,Zed,60.78,11.79,7.38,48.99,561,16.20,EMERALD+,middle,2026-10-09T16:30Z
Malphite,Irelia,65.0,15.14,10.73,49.86,100,16.20,EMERALD+,middle,2026-10-09T16:30Z
Malzahar,Swain,43.85,-4.09,-7.18,47.94,130,16.20,EMERALD+,middle,2026-10-09T16:30Z
Malzahar,Sion,44.53,-3.83,-6.92,48.36,128,16.20,EMERALD+,middle,2026-10-09T16:30Z
Malzahar,Vex,44.62,-1.32,-4.4,45.94,251,16.20,EMERALD+,middle,2026-10-09T16:30Z
Malzahar,Taliyah,45.04,-4.82,-7.91,49.86,131,16.20,EMERALD+,middle,2026-10-09T16:30Z
Malzahar,Annie,45.3,-1.78,-4.87,47.08,181,16.20,EMERALD+,middle,2026-10-09T16:30Z
Malzahar,Talon,45.85,-2.18,-5.27,48.03,205,16.20,EMERALD+,middle,2026-10-09T16:30Z
Malzahar,Galio,46.28,-3.5,-6.59,49.78,363,16.20,EMERALD+,middle,2026-10-09T16:30Z
Malzahar,Aurora,47.33,-0.38,-3.47,47.71,262,16.20,EMERALD+,middle,2026-10-09T16:30Z
Malzahar,Fizz,47.41,0.88,-2.21,46.53,559,16.20,EMERALD+,middle,2026-10-09T16:30Z
Malzahar,Locke,47.82,-0.86,-3.95,48.68,688,16.20,EMERALD+,middle,2026-10-09T16:30Z
Malzahar,Katarina,48.94,1.11,-1.98,47.83,801,16.20,EMERALD+,middle,2026-10-09T16:30Z
Malzahar,Yone,48.97,1.46,-1.63,47.51,876,16.20,EMERALD+,middle,2026-10-09T16:30Z
Malzahar,Twisted Fate,49.01,1.56,-1.53,47.45,759,16.20,EMERALD+,middle,2026-10-09T16:30Z
Malzahar,Syndra,49.05,0.17,-2.92,48.88,840,16.20,EMERALD+,middle,2026-10-09T16:30Z
Malzahar,Xerath,49.07,1.91,-1.18,47.16,593,16.20,EMERALD+,middle,2026-10-09T16:30Z
Malzahar,Lissandra,49.3,1.75,-1.34,47.55,568,16.20,EMERALD+,middle,2026-10-09T16:30Z
Malzahar,Diana,49.45,1.47,-1.62,47.98,362,16.20,EMERALD+,middle,2026-10-09T16:30Z
Malzahar,Nasus,50.0,2.27,-0.82,47.73,128,16.20,EMERALD+,middle,2026-10-09T16:30Z
Malzahar,Hwei,50.0,2.53,-0.56,47.47,478,16.20,EMERALD+,middle,2026-10-09T16:30Z
Malzahar,Aurelion Sol,50.2,2.72,-0.37,47.48,249,16.20,EMERALD+,middle,2026-10-09T16:30Z
Malzahar,Lux,50.53,3.83,0.74,46.7,473,16.20,EMERALD+,middle,2026-10-09T16:30Z
Malzahar,Viktor,50.97,2.33,-0.76,48.64,983,16.20,EMERALD+,middle,2026-10-09T16:30Z
Malzahar,Ahri,51.11,3.94,0.85,47.17,994,16.20,EMERALD+,middle,2026-10-09T16:30Z
Malzahar,Kassadin,51.41,2.59,-0.5,48.82,319,16.20,EMERALD+,middle,2026-10-09T16:30Z
Malzahar,Zed,51.84,2.83,-0.26,49.01,949,16.20,EMERALD+,middle,2026-10-09T16:30Z
Malzahar,Veigar,51.89,3.72,0.63,48.17,503,16.20,EMERALD+,middle,2026-10-09T16:30Z
Malzahar,Zoe,51.91,4.5,1.41,47.41,314,16.20,EMERALD+,middle,2026-10-09T16:30Z
Malzahar,Smolder,51.99,-2.31,-5.38,54.3,654,16.20,EMERALD+,middle,2026-10-09T16:30Z
Malzahar,Ekko,52.48,5.71,2.62,46.77,524,16.20,EMERALD+,middle,2026-10-09T16:30Z
Malzahar,Cassiopeia,52.88,1.42,-1.67,51.46,104,16.20,EMERALD+,middle,2026-10-09T16:30Z
Malzahar,Qiyana,53.02,3.65,0.56,49.37,281,16.20,EMERALD+,middle,2026-10-09T16:30Z
Malzahar,Orianna,53.57,1.86,-1.23,51.71,336,16.20,EMERALD+,middle,2026-10-09T16:30Z
Malzahar,Vel'Koz,54.21,5.5,2.41,48.71,107,16.20,EMERALD+,middle,2026-10-09T16:30Z
Malzahar,Anivia,54.31,5.74,2.65,48.57,232,16.20,EMERALD+,middle,2026-10-09T16:30Z
Malzahar,Akshan,55.42,5.46,2.37,49.96,240,16.20,EMERALD+,middle,2026-10-09T16:30Z
Malzahar,Akali,55.5,6.03,2.94,49.47,582,16.20,EMERALD+,middle,2026-10-09T16:30Z
Malzahar,Azir,55.56,3.79,0.7,51.77,180,16.20,EMERALD+,middle,2026-10-09T16:30Z
Malzahar,Vladimir,55.68,7.87,4.78,47.81,643,16.20,EMERALD+,middle,2026-10-09T16:30Z
Malzahar,Irelia,55.75,5.91,2.82,49.84,348,16.20,EMERALD+,middle,2026-10-09T16:30Z
Malzahar,Sylas,56.12,5.7,2.61,50.42,654,16.20,EMERALD+,middle,2026-10-09T16:30Z
Malzahar,LeBlanc,56.56,8.69,5.6,47.87,732,16.20,EMERALD+,middle,2026-10-09T16:30Z
Malzahar,Yasuo,58.96,10.19,7.1,48.77,1133,16.20,EMERALD+,middle,2026-10-09T16:30Z
Malzahar,Ryze,59.32,6.23,3.15,53.09,236,16.20,EMERALD+,middle,2026-10-09T16:30Z
Malzahar,Mel,59.86,7.56,4.48,52.3,284,16.20,EMERALD+,middle,2026-10-09T16:30Z
Mel,Fizz,37.1,-9.43,-8.6,46.53,248,16.20,EMERALD+,middle,2026-10-09T16:30Z
Mel,Syndra,42.07,-6.81,-5.96,48.88,416,16.20,EMERALD+,middle,2026-10-09T16:30Z
Mel,Lissandra,42.21,-5.34,-4.5,47.55,263,16.20,EMERALD+,middle,2026-10-09T16:30Z
Mel,Veigar,42.29,-5.88,-5.04,48.17,201,16.20,EMERALD+,middle,2026-10-09T16:30Z
Mel,Akali,43.56,-5.91,-5.06,49.47,225,16.20,EMERALD+,middle,2026-10-09T16:30Z
Mel,Diana,43.84,-4.14,-3.3,47.98,146,16.20,EMERALD+,middle,2026-10-09T16:30Z
Mel,Viktor,44.11,-4.53,-3.68,48.64,365,16.20,EMERALD+,middle,2026-10-09T16:30Z
Mel,Xerath,44.38,-2.78,-1.94,47.16,320,16.20,EMERALD+,middle,2026-10-09T16:30Z
Mel,Kassadin,44.76,-4.06,-3.21,48.82,105,16.20,EMERALD+,middle,2026-10-09T16:30Z
Mel,Irelia,44.83,-5.01,-4.16,49.84,116,16.20,EMERALD+,middle,2026-10-09T16:30Z
Mel,Katarina,45.49,-2.34,-1.5,47.83,244,16.20,EMERALD+,middle,2026-10-09T16:30Z
Mel,Locke,46.34,-2.34,-1.49,48.68,246,16.20,EMERALD+,middle,2026-10-09T16:30Z
Mel,Yasuo,46.48,-2.29,-1.44,48.77,398,16.20,EMERALD+,middle,2026-10-09T16:30Z
Mel,Sylas,46.8,-3.62,-2.77,50.42,250,16.20,EMERALD+,middle,2026-10-09T16:30Z
Mel,Orianna,47.48,-4.23,-3.38,51.71,139,16.20,EMERALD+,middle,2026-10-09T16:30Z
Mel,Anivia,47.57,-1.0,-0.15,48.57,103,16.20,EMERALD+,middle,2026-10-09T16:30Z
Mel,Twisted Fate,47.63,0.18,1.02,47.45,380,16.20,EMERALD+,middle,2026-10-09T16:30Z
Mel,Zoe,47.68,0.27,1.11,47.41,302,16.20,EMERALD+,middle,2026-10-09T16:30Z
Mel,Vladimir,47.78,-0.03,0.81,47.81,180,16.20,EMERALD+,middle,2026-10-09T16:30Z
Mel,Galio,48.0,-1.78,-0.93,49.78,125,16.20,EMERALD+,middle,2026-10-09T16:30Z
Mel,Malzahar,48.29,-0.07,0.77,48.36,263,16.20,EMERALD+,middle,2026-10-09T16:30Z
Mel,Hwei,48.42,0.95,1.79,47.47,221,16.20,EMERALD+,middle,2026-10-09T16:30Z
Mel,LeBlanc,49.41,1.54,2.38,47.87,253,16.20,EMERALD+,middle,2026-10-09T16:30Z
Mel,Ekko,49.43,2.66,3.49,46.77,176,16.20,EMERALD+,middle,2026-10-09T16:30Z
Mel,Yone,49.75,2.24,3.08,47.51,402,16.20,EMERALD+,middle,2026-10-09T16:30Z
Mel,Qiyana,50.0,0.63,1.48,49.37,130,16.20,EMERALD+,middle,2026-10-09T16:30Z
Mel,Lux,50.0,3.3,4.13,46.7,336,16.20,EMERALD+,middle,2026-10-09T16:30Z
Mel,Vex,51.63,5.69,6.52,45.94,184,16.20,EMERALD+,middle,2026-10-09T16:30Z
Mel,Aurora,52.03,4.32,5.16,47.71,123,16.20,EMERALD+,middle,2026-10-09T16:30Z
Mel,Zed,52.23,3.22,4.07,49.01,314,16.20,EMERALD+,middle,2026-10-09T16:30Z
Mel,Ahri,53.85,6.68,7.52,47.17,921,16.20,EMERALD+,middle,2026-10-09T16:30Z
Naafiri,Yasuo,39.0,-9.77,-10.91,48.77,100,16.20,EMERALD+,middle,2026-10-09T16:30Z
Naafiri,Yone,48.91,1.4,0.26,47.51,137,16.20,EMERALD+,middle,2026-10-09T16:30Z
Naafiri,LeBlanc,49.64,1.77,0.63,47.87,139,16.20,EMERALD+,middle,2026-10-09T16:30Z
Naafiri,Locke,50.4,1.72,0.58,48.68,125,16.20,EMERALD+,middle,2026-10-09T16:30Z
Naafiri,Viktor,50.41,1.77,0.63,48.64,121,16.20,EMERALD+,middle,2026-10-09T16:30Z
Naafiri,Syndra,51.28,2.4,1.26,48.88,117,16.20,EMERALD+,middle,2026-10-09T16:30Z
Naafiri,Katarina,53.51,5.68,4.54,47.83,114,16.20,EMERALD+,middle,2026-10-09T16:30Z
Naafiri,Ahri,54.19,7.02,5.88,47.17,155,16.20,EMERALD+,middle,2026-10-09T16:30Z
Naafiri,Zed,56.78,7.77,6.63,49.01,118,16.20,EMERALD+,middle,2026-10-09T16:30Z
Naafiri,Sylas,56.78,6.36,5.22,50.42,118,16.20,EMERALD+,middle,2026-10-09T16:30Z
Nasus,Fizz,44.63,-1.9,-5.62,46.53,121,16.20,EMERALD+,middle,2026-10-09T16:30Z
Nasus,Locke,47.45,-1.23,-4.95,48.68,137,16.20,EMERALD+,middle,2026-10-09T16:30Z
Nasus,Vladimir,48.04,0.23,-3.49,47.81,102,16.20,EMERALD+,middle,2026-10-09T16:30Z
Nasus,Ahri,48.08,0.91,-2.81,47.17,156,16.20,EMERALD+,middle,2026-10-09T16:30Z
Nasus,Katarina,49.72,1.89,-1.83,47.83,177,16.20,EMERALD+,middle,2026-10-09T16:30Z
Nasus,Twisted Fate,50.43,2.98,-0.74,47.45,117,16.20,EMERALD+,middle,2026-10-09T16:30Z
Nasus,Yone,50.7,3.19,-0.53,47.51,213,16.20,EMERALD+,middle,2026-10-09T16:30Z
Nasus,Syndra,52.46,3.58,-0.14,48.88,122,16.20,EMERALD+,middle,2026-10-09T16:30Z
Nasus,Malzahar,52.94,4.58,0.86,48.36,136,16.20,EMERALD+,middle,2026-10-09T16:30Z
Nasus,Sylas,53.57,3.15,-0.57,50.42,140,16.20,EMERALD+,middle,2026-10-09T16:30Z
Nasus,Viktor,53.69,5.05,1.33,48.64,203,16.20,EMERALD+,middle,2026-10-09T16:30Z
Nasus,Zed,57.1,8.09,4.37,49.01,331,16.20,EMERALD+,middle,2026-10-09T16:30Z
Nasus,Yasuo,57.71,8.94,5.22,48.77,279,16.20,EMERALD+,middle,2026-10-09T16:30Z
Nasus,Akali,58.4,8.93,5.21,49.47,125,16.20,EMERALD+,middle,2026-10-09T16:30Z
Nasus,Galio,60.0,10.22,6.5,49.78,110,16.20,EMERALD+,middle,2026-10-09T16:30Z
Nasus,Xerath,62.16,15.0,11.28,47.16,111,16.20,EMERALD+,middle,2026-10-09T16:30Z
Orianna,Kassadin,40.96,-7.86,-7.6,48.82,166,16.20,EMERALD+,middle,2026-10-09T16:30Z
Orianna,Fizz,43.33,-3.2,-2.95,46.53,270,16.20,EMERALD+,middle,2026-10-09T16:30Z
Orianna,Aurelion Sol,43.36,-4.12,-3.87,47.48,113,16.20,EMERALD+,middle,2026-10-09T16:30Z
Orianna,Ekko,43.73,-3.04,-2.79,46.77,263,16.20,EMERALD+,middle,2026-10-09T16:30Z
Orianna,Locke,43.78,-4.9,-4.64,48.68,466,16.20,EMERALD+,middle,2026-10-09T16:30Z
Orianna,Zoe,43.98,-3.43,-3.18,47.41,191,16.20,EMERALD+,middle,2026-10-09T16:30Z
Orianna,Xerath,44.61,-2.55,-2.3,47.16,334,16.20,EMERALD+,middle,2026-10-09T16:30Z
Orianna,Vex,44.75,-1.19,-0.95,45.94,181,16.20,EMERALD+,middle,2026-10-09T16:30Z
Orianna,Katarina,45.12,-2.71,-2.46,47.83,379,16.20,EMERALD+,middle,2026-10-09T16:30Z
Orianna,Syndra,45.41,-3.47,-3.21,48.88,632,16.20,EMERALD+,middle,2026-10-09T16:30Z
Orianna,Hwei,45.42,-2.05,-1.8,47.47,273,16.20,EMERALD+,middle,2026-10-09T16:30Z
Orianna,Irelia,46.37,-3.47,-3.21,49.84,179,16.20,EMERALD+,middle,2026-10-09T16:30Z
Orianna,Viktor,46.99,-1.65,-1.39,48.64,764,16.20,EMERALD+,middle,2026-10-09T16:30Z
Orianna,Diana,47.14,-0.84,-0.59,47.98,210,16.20,EMERALD+,middle,2026-10-09T16:30Z
Orianna,Yasuo,47.34,-1.43,-1.17,48.77,545,16.20,EMERALD+,middle,2026-10-09T16:30Z
Orianna,Sylas,48.12,-2.3,-2.04,50.42,505,16.20,EMERALD+,middle,2026-10-09T16:30Z
Orianna,Ahri,48.46,1.29,1.54,47.17,650,16.20,EMERALD+,middle,2026-10-09T16:30Z
Orianna,Zed,48.98,-0.03,0.23,49.01,443,16.20,EMERALD+,middle,2026-10-09T16:30Z
Orianna,Akali,49.09,-0.38,-0.12,49.47,385,16.20,EMERALD+,middle,2026-10-09T16:30Z
Orianna,Lux,49.2,2.5,2.75,46.7,250,16.20,EMERALD+,middle,2026-10-09T16:30Z
Orianna,Lissandra,49.32,1.77,2.02,47.55,365,16.20,EMERALD+,middle,2026-10-09T16:30Z
Orianna,Vladimir,49.32,1.51,1.76,47.81,294,16.20,EMERALD+,middle,2026-10-09T16:30Z
Orianna,Qiyana,49.45,0.08,0.34,49.37,182,16.20,EMERALD+,middle,2026-10-09T16:30Z
Orianna,Malzahar,49.85,1.49,1.75,48.36,339,16.20,EMERALD+,middle,2026-10-09T16:30Z
Orianna,Talon,50.47,2.44,2.7,48.03,107,16.20,EMERALD+,middle,2026-10-09T16:30Z
Orianna,Twisted Fate,50.49,3.04,3.29,47.45,406,16.20,EMERALD+,middle,2026-10-09T16:30Z
Orianna,Aurora,50.56,2.85,3.1,47.71,180,16.20,EMERALD+,middle,2026-10-09T16:30Z
Orianna,Anivia,50.77,2.2,2.46,48.57,130,16.20,EMERALD+,middle,2026-10-09T16:30Z
Orianna,Veigar,51.03,2.86,3.12,48.17,243,16.20,EMERALD+,middle,2026-10-09T16:30Z
Orianna,LeBlanc,51.47,3.6,3.85,47.87,375,16.20,EMERALD+,middle,2026-10-09T16:30Z
Orianna,Yone,51.99,4.48,4.73,47.51,527,16.20,EMERALD+,middle,2026-10-09T16:30Z
Orianna,Galio,52.46,2.68,2.94,49.78,244,16.20,EMERALD+,middle,2026-10-09T16:30Z
Orianna,Taliyah,53.27,3.41,3.67,49.86,107,16.20,EMERALD+,middle,2026-10-09T16:30Z
Orianna,Ryze,53.57,0.48,0.74,53.09,168,16.20,EMERALD+,middle,2026-10-09T16:30Z
Orianna,Azir,53.72,1.95,2.21,51.77,121,16.20,EMERALD+,middle,2026-10-09T16:30Z
Orianna,Akshan,53.73,3.77,4.03,49.96,134,16.20,EMERALD+,middle,2026-10-09T16:30Z
Orianna,Mel,54.42,2.12,2.38,52.3,147,16.20,EMERALD+,middle,2026-10-09T16:30Z
Orianna,Annie,56.49,9.41,9.66,47.08,131,16.20,EMERALD+,middle,2026-10-09T16:30Z
Pantheon,Syndra,45.37,-3.54,-8.1,48.91,108,16.20,EMERALD+,middle,2026-10-09T16:30Z
Pantheon,Locke,48.2,-0.4,-4.96,48.6,139,16.20,EMERALD+,middle,2026-10-09T16:30Z
Pantheon,Ahri,48.31,1.14,-3.42,47.17,118,16.20,EMERALD+,middle,2026-10-09T16:30Z
Pantheon,Viktor,48.72,0.02,-4.54,48.7,117,16.20,EMERALD+,middle,2026-10-09T16:30Z
Pantheon,Zed,49.69,0.7,-3.86,48.99,163,16.20,EMERALD+,middle,2026-10-09T16:30Z
Pantheon,Yone,51.16,3.64,-0.92,47.52,215,16.20,EMERALD+,middle,2026-10-09T16:30Z
Pantheon,Fizz,51.45,5.03,0.47,46.42,173,16.20,EMERALD+,middle,2026-10-09T16:30Z
Pantheon,Galio,52.34,2.6,-1.96,49.74,107,16.20,EMERALD+,middle,2026-10-09T16:30Z
Pantheon,Kassadin,52.48,3.67,-0.89,48.81,101,16.20,EMERALD+,middle,2026-10-09T16:30Z
Pantheon,Sylas,54.94,4.52,-0.04,50.42,162,16.20,EMERALD+,middle,2026-10-09T16:30Z
Pantheon,Katarina,55.09,7.28,2.72,47.81,167,16.20,EMERALD+,middle,2026-10-09T16:30Z
Pantheon,Akali,56.59,7.13,2.57,49.46,129,16.20,EMERALD+,middle,2026-10-09T16:30Z
Pantheon,Yasuo,58.79,10.04,5.48,48.75,330,16.20,EMERALD+,middle,2026-10-09T16:30Z
Qiyana,Zoe,42.21,-5.22,-7.36,47.43,199,16.20,EMERALD+,middle,2026-10-09T16:30Z
Qiyana,Akshan,42.48,-7.47,-9.61,49.95,153,16.20,EMERALD+,middle,2026-10-09T16:30Z
Qiyana,Diana,43.32,-4.7,-6.84,48.02,217,16.20,EMERALD+,middle,2026-10-09T16:30Z
Qiyana,Katarina,45.3,-2.51,-4.65,47.81,479,16.20,EMERALD+,middle,2026-10-09T16:30Z
Qiyana,Ekko,46.22,-0.59,-2.73,46.81,331,16.20,EMERALD+,middle,2026-10-09T16:30Z
Qiyana,Galio,46.31,-3.43,-5.57,49.74,203,16.20,EMERALD+,middle,2026-10-09T16:30Z
Qiyana,Xerath,47.62,0.46,-1.68,47.16,273,16.20,EMERALD+,middle,2026-10-09T16:30Z
Qiyana,Malzahar,47.84,-0.41,-2.55,48.25,278,16.20,EMERALD+,middle,2026-10-09T16:30Z
Qiyana,Irelia,48.15,-1.71,-3.85,49.86,189,16.20,EMERALD+,middle,2026-10-09T16:30Z
Qiyana,Veigar,48.78,0.59,-1.55,48.19,205,16.20,EMERALD+,middle,2026-10-09T16:30Z
Qiyana,Lux,48.83,2.16,0.02,46.67,256,16.20,EMERALD+,middle,2026-10-09T16:30Z
Qiyana,Yone,48.96,1.44,-0.7,47.52,529,16.20,EMERALD+,middle,2026-10-09T16:30Z
Qiyana,Fizz,48.99,2.57,0.43,46.42,298,16.20,EMERALD+,middle,2026-10-09T16:30Z
Qiyana,Vex,49.34,3.39,1.25,45.95,227,16.20,EMERALD+,middle,2026-10-09T16:30Z
Qiyana,Lissandra,49.54,2.01,-0.13,47.53,323,16.20,EMERALD+,middle,2026-10-09T16:30Z
Qiyana,Akali,50.13,0.67,-1.47,49.46,399,16.20,EMERALD+,middle,2026-10-09T16:30Z
Qiyana,Hwei,50.22,2.76,0.62,47.46,227,16.20,EMERALD+,middle,2026-10-09T16:30Z
Qiyana,Viktor,50.5,1.8,-0.34,48.7,503,16.20,EMERALD+,middle,2026-10-09T16:30Z
Qiyana,Ahri,51.05,3.88,1.74,47.17,572,16.20,EMERALD+,middle,2026-10-09T16:30Z
Qiyana,LeBlanc,51.23,3.41,1.27,47.82,324,16.20,EMERALD+,middle,2026-10-09T16:30Z
Qiyana,Ryze,51.26,-1.86,-4.0,53.12,119,16.20,EMERALD+,middle,2026-10-09T16:30Z
Qiyana,Locke,51.42,2.82,0.68,48.6,494,16.20,EMERALD+,middle,2026-10-09T16:30Z
Qiyana,Zed,51.68,2.69,0.55,48.99,656,16.20,EMERALD+,middle,2026-10-09T16:30Z
Qiyana,Annie,51.82,4.8,2.66,47.02,110,16.20,EMERALD+,middle,2026-10-09T16:30Z
Qiyana,Orianna,52.07,0.43,-1.71,51.64,169,16.20,EMERALD+,middle,2026-10-09T16:30Z
Qiyana,Yasuo,52.48,3.73,1.59,48.75,606,16.20,EMERALD+,middle,2026-10-09T16:30Z
Qiyana,Sylas,52.55,2.13,-0.01,50.42,470,16.20,EMERALD+,middle,2026-10-09T16:30Z
Qiyana,Vladimir,52.94,5.11,2.97,47.83,272,16.20,EMERALD+,middle,2026-10-09T16:30Z
Qiyana,Anivia,53.57,5.0,2.86,48.57,112,16.20,EMERALD+,middle,2026-10-09T16:30Z
Qiyana,Twisted Fate,53.85,6.48,4.34,47.37,338,16.20,EMERALD+,middle,2026-10-09T16:30Z
Qiyana,Aurora,54.44,6.82,4.68,47.62,169,16.20,EMERALD+,middle,2026-10-09T16:30Z
Qiyana,Kassadin,55.14,6.33,4.19,48.81,214,16.20,EMERALD+,middle,2026-10-09T16:30Z
Qiyana,Syndra,55.48,6.57,4.43,48.91,429,16.20,EMERALD+,middle,2026-10-09T16:30Z
Qiyana,Mel,55.91,3.55,1.41,52.36,127,16.20,EMERALD+,middle,2026-10-09T16:30Z
Qiyana,Talon,56.69,8.66,6.52,48.03,127,16.20,EMERALD+,middle,2026-10-09T16:30Z
Qiyana,Aurelion Sol,58.25,10.76,8.62,47.49,103,16.20,EMERALD+,middle,2026-10-09T16:30Z
Ryze,Hwei,36.52,-10.94,-9.3,47.46,178,16.20,EMERALD+,middle,2026-10-09T16:30Z
Ryze,Viktor,42.43,-6.27,-4.62,48.7,535,16.20,EMERALD+,middle,2026-10-09T16:30Z
Ryze,Yasuo,42.55,-6.2,-4.55,48.75,376,16.20,EMERALD+,middle,2026-10-09T16:30Z
Ryze,Twisted Fate,43.12,-4.25,-2.61,47.37,327,16.20,EMERALD+,middle,2026-10-09T16:30Z
Ryze,Malzahar,43.58,-4.67,-3.02,48.25,218,16.20,EMERALD+,middle,2026-10-09T16:30Z
Ryze,Aurora,44.08,-3.54,-1.9,47.62,152,16.20,EMERALD+,middle,2026-10-09T16:30Z
Ryze,Qiyana,45.16,-4.16,-2.5,49.32,124,16.20,EMERALD+,middle,2026-10-09T16:30Z
Ryze,Galio,45.61,-4.13,-2.47,49.74,171,16.20,EMERALD+,middle,2026-10-09T16:30Z
Ryze,Ekko,45.95,-0.86,0.77,46.81,222,16.20,EMERALD+,middle,2026-10-09T16:30Z
Ryze,Katarina,46.27,-1.54,0.11,47.81,268,16.20,EMERALD+,middle,2026-10-09T16:30Z
Ryze,Zed,46.39,-2.6,-0.95,48.99,360,16.20,EMERALD+,middle,2026-10-09T16:30Z
Ryze,Yone,46.88,-0.64,1.0,47.52,401,16.20,EMERALD+,middle,2026-10-09T16:30Z
Ryze,Lux,46.91,0.24,1.87,46.67,162,16.20,EMERALD+,middle,2026-10-09T16:30Z
Ryze,Locke,47.22,-1.38,0.27,48.6,324,16.20,EMERALD+,middle,2026-10-09T16:30Z
Ryze,Fizz,47.32,0.9,2.53,46.42,224,16.20,EMERALD+,middle,2026-10-09T16:30Z
Ryze,Diana,47.53,-0.49,1.16,48.02,162,16.20,EMERALD+,middle,2026-10-09T16:30Z
Ryze,Irelia,47.58,-2.28,-0.62,49.86,124,16.20,EMERALD+,middle,2026-10-09T16:30Z
Ryze,Veigar,47.59,-0.6,1.05,48.19,166,16.20,EMERALD+,middle,2026-10-09T16:30Z
Ryze,Ahri,48.12,0.95,2.59,47.17,451,16.20,EMERALD+,middle,2026-10-09T16:30Z
Ryze,Orianna,48.21,-3.43,-1.77,51.64,168,16.20,EMERALD+,middle,2026-10-09T16:30Z
Ryze,Xerath,48.47,1.31,2.95,47.16,163,16.20,EMERALD+,middle,2026-10-09T16:30Z
Ryze,Syndra,48.66,-0.25,1.4,48.91,374,16.20,EMERALD+,middle,2026-10-09T16:30Z
Ryze,Akali,48.74,-0.72,0.94,49.46,238,16.20,EMERALD+,middle,2026-10-09T16:30Z
Ryze,Zoe,48.78,1.35,2.99,47.43,123,16.20,EMERALD+,middle,2026-10-09T16:30Z
Ryze,Sylas,49.32,-1.1,0.56,50.42,444,16.20,EMERALD+,middle,2026-10-09T16:30Z
Ryze,Talon,49.51,1.48,3.13,48.03,103,16.20,EMERALD+,middle,2026-10-09T16:30Z
Ryze,Lissandra,49.57,2.04,3.68,47.53,232,16.20,EMERALD+,middle,2026-10-09T16:30Z
Ryze,LeBlanc,49.61,1.79,3.44,47.82,256,16.20,EMERALD+,middle,2026-10-09T16:30Z
Ryze,Vladimir,50.19,2.36,4.01,47.83,267,16.20,EMERALD+,middle,2026-10-09T16:30Z
Ryze,Anivia,50.32,1.75,3.4,48.57,155,16.20,EMERALD+,middle,2026-10-09T16:30Z
Ryze,Akshan,50.44,0.49,2.15,49.95,113,16.20,EMERALD+,middle,2026-10-09T16:30Z
Ryze,Aurelion Sol,50.49,3.0,4.64,47.49,103,16.20,EMERALD+,middle,2026-10-09T16:30Z
Ryze,Vex,51.4,5.45,7.07,45.95,107,16.20,EMERALD+,middle,2026-10-09T16:30Z
Ryze,Kassadin,53.51,4.7,6.35,48.81,114,16.20,EMERALD+,middle,2026-10-09T16:30Z
Sion,Zed,55.56,6.57,3.32,48.99,144,16.20,EMERALD+,middle,2026-10-09T16:30Z
Sion,Malzahar,62.12,13.87,10.62,48.25,132,16.20,EMERALD+,middle,2026-10-09T16:30Z
Swain,Katarina,43.24,-4.57,-8.02,47.81,148,16.20,EMERALD+,middle,2026-10-09T16:30Z
Swain,Ahri,44.34,-2.83,-6.28,47.17,212,16.20,EMERALD+,middle,2026-10-09T16:30Z
Swain,Yone,45.41,-2.11,-5.56,47.52,185,16.20,EMERALD+,middle,2026-10-09T16:30Z
Swain,Locke,45.52,-3.08,-6.53,48.6,134,16.20,EMERALD+,middle,2026-10-09T16:30Z
Swain,Syndra,45.75,-3.16,-6.61,48.91,153,16.20,EMERALD+,middle,2026-10-09T16:30Z
Swain,Zed,47.58,-1.41,-4.86,48.99,124,16.20,EMERALD+,middle,2026-10-09T16:30Z
Swain,Ekko,49.54,2.73,-0.72,46.81,109,16.20,EMERALD+,middle,2026-10-09T16:30Z
Swain,Yasuo,50.79,2.04,-1.41,48.75,191,16.20,EMERALD+,middle,2026-10-09T16:30Z
Swain,Twisted Fate,53.9,6.53,3.08,47.37,141,16.20,EMERALD+,middle,2026-10-09T16:30Z
Swain,Viktor,54.46,5.76,2.31,48.7,213,16.20,EMERALD+,middle,2026-10-09T16:30Z
Swain,Galio,56.31,6.57,3.12,49.74,103,16.20,EMERALD+,middle,2026-10-09T16:30Z
Swain,Sylas,60.43,10.01,6.56,50.42,235,16.20,EMERALD+,middle,2026-10-09T16:30Z
Swain,Akali,60.48,11.02,7.57,49.46,124,16.20,EMERALD+,middle,2026-10-09T16:30Z
Swain,Malzahar,61.72,13.47,10.02,48.25,128,16.20,EMERALD+,middle,2026-10-09T16:30Z
Swain,Lissandra,66.67,19.14,15.69,47.53,129,16.20,EMERALD+,middle,2026-10-09T16:30Z
Sylas,Cho'Gath,39.2,-8.73,-9.76,47.93,125,16.20,EMERALD+,middle,2026-10-09T16:30Z
Sylas,Swain,42.68,-5.26,-6.29,47.94,239,16.20,EMERALD+,middle,2026-10-09T16:30Z
Sylas,Vex,44.09,-1.85,-2.88,45.94,499,16.20,EMERALD+,middle,2026-10-09T16:30Z
Sylas,Taliyah,44.82,-5.04,-6.07,49.86,299,16.20,EMERALD+,middle,2026-10-09T16:30Z
Sylas,Vel'Koz,45.19,-3.52,-4.55,48.71,104,16.20,EMERALD+,middle,2026-10-09T16:30Z
Sylas,Naafiri,45.76,-4.55,-5.58,50.31,118,16.20,EMERALD+,middle,2026-10-09T16:30Z
Sylas,Katarina,46.09,-1.74,-2.77,47.83,1037,16.20,EMERALD+,middle,2026-10-09T16:30Z
Sylas,Yasuo,46.75,-2.02,-3.05,48.77,1461,16.20,EMERALD+,middle,2026-10-09T16:30Z
Sylas,Pantheon,46.95,0.08,-0.95,46.87,164,16.20,EMERALD+,middle,2026-10-09T16:30Z
Sylas,Kassadin,47.18,-1.64,-2.67,48.82,373,16.20,EMERALD+,middle,2026-10-09T16:30Z
Sylas,Yone,47.47,-0.04,-1.07,47.51,1523,16.20,EMERALD+,middle,2026-10-09T16:30Z
Sylas,Zoe,47.61,0.2,-0.83,47.41,418,16.20,EMERALD+,middle,2026-10-09T16:30Z
Sylas,Hwei,47.96,0.49,-0.54,47.47,563,16.20,EMERALD+,middle,2026-10-09T16:30Z
Sylas,Malzahar,48.18,-0.18,-1.21,48.36,658,16.20,EMERALD+,middle,2026-10-09T16:30Z
Sylas,Talon,48.22,0.19,-0.84,48.03,309,16.20,EMERALD+,middle,2026-10-09T16:30Z
Sylas,Diana,48.44,0.46,-0.57,47.98,671,16.20,EMERALD+,middle,2026-10-09T16:30Z
Sylas,Galio,48.53,-1.25,-2.28,49.78,748,16.20,EMERALD+,middle,2026-10-09T16:30Z
Sylas,Smolder,48.57,-5.73,-6.76,54.3,105,16.20,EMERALD+,middle,2026-10-09T16:30Z
Sylas,Viktor,48.58,-0.06,-1.09,48.64,1585,16.20,EMERALD+,middle,2026-10-09T16:30Z
Sylas,Veigar,48.62,0.45,-0.58,48.17,506,16.20,EMERALD+,middle,2026-10-09T16:30Z
Sylas,Lux,48.72,2.02,0.99,46.7,546,16.20,EMERALD+,middle,2026-10-09T16:30Z
Sylas,Aurora,49.02,1.31,0.28,47.71,461,16.20,EMERALD+,middle,2026-10-09T16:30Z
Sylas,Ekko,49.12,2.35,1.32,46.77,851,16.20,EMERALD+,middle,2026-10-09T16:30Z
Sylas,Ahri,49.13,1.96,0.93,47.17,2058,16.20,EMERALD+,middle,2026-10-09T16:30Z
Sylas,Locke,49.27,0.59,-0.44,48.68,1240,16.20,EMERALD+,middle,2026-10-09T16:30Z
Sylas,Twisted Fate,49.37,1.92,0.89,47.45,1118,16.20,EMERALD+,middle,2026-10-09T16:30Z
Sylas,LeBlanc,49.45,1.58,0.55,47.87,815,16.20,EMERALD+,middle,2026-10-09T16:30Z
Sylas,Xerath,49.49,2.33,1.3,47.16,592,16.20,EMERALD+,middle,2026-10-09T16:30Z
Sylas,Syndra,49.9,1.02,-0.01,48.88,1032,16.20,EMERALD+,middle,2026-10-09T16:30Z
Sylas,Annie,50.0,2.92,1.89,47.08,236,16.20,EMERALD+,middle,2026-10-09T16:30Z
Sylas,Akshan,50.42,0.46,-0.57,49.96,236,16.20,EMERALD+,middle,2026-10-09T16:30Z
Sylas,Qiyana,50.52,1.15,0.12,49.37,485,16.20,EMERALD+,middle,2026-10-09T16:30Z
Sylas,Cassiopeia,50.88,-0.58,-1.61,51.46,228,16.20,EMERALD+,middle,2026-10-09T16:30Z
Sylas,Lissandra,51.08,3.53,2.5,47.55,975,16.20,EMERALD+,middle,2026-10-09T16:30Z
Sylas,Fizz,51.35,4.82,3.79,46.53,775,16.20,EMERALD+,middle,2026-10-09T16:30Z
Sylas,Kog'Maw,51.43,2.44,1.41,48.99,105,16.20,EMERALD+,middle,2026-10-09T16:30Z
Sylas,Akali,51.96,2.49,1.46,49.47,1249,16.20,EMERALD+,middle,2026-10-09T16:30Z
Sylas,Orianna,52.77,1.06,0.03,51.71,523,16.20,EMERALD+,middle,2026-10-09T16:30Z
Sylas,Nasus,52.82,5.09,4.06,47.73,142,16.20,EMERALD+,middle,2026-10-09T16:30Z
Sylas,Ryze,52.9,-0.19,-1.22,53.09,431,16.20,EMERALD+,middle,2026-10-09T16:30Z
Sylas,Kayle,53.27,3.69,2.66,49.58,107,16.20,EMERALD+,middle,2026-10-09T16:30Z
Sylas,Aurelion Sol,53.38,5.9,4.87,47.48,266,16.20,EMERALD+,middle,2026-10-09T16:30Z
Sylas,Anivia,53.38,4.81,3.78,48.57,311,16.20,EMERALD+,middle,2026-10-09T16:30Z
Sylas,Jayce,53.62,2.98,1.95,50.64,138,16.20,EMERALD+,middle,2026-10-09T16:30Z
Sylas,Lucian,53.79,-3.2,-4.24,56.99,132,16.20,EMERALD+,middle,2026-10-09T16:30Z
Sylas,Zed,54.07,5.06,4.03,49.01,1424,16.20,EMERALD+,middle,2026-10-09T16:30Z
Sylas,Irelia,55.07,5.23,4.2,49.84,454,16.20,EMERALD+,middle,2026-10-09T16:30Z
Sylas,Vladimir,55.61,7.8,6.77,47.81,633,16.20,EMERALD+,middle,2026-10-09T16:30Z
Sylas,Malphite,56.5,9.45,8.42,47.05,177,16.20,EMERALD+,middle,2026-10-09T16:30Z
Sylas,Mel,57.58,5.28,4.25,52.3,264,16.20,EMERALD+,middle,2026-10-09T16:30Z
Sylas,Azir,57.65,5.88,4.85,51.77,307,16.20,EMERALD+,middle,2026-10-09T16:30Z
Syndra,Fizz,45.6,-0.93,-3.5,46.53,1125,16.20,EMERALD+,middle,2026-10-09T16:30Z
Syndra,Kog'Maw,45.89,-3.1,-5.67,48.99,146,16.20,EMERALD+,middle,2026-10-09T16:30Z
Syndra,Qiyana,46.81,-2.56,-5.13,49.37,423,16.20,EMERALD+,middle,2026-10-09T16:30Z
Syndra,Katarina,47.09,-0.74,-3.31,47.83,1064,16.20,EMERALD+,middle,2026-10-09T16:30Z
Syndra,LeBlanc,47.46,-0.41,-2.98,47.87,906,16.20,EMERALD+,middle,2026-10-09T16:30Z
Syndra,Locke,47.58,-1.1,-3.67,48.68,1238,16.20,EMERALD+,middle,2026-10-09T16:30Z
Syndra,Ekko,47.82,1.05,-1.52,46.77,757,16.20,EMERALD+,middle,2026-10-09T16:30Z
Syndra,Zoe,47.95,0.54,-2.03,47.41,513,16.20,EMERALD+,middle,2026-10-09T16:30Z
Syndra,Brand,48.09,-0.47,-3.04,48.56,131,16.20,EMERALD+,middle,2026-10-09T16:30Z
Syndra,Vex,48.18,2.24,-0.32,45.94,521,16.20,EMERALD+,middle,2026-10-09T16:30Z
Syndra,Xerath,48.23,1.07,-1.5,47.16,1099,16.20,EMERALD+,middle,2026-10-09T16:30Z
Syndra,Nasus,48.33,0.6,-1.97,47.73,120,16.20,EMERALD+,middle,2026-10-09T16:30Z
Syndra,Yasuo,48.97,0.2,-2.37,48.77,1315,16.20,EMERALD+,middle,2026-10-09T16:30Z
Syndra,Twisted Fate,48.99,1.54,-1.03,47.45,894,16.20,EMERALD+,middle,2026-10-09T16:30Z
Syndra,Aurelion Sol,49.69,2.21,-0.36,47.48,318,16.20,EMERALD+,middle,2026-10-09T16:30Z
Syndra,Lux,50.39,3.69,1.12,46.7,778,16.20,EMERALD+,middle,2026-10-09T16:30Z
Syndra,Zed,50.39,1.38,-1.19,49.01,1024,16.20,EMERALD+,middle,2026-10-09T16:30Z
Syndra,Galio,50.41,0.63,-1.94,49.78,615,16.20,EMERALD+,middle,2026-10-09T16:30Z
Syndra,Vladimir,50.79,2.98,0.41,47.81,636,16.20,EMERALD+,middle,2026-10-09T16:30Z
Syndra,Naafiri,50.81,0.5,-2.07,50.31,124,16.20,EMERALD+,middle,2026-10-09T16:30Z
Syndra,Irelia,50.82,0.98,-1.59,49.84,425,16.20,EMERALD+,middle,2026-10-09T16:30Z
Syndra,Talon,50.83,2.8,0.23,48.03,242,16.20,EMERALD+,middle,2026-10-09T16:30Z
Syndra,Lissandra,50.91,3.36,0.79,47.55,878,16.20,EMERALD+,middle,2026-10-09T16:30Z
Syndra,Aurora,50.99,3.28,0.71,47.71,506,16.20,EMERALD+,middle,2026-10-09T16:30Z
Syndra,Ziggs,51.18,3.07,0.5,48.11,127,16.20,EMERALD+,middle,2026-10-09T16:30Z
Syndra,Vel'Koz,51.19,2.48,-0.09,48.71,168,16.20,EMERALD+,middle,2026-10-09T16:30Z
Syndra,Hwei,51.38,3.91,1.34,47.47,761,16.20,EMERALD+,middle,2026-10-09T16:30Z
Syndra,Ahri,51.4,4.23,1.66,47.17,1749,16.20,EMERALD+,middle,2026-10-09T16:30Z
Syndra,Veigar,51.84,3.67,1.1,48.17,571,16.20,EMERALD+,middle,2026-10-09T16:30Z
Syndra,Sylas,52.09,1.67,-0.9,50.42,1031,16.20,EMERALD+,middle,2026-10-09T16:30Z
Syndra,Diana,52.21,4.23,1.66,47.98,521,16.20,EMERALD+,middle,2026-10-09T16:30Z
Syndra,Akali,52.22,2.75,0.18,49.47,854,16.20,EMERALD+,middle,2026-10-09T16:30Z
Syndra,Swain,52.5,4.56,1.99,47.94,160,16.20,EMERALD+,middle,2026-10-09T16:30Z
Syndra,Tristana,52.59,1.29,-1.28,51.3,135,16.20,EMERALD+,middle,2026-10-09T16:30Z
Syndra,Viktor,52.85,4.21,1.64,48.64,2157,16.20,EMERALD+,middle,2026-10-09T16:30Z
Syndra,Ryze,52.93,-0.16,-2.72,53.09,393,16.20,EMERALD+,middle,2026-10-09T16:30Z
Syndra,Yone,53.54,6.03,3.46,47.51,1244,16.20,EMERALD+,middle,2026-10-09T16:30Z
Syndra,Malzahar,53.55,5.19,2.62,48.36,846,16.20,EMERALD+,middle,2026-10-09T16:30Z
Syndra,Anivia,53.63,5.06,2.49,48.57,358,16.20,EMERALD+,middle,2026-10-09T16:30Z
Syndra,Annie,53.91,6.83,4.26,47.08,345,16.20,EMERALD+,middle,2026-10-09T16:30Z
Syndra,Kassadin,54.06,5.24,2.67,48.82,468,16.20,EMERALD+,middle,2026-10-09T16:30Z
Syndra,Akshan,54.31,4.35,1.78,49.96,394,16.20,EMERALD+,middle,2026-10-09T16:30Z
Syndra,Azir,55.08,3.31,0.74,51.77,305,16.20,EMERALD+,middle,2026-10-09T16:30Z
Syndra,Cassiopeia,55.67,4.21,1.64,51.46,203,16.20,EMERALD+,middle,2026-10-09T16:30Z
Syndra,Orianna,56.02,4.31,1.74,51.71,673,16.20,EMERALD+,middle,2026-10-09T16:30Z
Syndra,Taliyah,56.44,6.58,4.01,49.86,264,16.20,EMERALD+,middle,2026-10-09T16:30Z
Syndra,Jayce,57.14,6.5,3.93,50.64,112,16.20,EMERALD+,middle,2026-10-09T16:30Z
Syndra,Lucian,57.79,0.8,-1.74,56.99,154,16.20,EMERALD+,middle,2026-10-09T16:30Z
Syndra,Pantheon,58.72,11.85,9.28,46.87,109,16.20,EMERALD+,middle,2026-10-09T16:30Z
Syndra,Mel,61.01,8.71,6.14,52.3,436,16.20,EMERALD+,middle,2026-10-09T16:30Z
Taliyah,Katarina,39.87,-7.96,-9.55,47.83,153,16.20,EMERALD+,middle,2026-10-09T16:30Z
Taliyah,LeBlanc,43.26,-4.61,-6.2,47.87,141,16.20,EMERALD+,middle,2026-10-09T16:30Z
Taliyah,Viktor,43.4,-5.24,-6.83,48.64,318,16.20,EMERALD+,middle,2026-10-09T16:30Z
Taliyah,Lux,44.25,-2.45,-4.04,46.7,113,16.20,EMERALD+,middle,2026-10-09T16:30Z
Taliyah,Syndra,44.91,-3.97,-5.56,48.88,265,16.20,EMERALD+,middle,2026-10-09T16:30Z
Taliyah,Xerath,45.07,-2.09,-3.68,47.16,142,16.20,EMERALD+,middle,2026-10-09T16:30Z
Taliyah,Ekko,47.5,0.73,-0.86,46.77,160,16.20,EMERALD+,middle,2026-10-09T16:30Z
Taliyah,Fizz,47.86,1.33,-0.26,46.53,140,16.20,EMERALD+,middle,2026-10-09T16:30Z
Taliyah,Ahri,48.21,1.04,-0.55,47.17,307,16.20,EMERALD+,middle,2026-10-09T16:30Z
Taliyah,Zed,48.28,-0.73,-2.32,49.01,145,16.20,EMERALD+,middle,2026-10-09T16:30Z
Taliyah,Yone,48.42,0.91,-0.68,47.51,221,16.20,EMERALD+,middle,2026-10-09T16:30Z
Taliyah,Locke,48.48,-0.2,-1.79,48.68,198,16.20,EMERALD+,middle,2026-10-09T16:30Z
Taliyah,Vladimir,49.54,1.73,0.14,47.81,109,16.20,EMERALD+,middle,2026-10-09T16:30Z
Taliyah,Yasuo,50.53,1.76,0.17,48.77,378,16.20,EMERALD+,middle,2026-10-09T16:30Z
Taliyah,Galio,51.47,1.69,0.1,49.78,136,16.20,EMERALD+,middle,2026-10-09T16:30Z
Taliyah,Twisted Fate,51.66,4.21,2.62,47.45,211,16.20,EMERALD+,middle,2026-10-09T16:30Z
Taliyah,Hwei,51.79,4.32,2.73,47.47,112,16.20,EMERALD+,middle,2026-10-09T16:30Z
Taliyah,Orianna,51.82,0.11,-1.48,51.71,110,16.20,EMERALD+,middle,2026-10-09T16:30Z
Taliyah,Lissandra,51.97,4.42,2.83,47.55,152,16.20,EMERALD+,middle,2026-10-09T16:30Z
Taliyah,Akali,54.61,5.14,3.55,49.47,152,16.20,EMERALD+,middle,2026-10-09T16:30Z
Taliyah,Diana,55.96,7.98,6.39,47.98,109,16.20,EMERALD+,middle,2026-10-09T16:30Z
Taliyah,Malzahar,56.15,7.79,6.2,48.36,130,16.20,EMERALD+,middle,2026-10-09T16:30Z
Taliyah,Veigar,56.73,8.56,6.97,48.17,104,16.20,EMERALD+,middle,2026-10-09T16:30Z
Taliyah,Sylas,56.96,6.54,4.95,50.42,309,16.20,EMERALD+,middle,2026-10-09T16:30Z
Talon,Vladimir,43.83,-3.98,-7.4,47.81,162,16.20,EMERALD+,middle,2026-10-09T16:30Z
Talon,Diana,44.06,-3.92,-7.34,47.98,143,16.20,EMERALD+,middle,2026-10-09T16:30Z
Talon,Lissandra,45.19,-2.36,-5.78,47.55,239,16.20,EMERALD+,middle,2026-10-09T16:30Z
Talon,Ekko,45.34,-1.43,-4.85,46.77,161,16.20,EMERALD+,middle,2026-10-09T16:30Z
Talon,Fizz,45.55,-0.98,-4.4,46.53,191,16.20,EMERALD+,middle,2026-10-09T16:30Z
Talon,Zed,47.66,-1.35,-4.77,49.01,321,16.20,EMERALD+,middle,2026-10-09T16:30Z
Talon,Vex,47.77,1.83,-1.58,45.94,157,16.20,EMERALD+,middle,2026-10-09T16:30Z
Talon,Yone,48.53,1.02,-2.4,47.51,307,16.20,EMERALD+,middle,2026-10-09T16:30Z
Talon,LeBlanc,49.28,1.41,-2.01,47.87,138,16.20,EMERALD+,middle,2026-10-09T16:30Z
Talon,Qiyana,49.59,0.22,-3.2,49.37,123,16.20,EMERALD+,middle,2026-10-09T16:30Z
Talon,Xerath,50.0,2.84,-0.58,47.16,114,16.20,EMERALD+,middle,2026-10-09T16:30Z
Talon,Twisted Fate,50.36,2.91,-0.51,47.45,276,16.20,EMERALD+,middle,2026-10-09T16:30Z
Talon,Aurora,51.26,3.55,0.13,47.71,119,16.20,EMERALD+,middle,2026-10-09T16:30Z
Talon,Ahri,51.41,4.24,0.82,47.17,354,16.20,EMERALD+,middle,2026-10-09T16:30Z
Talon,Orianna,51.92,0.21,-3.21,51.71,104,16.20,EMERALD+,middle,2026-10-09T16:30Z
Talon,Syndra,51.93,3.05,-0.37,48.88,233,16.20,EMERALD+,middle,2026-10-09T16:30Z
Talon,Katarina,51.94,4.11,0.69,47.83,258,16.20,EMERALD+,middle,2026-10-09T16:30Z
Talon,Irelia,52.38,2.54,-0.88,49.84,105,16.20,EMERALD+,middle,2026-10-09T16:30Z
Talon,Viktor,52.56,3.92,0.5,48.64,312,16.20,EMERALD+,middle,2026-10-09T16:30Z
Talon,Yasuo,53.62,4.85,1.43,48.77,345,16.20,EMERALD+,middle,2026-10-09T16:30Z
Talon,Galio,53.66,3.88,0.46,49.78,164,16.20,EMERALD+,middle,2026-10-09T16:30Z
Talon,Akali,53.95,4.48,1.06,49.47,304,16.20,EMERALD+,middle,2026-10-09T16:30Z
Talon,Lux,55.0,8.3,4.88,46.7,100,16.20,EMERALD+,middle,2026-10-09T16:30Z
Talon,Zoe,55.63,8.22,4.8,47.41,142,16.20,EMERALD+,middle,2026-10-09T16:30Z
Talon,Locke,55.81,7.13,3.71,48.68,353,16.20,EMERALD+,middle,2026-10-09T16:30Z
Talon,Sylas,56.23,5.81,2.39,50.42,313,16.20,EMERALD+,middle,2026-10-09T16:30Z
Talon,Malzahar,56.72,8.36,4.94,48.36,201,16.20,EMERALD+,middle,2026-10-09T16:30Z
Talon,Kassadin,57.14,8.32,4.9,48.82,119,16.20,EMERALD+,middle,2026-10-09T16:30Z
Talon,Hwei,58.93,11.46,8.04,47.47,112,16.20,EMERALD+,middle,2026-10-09T16:30Z
Tristana,Akali,39.6,-9.87,-10.02,49.47,101,16.20,EMERALD+,middle,2026-10-09T16:30Z
Tristana,Viktor,42.18,-6.46,-6.61,48.64,147,16.20,EMERALD+,middle,2026-10-09T16:30Z
Tristana,Kassadin,43.17,-5.65,-5.8,48.82,139,16.20,EMERALD+,middle,2026-10-09T16:30Z
Tristana,Yasuo,43.18,-5.59,-5.74,48.77,132,16.20,EMERALD+,middle,2026-10-09T16:30Z
Tristana,Ahri,46.94,-0.23,-0.39,47.17,147,16.20,EMERALD+,middle,2026-10-09T16:30Z
Tristana,Syndra,50.39,1.51,1.36,48.88,127,16.20,EMERALD+,middle,2026-10-09T16:30Z
Tristana,Katarina,51.82,3.99,3.84,47.83,110,16.20,EMERALD+,middle,2026-10-09T16:30Z
Tristana,Galio,52.07,2.29,2.14,49.78,121,16.20,EMERALD+,middle,2026-10-09T16:30Z
Tristana,Zed,54.1,5.09,4.94,49.01,122,16.20,EMERALD+,middle,2026-10-09T16:30Z
Tristana,Locke,55.17,6.49,6.34,48.68,116,16.20,EMERALD+,middle,2026-10-09T16:30Z
Tristana,Sylas,57.84,7.42,7.27,50.42,102,16.20,EMERALD+,middle,2026-10-09T16:30Z
Tristana,Yone,58.74,11.23,11.08,47.51,143,16.20,EMERALD+,middle,2026-10-09T16:30Z
Twisted Fate,Swain,46.58,-1.36,-5.36,47.94,146,16.20,EMERALD+,middle,2026-10-09T16:30Z
Twisted Fate,Annie,46.8,-0.28,-4.28,47.08,203,16.20,EMERALD+,middle,2026-10-09T16:30Z
Twisted Fate,Kassadin,47.69,-1.13,-5.13,48.82,281,16.20,EMERALD+,middle,2026-10-09T16:30Z
Twisted Fate,Yasuo,48.27,-0.5,-4.5,48.77,839,16.20,EMERALD+,middle,2026-10-09T16:30Z
Twisted Fate,Qiyana,48.55,-0.82,-4.82,49.37,344,16.20,EMERALD+,middle,2026-10-09T16:30Z
Twisted Fate,Fizz,48.59,2.06,-1.94,46.53,603,16.20,EMERALD+,middle,2026-10-09T16:30Z
Twisted Fate,Diana,48.88,0.9,-3.1,47.98,358,16.20,EMERALD+,middle,2026-10-09T16:30Z
Twisted Fate,Ekko,48.89,2.12,-1.88,46.77,495,16.20,EMERALD+,middle,2026-10-09T16:30Z
Twisted Fate,Zed,49.59,0.58,-3.42,49.01,845,16.20,EMERALD+,middle,2026-10-09T16:30Z
Twisted Fate,Taliyah,50.0,0.14,-3.86,49.86,220,16.20,EMERALD+,middle,2026-10-09T16:30Z
Twisted Fate,Talon,50.0,1.97,-2.03,48.03,288,16.20,EMERALD+,middle,2026-10-09T16:30Z
Twisted Fate,Cassiopeia,50.0,-1.46,-5.45,51.46,116,16.20,EMERALD+,middle,2026-10-09T16:30Z
Twisted Fate,Irelia,50.36,0.52,-3.48,49.84,276,16.20,EMERALD+,middle,2026-10-09T16:30Z
Twisted Fate,Nasus,50.42,2.69,-1.31,47.73,119,16.20,EMERALD+,middle,2026-10-09T16:30Z
Twisted Fate,Locke,50.68,2.0,-2.0,48.68,803,16.20,EMERALD+,middle,2026-10-09T16:30Z
Twisted Fate,Katarina,50.77,2.94,-1.06,47.83,715,16.20,EMERALD+,middle,2026-10-09T16:30Z
Twisted Fate,Xerath,51.39,4.23,0.23,47.16,539,16.20,EMERALD+,middle,2026-10-09T16:30Z
Twisted Fate,Viktor,51.66,3.02,-0.98,48.64,1266,16.20,EMERALD+,middle,2026-10-09T16:30Z
Twisted Fate,Ahri,51.81,4.64,0.64,47.17,1106,16.20,EMERALD+,middle,2026-10-09T16:30Z
Twisted Fate,Veigar,51.86,3.69,-0.31,48.17,403,16.20,EMERALD+,middle,2026-10-09T16:30Z
Twisted Fate,LeBlanc,52.88,5.01,1.01,47.87,607,16.20,EMERALD+,middle,2026-10-09T16:30Z
Twisted Fate,Aurora,53.17,5.46,1.46,47.71,410,16.20,EMERALD+,middle,2026-10-09T16:30Z
Twisted Fate,Vladimir,53.17,5.36,1.36,47.81,410,16.20,EMERALD+,middle,2026-10-09T16:30Z
Twisted Fate,Kog'Maw,53.33,4.34,0.34,48.99,105,16.20,EMERALD+,middle,2026-10-09T16:30Z
Twisted Fate,Yone,53.49,5.98,1.98,47.51,946,16.20,EMERALD+,middle,2026-10-09T16:30Z
Twisted Fate,Syndra,53.5,4.62,0.62,48.88,899,16.20,EMERALD+,middle,2026-10-09T16:30Z
Twisted Fate,Lux,53.55,6.85,2.85,46.7,465,16.20,EMERALD+,middle,2026-10-09T16:30Z
Twisted Fate,Anivia,53.91,5.34,1.34,48.57,243,16.20,EMERALD+,middle,2026-10-09T16:30Z
Twisted Fate,Zoe,53.94,6.53,2.53,47.41,406,16.20,EMERALD+,middle,2026-10-09T16:30Z
Twisted Fate,Orianna,54.41,2.7,-1.29,51.71,397,16.20,EMERALD+,middle,2026-10-09T16:30Z
Twisted Fate,Lissandra,54.52,6.97,2.97,47.55,631,16.20,EMERALD+,middle,2026-10-09T16:30Z
Twisted Fate,Sylas,54.64,4.22,0.22,50.42,1109,16.20,EMERALD+,middle,2026-10-09T16:30Z
Twisted Fate,Galio,54.68,4.9,0.9,49.78,545,16.20,EMERALD+,middle,2026-10-09T16:30Z
Twisted Fate,Malzahar,54.91,6.55,2.55,48.36,763,16.20,EMERALD+,middle,2026-10-09T16:30Z
Twisted Fate,Azir,55.3,3.53,-0.46,51.77,217,16.20,EMERALD+,middle,2026-10-09T16:30Z
Twisted Fate,Mel,55.47,3.17,-0.82,52.3,384,16.20,EMERALD+,middle,2026-10-09T16:30Z
Twisted Fate,Aurelion Sol,55.56,8.08,4.08,47.48,225,16.20,EMERALD+,middle,2026-10-09T16:30Z
Twisted Fate,Hwei,56.13,8.66,4.66,47.47,481,16.20,EMERALD+,middle,2026-10-09T16:30Z
Twisted Fate,Vex,56.98,11.04,7.05,45.94,358,16.20,EMERALD+,middle,2026-10-09T16:30Z
Twisted Fate,Akali,57.86,8.39,4.39,49.47,802,16.20,EMERALD+,middle,2026-10-09T16:30Z
Twisted Fate,Ryze,58.67,5.58,1.6,53.09,346,16.20,EMERALD+,middle,2026-10-09T16:30Z
Twisted Fate,Akshan,59.22,9.26,5.26,49.96,309,16.20,EMERALD+,middle,2026-10-09T16:30Z
Veigar,Anivia,43.43,-5.14,-8.42,48.57,175,16.20,EMERALD+,middle,2026-10-09T16:30Z
Veigar,Taliyah,44.0,-5.86,-9.14,49.86,100,16.20,EMERALD+,middle,2026-10-09T16:30Z
Veigar,Vladimir,45.93,-1.88,-5.16,47.81,344,16.20,EMERALD+,middle,2026-10-09T16:30Z
Veigar,Katarina,47.15,-0.68,-3.96,47.83,579,16.20,EMERALD+,middle,2026-10-09T16:30Z
Veigar,Xerath,48.42,1.26,-2.02,47.16,380,16.20,EMERALD+,middle,2026-10-09T16:30Z
Veigar,Ekko,48.55,1.78,-1.5,46.77,379,16.20,EMERALD+,middle,2026-10-09T16:30Z
Veigar,Lissandra,48.59,1.04,-2.24,47.55,426,16.20,EMERALD+,middle,2026-10-09T16:30Z
Veigar,Vex,48.6,2.66,-0.61,45.94,214,16.20,EMERALD+,middle,2026-10-09T16:30Z
Veigar,Zed,48.79,-0.22,-3.5,49.01,580,16.20,EMERALD+,middle,2026-10-09T16:30Z
Veigar,Lux,48.92,2.22,-1.06,46.7,370,16.20,EMERALD+,middle,2026-10-09T16:30Z
Veigar,Ahri,49.27,2.1,-1.18,47.17,889,16.20,EMERALD+,middle,2026-10-09T16:30Z
Veigar,Hwei,49.33,1.86,-1.42,47.47,298,16.20,EMERALD+,middle,2026-10-09T16:30Z
Veigar,Locke,49.37,0.69,-2.59,48.68,476,16.20,EMERALD+,middle,2026-10-09T16:30Z
Veigar,LeBlanc,49.47,1.6,-1.68,47.87,380,16.20,EMERALD+,middle,2026-10-09T16:30Z
Veigar,Yone,50.73,3.22,-0.06,47.51,613,16.20,EMERALD+,middle,2026-10-09T16:30Z
Veigar,Malzahar,50.82,2.46,-0.82,48.36,486,16.20,EMERALD+,middle,2026-10-09T16:30Z
Veigar,Syndra,50.89,2.01,-1.27,48.88,564,16.20,EMERALD+,middle,2026-10-09T16:30Z
Veigar,Aurelion Sol,51.01,3.53,0.25,47.48,149,16.20,EMERALD+,middle,2026-10-09T16:30Z
Veigar,Diana,51.09,3.11,-0.17,47.98,229,16.20,EMERALD+,middle,2026-10-09T16:30Z
Veigar,Orianna,51.79,0.08,-3.2,51.71,251,16.20,EMERALD+,middle,2026-10-09T16:30Z
Veigar,Aurora,51.8,4.09,0.81,47.71,222,16.20,EMERALD+,middle,2026-10-09T16:30Z
Veigar,Viktor,51.99,3.35,0.07,48.64,729,16.20,EMERALD+,middle,2026-10-09T16:30Z
Veigar,Twisted Fate,52.1,4.65,1.37,47.45,405,16.20,EMERALD+,middle,2026-10-09T16:30Z
Veigar,Azir,52.27,0.5,-2.78,51.77,132,16.20,EMERALD+,middle,2026-10-09T16:30Z
Veigar,Fizz,52.56,6.03,2.75,46.53,468,16.20,EMERALD+,middle,2026-10-09T16:30Z
Veigar,Akshan,53.04,3.08,-0.2,49.96,181,16.20,EMERALD+,middle,2026-10-09T16:30Z
Veigar,Akali,54.15,4.68,1.4,49.47,386,16.20,EMERALD+,middle,2026-10-09T16:30Z
Veigar,Galio,55.08,5.3,2.02,49.78,236,16.20,EMERALD+,middle,2026-10-09T16:30Z
Veigar,Sylas,55.42,5.0,1.72,50.42,498,16.20,EMERALD+,middle,2026-10-09T16:30Z
Veigar,Irelia,55.95,6.11,2.83,49.84,168,16.20,EMERALD+,middle,2026-10-09T16:30Z
Veigar,Kassadin,56.23,7.41,4.13,48.82,281,16.20,EMERALD+,middle,2026-10-09T16:30Z
Veigar,Zoe,56.35,8.94,5.66,47.41,197,16.20,EMERALD+,middle,2026-10-09T16:30Z
Veigar,Annie,56.45,9.37,6.09,47.08,124,16.20,EMERALD+,middle,2026-10-09T16:30Z
Veigar,Qiyana,57.21,7.84,4.56,49.37,208,16.20,EMERALD+,middle,2026-10-09T16:30Z
Veigar,Yasuo,57.27,8.5,5.22,48.77,660,16.20,EMERALD+,middle,2026-10-09T16:30Z
Veigar,Ryze,57.83,4.74,1.47,53.09,166,16.20,EMERALD+,middle,2026-10-09T16:30Z
Veigar,Mel,60.0,7.7,4.43,52.3,215,16.20,EMERALD+,middle,2026-10-09T16:30Z
Vel'Koz,Yone,43.87,-3.64,-6.38,47.51,155,16.20,EMERALD+,middle,2026-10-09T16:30Z
Vel'Koz,Xerath,45.76,-1.4,-4.14,47.16,118,16.20,EMERALD+,middle,2026-10-09T16:30Z
Vel'Koz,Katarina,45.95,-1.88,-4.62,47.83,111,16.20,EMERALD+,middle,2026-10-09T16:30Z
Vel'Koz,LeBlanc,46.0,-1.87,-4.61,47.87,100,16.20,EMERALD+,middle,2026-10-09T16:30Z
Vel'Koz,Locke,48.51,-0.17,-2.91,48.68,134,16.20,EMERALD+,middle,2026-10-09T16:30Z
Vel'Koz,Zed,48.85,-0.16,-2.9,49.01,131,16.20,EMERALD+,middle,2026-10-09T16:30Z
Vel'Koz,Ahri,50.28,3.11,0.37,47.17,179,16.20,EMERALD+,middle,2026-10-09T16:30Z
Vel'Koz,Viktor,50.92,2.28,-0.46,48.64,218,16.20,EMERALD+,middle,2026-10-09T16:30Z
Vel'Koz,Syndra,51.23,2.35,-0.39,48.88,162,16.20,EMERALD+,middle,2026-10-09T16:30Z
Vel'Koz,Yasuo,52.23,3.46,0.72,48.77,157,16.20,EMERALD+,middle,2026-10-09T16:30Z
Vel'Koz,Malzahar,53.45,5.09,2.35,48.36,116,16.20,EMERALD+,middle,2026-10-09T16:30Z
Vel'Koz,Sylas,55.34,4.92,2.18,50.42,103,16.20,EMERALD+,middle,2026-10-09T16:30Z
Vex,Twisted Fate,46.47,-0.98,-6.5,47.45,340,16.20,EMERALD+,middle,2026-10-09T16:30Z
Vex,Hwei,47.1,-0.37,-5.89,47.47,259,16.20,EMERALD+,middle,2026-10-09T16:30Z
Vex,Vladimir,48.03,0.22,-5.3,47.81,229,16.20,EMERALD+,middle,2026-10-09T16:30Z
Vex,Xerath,48.64,1.48,-4.04,47.16,257,16.20,EMERALD+,middle,2026-10-09T16:30Z
Vex,Viktor,48.85,0.21,-5.31,48.64,522,16.20,EMERALD+,middle,2026-10-09T16:30Z
Vex,Zoe,50.26,2.85,-2.67,47.41,195,16.20,EMERALD+,middle,2026-10-09T16:30Z
Vex,Lux,50.59,3.89,-1.62,46.7,253,16.20,EMERALD+,middle,2026-10-09T16:30Z
Vex,Anivia,50.82,2.25,-3.27,48.57,122,16.20,EMERALD+,middle,2026-10-09T16:30Z
Vex,Ryze,51.79,-1.3,-6.77,53.09,112,16.20,EMERALD+,middle,2026-10-09T16:30Z
Vex,Fizz,52.68,6.15,0.64,46.53,355,16.20,EMERALD+,middle,2026-10-09T16:30Z
Vex,Qiyana,52.74,3.37,-2.14,49.37,237,16.20,EMERALD+,middle,2026-10-09T16:30Z
Vex,Ahri,52.81,5.64,0.12,47.17,640,16.20,EMERALD+,middle,2026-10-09T16:30Z
Vex,Ekko,52.87,6.1,0.59,46.77,314,16.20,EMERALD+,middle,2026-10-09T16:30Z
Vex,Yasuo,53.34,4.57,-0.95,48.77,928,16.20,EMERALD+,middle,2026-10-09T16:30Z
Vex,Mel,53.68,1.38,-4.11,52.3,190,16.20,EMERALD+,middle,2026-10-09T16:30Z
Vex,Syndra,53.99,5.11,-0.41,48.88,526,16.20,EMERALD+,middle,2026-10-09T16:30Z
Vex,Yone,54.04,6.53,1.01,47.51,631,16.20,EMERALD+,middle,2026-10-09T16:30Z
Vex,Akshan,54.14,4.18,-1.33,49.96,181,16.20,EMERALD+,middle,2026-10-09T16:30Z
Vex,Katarina,54.25,6.42,0.9,47.83,588,16.20,EMERALD+,middle,2026-10-09T16:30Z
Vex,Zed,55.43,6.42,0.91,49.01,552,16.20,EMERALD+,middle,2026-10-09T16:30Z
Vex,Aurora,55.83,8.12,2.6,47.71,163,16.20,EMERALD+,middle,2026-10-09T16:30Z
Vex,Veigar,55.88,7.71,2.19,48.17,204,16.20,EMERALD+,middle,2026-10-09T16:30Z
Vex,Locke,55.88,7.2,1.68,48.68,544,16.20,EMERALD+,middle,2026-10-09T16:30Z
Vex,Diana,56.56,8.58,3.06,47.98,244,16.20,EMERALD+,middle,2026-10-09T16:30Z
Vex,Lissandra,57.0,9.45,3.93,47.55,307,16.20,EMERALD+,middle,2026-10-09T16:30Z
Vex,Kassadin,57.14,8.32,2.8,48.82,168,16.20,EMERALD+,middle,2026-10-09T16:30Z
Vex,Talon,57.62,9.59,4.07,48.03,151,16.20,EMERALD+,middle,2026-10-09T16:30Z
Vex,Sylas,57.97,7.55,2.04,50.42,502,16.20,EMERALD+,middle,2026-10-09T16:30Z
Vex,Azir,58.0,6.23,0.74,51.77,100,16.20,EMERALD+,middle,2026-10-09T16:30Z
Vex,Galio,58.69,8.91,3.4,49.78,213,16.20,EMERALD+,middle,2026-10-09T16:30Z
Vex,Irelia,58.85,9.01,3.5,49.84,260,16.20,EMERALD+,middle,2026-10-09T16:30Z
Vex,Akali,58.99,9.52,4.01,49.47,495,16.20,EMERALD+,middle,2026-10-09T16:30Z
Vex,Malzahar,59.41,11.05,5.53,48.36,271,16.20,EMERALD+,middle,2026-10-09T16:30Z
Vex,Orianna,59.56,7.85,2.36,51.71,183,16.20,EMERALD+,middle,2026-10-09T16:30Z
Vex,LeBlanc,59.64,11.77,6.25,47.87,788,16.20,EMERALD+,middle,2026-10-09T16:30Z
Viktor,Nunu & Willump,42.45,-5.15,-7.96,47.6,106,16.20,EMERALD+,middle,2026-10-09T16:30Z
Viktor,Xerath,45.45,-1.71,-4.52,47.16,1551,16.20,EMERALD+,middle,2026-10-09T16:30Z
Viktor,Cho'Gath,46.15,-1.78,-4.59,47.93,143,16.20,EMERALD+,middle,2026-10-09T16:30Z
Viktor,Nasus,46.7,-1.03,-3.84,47.73,197,16.20,EMERALD+,middle,2026-10-09T16:30Z
Viktor,Brand,46.71,-1.85,-4.66,48.56,152,16.20,EMERALD+,middle,2026-10-09T16:30Z
Viktor,Locke,47.04,-1.64,-4.45,48.68,1556,16.20,EMERALD+,middle,2026-10-09T16:30Z
Viktor,Ahri,47.94,0.77,-2.04,47.17,1946,16.20,EMERALD+,middle,2026-10-09T16:30Z
Viktor,Akali,48.22,-1.25,-4.06,49.47,1377,16.20,EMERALD+,middle,2026-10-09T16:30Z
Viktor,Kassadin,48.56,-0.26,-3.07,48.82,554,16.20,EMERALD+,middle,2026-10-09T16:30Z
Viktor,Syndra,48.66,-0.22,-3.03,48.88,2162,16.20,EMERALD+,middle,2026-10-09T16:30Z
Viktor,Ekko,48.86,2.09,-0.72,46.77,962,16.20,EMERALD+,middle,2026-10-09T16:30Z
Viktor,Vladimir,49.0,1.19,-1.62,47.81,749,16.20,EMERALD+,middle,2026-10-09T16:30Z
Viktor,Lux,49.29,2.59,-0.22,46.7,919,16.20,EMERALD+,middle,2026-10-09T16:30Z
Viktor,Swain,49.3,1.36,-1.45,47.94,215,16.20,EMERALD+,middle,2026-10-09T16:30Z
Viktor,Vel'Koz,49.34,0.63,-2.18,48.71,227,16.20,EMERALD+,middle,2026-10-09T16:30Z
Viktor,Hwei,49.35,1.88,-0.93,47.47,993,16.20,EMERALD+,middle,2026-10-09T16:30Z
Viktor,Kog'Maw,49.46,0.47,-2.34,48.99,186,16.20,EMERALD+,middle,2026-10-09T16:30Z
Viktor,Akshan,50.0,0.04,-2.77,49.96,426,16.20,EMERALD+,middle,2026-10-09T16:30Z
Viktor,Irelia,50.24,0.4,-2.41,49.84,627,16.20,EMERALD+,middle,2026-10-09T16:30Z
Viktor,Zoe,50.26,2.85,0.04,47.41,575,16.20,EMERALD+,middle,2026-10-09T16:30Z
Viktor,Anivia,50.44,1.87,-0.94,48.57,454,16.20,EMERALD+,middle,2026-10-09T16:30Z
Viktor,Aurelion Sol,50.55,3.07,0.26,47.48,362,16.20,EMERALD+,middle,2026-10-09T16:30Z
Viktor,Talon,50.61,2.58,-0.23,48.03,328,16.20,EMERALD+,middle,2026-10-09T16:30Z
Viktor,Qiyana,50.88,1.51,-1.3,49.37,513,16.20,EMERALD+,middle,2026-10-09T16:30Z
Viktor,Yone,50.97,3.46,0.65,47.51,1907,16.20,EMERALD+,middle,2026-10-09T16:30Z
Viktor,Aurora,51.39,3.68,0.87,47.71,541,16.20,EMERALD+,middle,2026-10-09T16:30Z
Viktor,Twisted Fate,51.44,3.99,1.18,47.45,1285,16.20,EMERALD+,middle,2026-10-09T16:30Z
Viktor,Zed,51.53,2.52,-0.29,49.01,1440,16.20,EMERALD+,middle,2026-10-09T16:30Z
Viktor,Fizz,51.54,5.01,2.2,46.53,844,16.20,EMERALD+,middle,2026-10-09T16:30Z
Viktor,Diana,51.61,3.63,0.82,47.98,682,16.20,EMERALD+,middle,2026-10-09T16:30Z
Viktor,Katarina,51.75,3.92,1.11,47.83,1113,16.20,EMERALD+,middle,2026-10-09T16:30Z
Viktor,Ziggs,51.92,3.81,1.0,48.11,156,16.20,EMERALD+,middle,2026-10-09T16:30Z
Viktor,Malzahar,52.18,3.82,1.01,48.36,987,16.20,EMERALD+,middle,2026-10-09T16:30Z
Viktor,Veigar,52.48,4.31,1.5,48.17,747,16.20,EMERALD+,middle,2026-10-09T16:30Z
Viktor,Naafiri,53.17,2.86,0.05,50.31,126,16.20,EMERALD+,middle,2026-10-09T16:30Z
Viktor,Lissandra,53.49,5.94,3.13,47.55,1118,16.20,EMERALD+,middle,2026-10-09T16:30Z
Viktor,LeBlanc,53.71,5.84,3.03,47.87,1039,16.20,EMERALD+,middle,2026-10-09T16:30Z
Viktor,Sion,53.92,5.56,2.75,48.36,102,16.20,EMERALD+,middle,2026-10-09T16:30Z
Viktor,Yasuo,53.94,5.17,2.36,48.77,1726,16.20,EMERALD+,middle,2026-10-09T16:30Z
Viktor,Sylas,54.03,3.61,0.8,50.42,1601,16.20,EMERALD+,middle,2026-10-09T16:30Z
Viktor,Galio,54.13,4.35,1.54,49.78,824,16.20,EMERALD+,middle,2026-10-09T16:30Z
Viktor,Orianna,54.14,2.43,-0.38,51.71,761,16.20,EMERALD+,middle,2026-10-09T16:30Z
Viktor,Malphite,54.21,7.16,4.35,47.05,107,16.20,EMERALD+,middle,2026-10-09T16:30Z
Viktor,Tristana,54.38,3.08,0.27,51.3,160,16.20,EMERALD+,middle,2026-10-09T16:30Z
Viktor,Vex,54.39,8.45,5.65,45.94,524,16.20,EMERALD+,middle,2026-10-09T16:30Z
Viktor,Cassiopeia,54.55,3.09,0.28,51.46,231,16.20,EMERALD+,middle,2026-10-09T16:30Z
Viktor,Annie,55.04,7.96,5.15,47.08,278,16.20,EMERALD+,middle,2026-10-09T16:30Z
Viktor,Azir,56.11,4.34,1.53,51.77,360,16.20,EMERALD+,middle,2026-10-09T16:30Z
Viktor,Kayle,56.31,6.73,3.92,49.58,103,16.20,EMERALD+,middle,2026-10-09T16:30Z
Viktor,Lucian,57.14,0.15,-2.63,56.99,175,16.20,EMERALD+,middle,2026-10-09T16:30Z
Viktor,Pantheon,57.26,10.39,7.58,46.87,124,16.20,EMERALD+,middle,2026-10-09T16:30Z
Viktor,Jayce,58.39,7.75,4.94,50.64,137,16.20,EMERALD+,middle,2026-10-09T16:30Z
Viktor,Taliyah,58.49,8.63,5.82,49.86,318,16.20,EMERALD+,middle,2026-10-09T16:30Z
Viktor,Ryze,59.93,6.84,4.04,53.09,559,16.20,EMERALD+,middle,2026-10-09T16:30Z
Viktor,Mel,62.34,10.04,7.23,52.3,385,16.20,EMERALD+,middle,2026-10-09T16:30Z
Viktor,Smolder,62.61,8.31,5.51,54.3,115,16.20,EMERALD+,middle,2026-10-09T16:30Z
Vladimir,Aurora,45.13,-2.58,-6.22,47.71,277,16.20,EMERALD+,middle,2026-10-09T16:30Z
Vladimir,Hwei,45.35,-2.12,-5.76,47.47,355,16.20,EMERALD+,middle,2026-10-09T16:30Z
Vladimir,Zoe,45.55,-1.86,-5.5,47.41,281,16.20,EMERALD+,middle,2026-10-09T16:30Z
Vladimir,Anivia,46.05,-2.52,-6.16,48.57,228,16.20,EMERALD+,middle,2026-10-09T16:30Z
Vladimir,Sylas,46.29,-4.13,-7.77,50.42,620,16.20,EMERALD+,middle,2026-10-09T16:30Z
Vladimir,Malzahar,47.5,-0.86,-4.5,48.36,619,16.20,EMERALD+,middle,2026-10-09T16:30Z
Vladimir,Twisted Fate,48.77,1.32,-2.32,47.45,406,16.20,EMERALD+,middle,2026-10-09T16:30Z
Vladimir,Yone,49.83,2.32,-1.32,47.51,863,16.20,EMERALD+,middle,2026-10-09T16:30Z
Vladimir,Ahri,50.29,3.12,-0.52,47.17,869,16.20,EMERALD+,middle,2026-10-09T16:30Z
Vladimir,Akali,50.3,0.83,-2.81,49.47,507,16.20,EMERALD+,middle,2026-10-09T16:30Z
Vladimir,Lissandra,50.31,2.76,-0.88,47.55,487,16.20,EMERALD+,middle,2026-10-09T16:30Z
Vladimir,Syndra,50.4,1.52,-2.12,48.88,629,16.20,EMERALD+,middle,2026-10-09T16:30Z
Vladimir,LeBlanc,50.92,3.05,-0.59,47.87,489,16.20,EMERALD+,middle,2026-10-09T16:30Z
Vladimir,Aurelion Sol,51.43,3.95,0.31,47.48,175,16.20,EMERALD+,middle,2026-10-09T16:30Z
Vladimir,Orianna,51.46,-0.25,-3.88,51.71,309,16.20,EMERALD+,middle,2026-10-09T16:30Z
Vladimir,Xerath,51.66,4.5,0.86,47.16,302,16.20,EMERALD+,middle,2026-10-09T16:30Z
Vladimir,Zed,51.81,2.8,-0.84,49.01,830,16.20,EMERALD+,middle,2026-10-09T16:30Z
Vladimir,Lux,51.99,5.29,1.65,46.7,377,16.20,EMERALD+,middle,2026-10-09T16:30Z
Vladimir,Qiyana,52.1,2.73,-0.91,49.37,286,16.20,EMERALD+,middle,2026-10-09T16:30Z
Vladimir,Fizz,52.63,6.1,2.46,46.53,570,16.20,EMERALD+,middle,2026-10-09T16:30Z
Vladimir,Ryze,52.63,-0.46,-4.09,53.09,266,16.20,EMERALD+,middle,2026-10-09T16:30Z
Vladimir,Ekko,52.94,6.17,2.53,46.77,493,16.20,EMERALD+,middle,2026-10-09T16:30Z
Vladimir,Locke,53.28,4.6,0.96,48.68,655,16.20,EMERALD+,middle,2026-10-09T16:30Z
Vladimir,Annie,53.29,6.21,2.57,47.08,167,16.20,EMERALD+,middle,2026-10-09T16:30Z
Vladimir,Viktor,53.44,4.8,1.16,48.64,741,16.20,EMERALD+,middle,2026-10-09T16:30Z
Vladimir,Kassadin,53.78,4.96,1.32,48.82,357,16.20,EMERALD+,middle,2026-10-09T16:30Z
Vladimir,Irelia,54.23,4.39,0.75,49.84,284,16.20,EMERALD+,middle,2026-10-09T16:30Z
Vladimir,Cassiopeia,54.43,2.97,-0.67,51.46,158,16.20,EMERALD+,middle,2026-10-09T16:30Z
Vladimir,Taliyah,54.46,4.6,0.96,49.86,112,16.20,EMERALD+,middle,2026-10-09T16:30Z
Vladimir,Vex,54.78,8.84,5.21,45.94,230,16.20,EMERALD+,middle,2026-10-09T16:30Z
Vladimir,Yasuo,55.15,6.38,2.74,48.77,1155,16.20,EMERALD+,middle,2026-10-09T16:30Z
Vladimir,Diana,55.49,7.51,3.87,47.98,337,16.20,EMERALD+,middle,2026-10-09T16:30Z
Vladimir,Galio,55.68,5.9,2.26,49.78,264,16.20,EMERALD+,middle,2026-10-09T16:30Z
Vladimir,Veigar,55.77,7.6,3.96,48.17,364,16.20,EMERALD+,middle,2026-10-09T16:30Z
Vladimir,Akshan,55.91,5.95,2.31,49.96,220,16.20,EMERALD+,middle,2026-10-09T16:30Z
Vladimir,Mel,56.67,4.37,0.74,52.3,180,16.20,EMERALD+,middle,2026-10-09T16:30Z
Vladimir,Talon,56.77,8.74,5.1,48.03,155,16.20,EMERALD+,middle,2026-10-09T16:30Z
Vladimir,Katarina,57.08,9.25,5.61,47.83,862,16.20,EMERALD+,middle,2026-10-09T16:30Z
Vladimir,Azir,58.64,6.87,3.24,51.77,191,16.20,EMERALD+,middle,2026-10-09T16:30Z
Vladimir,Swain,59.0,11.06,7.42,47.94,100,16.20,EMERALD+,middle,2026-10-09T16:30Z
Xerath,Akshan,45.07,-4.89,-9.18,49.96,213,16.20,EMERALD+,middle,2026-10-09T16:30Z
Xerath,Nasus,45.37,-2.36,-6.65,47.73,108,16.20,EMERALD+,middle,2026-10-09T16:30Z
Xerath,Fizz,47.63,1.1,-3.19,46.53,569,16.20,EMERALD+,middle,2026-10-09T16:30Z
Xerath,Kassadin,47.64,-1.18,-5.47,48.82,254,16.20,EMERALD+,middle,2026-10-09T16:30Z
Xerath,Akali,47.95,-1.52,-5.81,49.47,415,16.20,EMERALD+,middle,2026-10-09T16:30Z
Xerath,Irelia,48.12,-1.72,-6.01,49.84,239,16.20,EMERALD+,middle,2026-10-09T16:30Z
Xerath,Ekko,48.58,1.81,-2.48,46.77,387,16.20,EMERALD+,middle,2026-10-09T16:30Z
Xerath,Yone,48.67,1.16,-3.13,47.51,754,16.20,EMERALD+,middle,2026-10-09T16:30Z
Xerath,Katarina,50.38,2.55,-1.74,47.83,522,16.20,EMERALD+,middle,2026-10-09T16:30Z
Xerath,Twisted Fate,50.74,3.29,-1.0,47.45,542,16.20,EMERALD+,middle,2026-10-09T16:30Z
Xerath,Galio,50.88,1.1,-3.19,49.78,285,16.20,EMERALD+,middle,2026-10-09T16:30Z
Xerath,Lux,50.93,4.23,-0.06,46.7,536,16.20,EMERALD+,middle,2026-10-09T16:30Z
Xerath,Zoe,50.98,3.57,-0.72,47.41,255,16.20,EMERALD+,middle,2026-10-09T16:30Z
Xerath,Ahri,51.39,4.22,-0.07,47.17,862,16.20,EMERALD+,middle,2026-10-09T16:30Z
Xerath,Locke,51.4,2.72,-1.57,48.68,642,16.20,EMERALD+,middle,2026-10-09T16:30Z
Xerath,Aurelion Sol,52.0,4.52,0.23,47.48,175,16.20,EMERALD+,middle,2026-10-09T16:30Z
Xerath,Vex,52.34,6.4,2.12,45.94,256,16.20,EMERALD+,middle,2026-10-09T16:30Z
Xerath,Hwei,52.36,4.89,0.6,47.47,552,16.20,EMERALD+,middle,2026-10-09T16:30Z
Xerath,Vladimir,52.44,4.63,0.34,47.81,307,16.20,EMERALD+,middle,2026-10-09T16:30Z
Xerath,Aurora,52.49,4.78,0.49,47.71,261,16.20,EMERALD+,middle,2026-10-09T16:30Z
Xerath,Yasuo,52.62,3.85,-0.44,48.77,745,16.20,EMERALD+,middle,2026-10-09T16:30Z
Xerath,Talon,52.85,4.82,0.53,48.03,123,16.20,EMERALD+,middle,2026-10-09T16:30Z
Xerath,Zed,53.11,4.1,-0.19,49.01,723,16.20,EMERALD+,middle,2026-10-09T16:30Z
Xerath,Diana,53.33,5.35,1.06,47.98,300,16.20,EMERALD+,middle,2026-10-09T16:30Z
Xerath,Sylas,53.51,3.09,-1.2,50.42,598,16.20,EMERALD+,middle,2026-10-09T16:30Z
Xerath,Annie,53.74,6.66,2.37,47.08,227,16.20,EMERALD+,middle,2026-10-09T16:30Z
Xerath,Lissandra,53.93,6.38,2.09,47.55,636,16.20,EMERALD+,middle,2026-10-09T16:30Z
Xerath,Azir,54.55,2.78,-1.5,51.77,220,16.20,EMERALD+,middle,2026-10-09T16:30Z
Xerath,Malzahar,54.59,6.23,1.94,48.36,599,16.20,EMERALD+,middle,2026-10-09T16:30Z
Xerath,Syndra,54.64,5.76,1.47,48.88,1098,16.20,EMERALD+,middle,2026-10-09T16:30Z
Xerath,LeBlanc,54.89,7.02,2.73,47.87,552,16.20,EMERALD+,middle,2026-10-09T16:30Z
Xerath,Ryze,55.06,1.97,-2.3,53.09,158,16.20,EMERALD+,middle,2026-10-09T16:30Z
Xerath,Qiyana,55.08,5.71,1.42,49.37,256,16.20,EMERALD+,middle,2026-10-09T16:30Z
Xerath,Veigar,55.56,7.39,3.1,48.17,405,16.20,EMERALD+,middle,2026-10-09T16:30Z
Xerath,Viktor,56.15,7.51,3.22,48.64,1553,16.20,EMERALD+,middle,2026-10-09T16:30Z
Xerath,Anivia,56.2,7.63,3.34,48.57,258,16.20,EMERALD+,middle,2026-10-09T16:30Z
Xerath,Cassiopeia,56.9,5.44,1.16,51.46,116,16.20,EMERALD+,middle,2026-10-09T16:30Z
Xerath,Taliyah,57.05,7.19,2.9,49.86,149,16.20,EMERALD+,middle,2026-10-09T16:30Z
Xerath,Mel,58.93,6.63,2.35,52.3,319,16.20,EMERALD+,middle,2026-10-09T16:30Z
Xerath,Orianna,59.53,7.82,3.54,51.71,341,16.20,EMERALD+,middle,2026-10-09T16:30Z
Xerath,Vel'Koz,62.18,13.47,9.18,48.71,119,16.20,EMERALD+,middle,2026-10-09T16:30Z
Yasuo,Kennen,39.81,-5.68,-8.38,45.49,103,16.20,EMERALD+,middle,2026-10-09T16:30Z
Yasuo,Tryndamere,42.24,-5.53,-8.24,47.77,116,16.20,EMERALD+,middle,2026-10-09T16:30Z
Yasuo,Sett,43.12,-3.61,-6.32,46.73,109,16.20,EMERALD+,middle,2026-10-09T16:30Z
Yasuo,Pantheon,44.44,-2.46,-5.17,46.9,324,16.20,EMERALD+,middle,2026-10-09T16:30Z
Yasuo,Malzahar,45.2,-3.05,-5.76,48.25,1104,16.20,EMERALD+,middle,2026-10-09T16:30Z
Yasuo,Veigar,45.22,-2.97,-5.68,48.19,659,16.20,EMERALD+,middle,2026-10-09T16:30Z
Yasuo,Gangplank,45.63,-2.78,-5.49,48.41,103,16.20,EMERALD+,middle,2026-10-09T16:30Z
Yasuo,Aurelion Sol,46.81,-0.68,-3.39,47.49,361,16.20,EMERALD+,middle,2026-10-09T16:30Z
Yasuo,Yone,46.82,-0.7,-3.41,47.52,2424,16.20,EMERALD+,middle,2026-10-09T16:30Z
Yasuo,Vladimir,47.17,-0.66,-3.37,47.83,1166,16.20,EMERALD+,middle,2026-10-09T16:30Z
Yasuo,Nasus,47.81,-0.02,-2.73,47.83,274,16.20,EMERALD+,middle,2026-10-09T16:30Z
Yasuo,Annie,47.91,0.89,-1.82,47.02,430,16.20,EMERALD+,middle,2026-10-09T16:30Z
Yasuo,Lissandra,48.08,0.55,-2.16,47.53,1408,16.20,EMERALD+,middle,2026-10-09T16:30Z
Yasuo,Cho'Gath,48.13,0.33,-2.38,47.8,160,16.20,EMERALD+,middle,2026-10-09T16:30Z
Yasuo,Viktor,48.2,-0.5,-3.21,48.7,1697,16.20,EMERALD+,middle,2026-10-09T16:30Z
Yasuo,Anivia,48.25,-0.32,-3.03,48.57,429,16.20,EMERALD+,middle,2026-10-09T16:30Z
Yasuo,Kassadin,48.31,-0.5,-3.21,48.81,623,16.20,EMERALD+,middle,2026-10-09T16:30Z
Yasuo,Malphite,48.54,1.49,-1.22,47.05,309,16.20,EMERALD+,middle,2026-10-09T16:30Z
Yasuo,Ahri,49.0,1.83,-0.88,47.17,1706,16.20,EMERALD+,middle,2026-10-09T16:30Z
Yasuo,Azir,49.28,-2.43,-5.14,51.71,485,16.20,EMERALD+,middle,2026-10-09T16:30Z
Yasuo,Zoe,49.35,1.92,-0.79,47.43,541,16.20,EMERALD+,middle,2026-10-09T16:30Z
Yasuo,Renekton,49.44,0.54,-2.17,48.9,354,16.20,EMERALD+,middle,2026-10-09T16:30Z
Yasuo,Vex,49.5,3.55,0.85,45.95,903,16.20,EMERALD+,middle,2026-10-09T16:30Z
Yasuo,Kayle,50.0,0.54,-2.17,49.46,120,16.20,EMERALD+,middle,2026-10-09T16:30Z
Yasuo,Talon,50.14,2.11,-0.6,48.03,349,16.20,EMERALD+,middle,2026-10-09T16:30Z
Yasuo,Ekko,50.17,3.36,0.65,46.81,907,16.20,EMERALD+,middle,2026-10-09T16:30Z
Yasuo,Aurora,50.33,2.71,-0.0,47.62,461,16.20,EMERALD+,middle,2026-10-09T16:30Z
Yasuo,Volibear,50.68,-3.59,-6.29,54.27,146,16.20,EMERALD+,middle,2026-10-09T16:30Z
Yasuo,Ziggs,50.82,2.8,0.09,48.02,122,16.20,EMERALD+,middle,2026-10-09T16:30Z
Yasuo,Riven,51.11,1.74,-0.97,49.37,135,16.20,EMERALD+,middle,2026-10-09T16:30Z
Yasuo,Qiyana,51.48,2.16,-0.55,49.32,610,16.20,EMERALD+,middle,2026-10-09T16:30Z
Yasuo,Hwei,51.59,4.13,1.42,47.46,661,16.20,EMERALD+,middle,2026-10-09T16:30Z
Yasuo,Xerath,51.63,4.47,1.76,47.16,738,16.20,EMERALD+,middle,2026-10-09T16:30Z
Yasuo,LeBlanc,51.66,3.84,1.13,47.82,904,16.20,EMERALD+,middle,2026-10-09T16:30Z
Yasuo,Zed,51.98,2.99,0.28,48.99,2018,16.20,EMERALD+,middle,2026-10-09T16:30Z
Yasuo,Brand,52.03,3.47,0.76,48.56,123,16.20,EMERALD+,middle,2026-10-09T16:30Z
Yasuo,Akali,52.59,3.13,0.42,49.46,1546,16.20,EMERALD+,middle,2026-10-09T16:30Z
Yasuo,Vel'Koz,52.67,3.94,1.23,48.73,150,16.20,EMERALD+,middle,2026-10-09T16:30Z
Yasuo,Twisted Fate,52.71,5.34,2.63,47.37,848,16.20,EMERALD+,middle,2026-10-09T16:30Z
Yasuo,Irelia,53.09,3.23,0.52,49.86,582,16.20,EMERALD+,middle,2026-10-09T16:30Z
Yasuo,Locke,53.21,4.61,1.9,48.6,1432,16.20,EMERALD+,middle,2026-10-09T16:30Z
Yasuo,Taliyah,53.42,3.64,0.93,49.78,365,16.20,EMERALD+,middle,2026-10-09T16:30Z
Yasuo,Lux,53.52,6.85,4.14,46.67,682,16.20,EMERALD+,middle,2026-10-09T16:30Z
Yasuo,Syndra,53.86,4.95,2.24,48.91,1309,16.20,EMERALD+,middle,2026-10-09T16:30Z
Yasuo,Cassiopeia,53.88,2.39,-0.32,51.49,219,16.20,EMERALD+,middle,2026-10-09T16:30Z
Yasuo,Gragas,54.03,8.23,5.53,45.8,124,16.20,EMERALD+,middle,2026-10-09T16:30Z
Yasuo,Fizz,54.03,7.61,4.9,46.42,1029,16.20,EMERALD+,middle,2026-10-09T16:30Z
Yasuo,Garen,54.3,7.01,4.3,47.29,151,16.20,EMERALD+,middle,2026-10-09T16:30Z
Yasuo,Jayce,54.84,4.22,1.51,50.62,155,16.20,EMERALD+,middle,2026-10-09T16:30Z
Yasuo,Galio,54.9,5.16,2.45,49.74,612,16.20,EMERALD+,middle,2026-10-09T16:30Z
Yasuo,Katarina,55.39,7.58,4.87,47.81,1345,16.20,EMERALD+,middle,2026-10-09T16:30Z
Yasuo,Sylas,55.8,5.38,2.67,50.42,1484,16.20,EMERALD+,middle,2026-10-09T16:30Z
Yasuo,Swain,55.96,7.95,5.24,48.01,193,16.20,EMERALD+,middle,2026-10-09T16:30Z
Yasuo,Orianna,56.13,4.49,1.78,51.64,538,16.20,EMERALD+,middle,2026-10-09T16:30Z
Yasuo,Diana,56.56,8.54,5.83,48.02,617,16.20,EMERALD+,middle,2026-10-09T16:30Z
Yasuo,Mel,58.03,5.67,2.96,52.36,417,16.20,EMERALD+,middle,2026-10-09T16:30Z
Yasuo,Kog'Maw,59.35,10.71,8.0,48.64,123,16.20,EMERALD+,middle,2026-10-09T16:30Z
Yasuo,Akshan,60.39,10.44,7.73,49.95,308,16.20,EMERALD+,middle,2026-10-09T16:30Z
Yasuo,Tristana,60.71,9.22,6.51,51.49,140,16.20,EMERALD+,middle,2026-10-09T16:30Z
Yasuo,Lucian,60.87,3.76,1.08,57.11,115,16.20,EMERALD+,middle,2026-10-09T16:30Z
Yasuo,Ryze,61.14,8.02,5.32,53.12,386,16.20,EMERALD+,middle,2026-10-09T16:30Z
Yasuo,Smolder,62.14,7.73,5.03,54.41,103,16.20,EMERALD+,middle,2026-10-09T16:30Z
Yasuo,Naafiri,63.81,13.52,10.81,50.29,105,16.20,EMERALD+,middle,2026-10-09T16:30Z
Yone,Gangplank,43.59,-4.83,-8.84,48.42,117,16.20,EMERALD+,middle,2026-10-09T16:30Z
Yone,Tristana,44.14,-7.27,-11.27,51.41,145,16.20,EMERALD+,middle,2026-10-09T16:30Z
Yone,Aurora,47.41,-0.21,-4.22,47.62,540,16.20,EMERALD+,middle,2026-10-09T16:30Z
Yone,Annie,47.58,0.45,-3.56,47.13,372,16.20,EMERALD+,middle,2026-10-09T16:30Z
Yone,LeBlanc,47.58,-0.23,-4.24,47.81,929,16.20,EMERALD+,middle,2026-10-09T16:30Z
Yone,Vex,47.92,1.96,-2.04,45.96,624,16.20,EMERALD+,middle,2026-10-09T16:30Z
Yone,Brand,48.28,-0.28,-4.29,48.56,116,16.20,EMERALD+,middle,2026-10-09T16:30Z
Yone,Katarina,48.88,1.06,-2.95,47.82,1387,16.20,EMERALD+,middle,2026-10-09T16:30Z
Yone,Syndra,49.0,0.06,-3.95,48.94,1204,16.20,EMERALD+,middle,2026-10-09T16:30Z
Yone,Ahri,49.31,2.18,-1.83,47.13,1596,16.20,EMERALD+,middle,2026-10-09T16:30Z
Yone,Twisted Fate,49.32,1.91,-2.1,47.41,951,16.20,EMERALD+,middle,2026-10-09T16:30Z
Yone,Lissandra,49.69,2.16,-1.85,47.53,966,16.20,EMERALD+,middle,2026-10-09T16:30Z
Yone,Ekko,49.94,3.08,-0.93,46.86,861,16.20,EMERALD+,middle,2026-10-09T16:30Z
Yone,Garen,50.0,2.84,-1.17,47.16,120,16.20,EMERALD+,middle,2026-10-09T16:30Z
Yone,Irelia,50.08,0.12,-3.89,49.96,597,16.20,EMERALD+,middle,2026-10-09T16:30Z
Yone,Hwei,50.16,2.74,-1.27,47.42,614,16.20,EMERALD+,middle,2026-10-09T16:30Z
Yone,Ziggs,50.4,2.45,-1.56,47.95,125,16.20,EMERALD+,middle,2026-10-09T16:30Z
Yone,Orianna,50.57,-1.02,-5.02,51.59,526,16.20,EMERALD+,middle,2026-10-09T16:30Z
Yone,Kayle,50.93,1.47,-2.54,49.46,108,16.20,EMERALD+,middle,2026-10-09T16:30Z
Yone,Qiyana,51.4,2.08,-1.93,49.32,537,16.20,EMERALD+,middle,2026-10-09T16:30Z
Yone,Lux,51.56,4.92,0.91,46.64,640,16.20,EMERALD+,middle,2026-10-09T16:30Z
Yone,Cassiopeia,51.76,0.37,-3.63,51.39,199,16.20,EMERALD+,middle,2026-10-09T16:30Z
Yone,Viktor,51.86,3.18,-0.83,48.68,1826,16.20,EMERALD+,middle,2026-10-09T16:30Z
Yone,Jayce,51.88,1.47,-2.54,50.41,160,16.20,EMERALD+,middle,2026-10-09T16:30Z
Yone,Zed,52.01,3.06,-0.95,48.95,1421,16.20,EMERALD+,middle,2026-10-09T16:30Z
Yone,Zoe,52.11,4.7,0.69,47.41,545,16.20,EMERALD+,middle,2026-10-09T16:30Z
Yone,Kassadin,52.39,3.59,-0.42,48.8,691,16.20,EMERALD+,middle,2026-10-09T16:30Z
Yone,Akali,52.49,3.04,-0.97,49.45,1467,16.20,EMERALD+,middle,2026-10-09T16:30Z
Yone,Galio,52.51,2.73,-1.28,49.78,756,16.20,EMERALD+,middle,2026-10-09T16:30Z
Yone,Pantheon,52.51,5.6,1.59,46.91,219,16.20,EMERALD+,middle,2026-10-09T16:30Z
Yone,Malphite,52.53,5.44,1.43,47.09,198,16.20,EMERALD+,middle,2026-10-09T16:30Z
Yone,Renekton,52.8,3.68,-0.33,49.12,125,16.20,EMERALD+,middle,2026-10-09T16:30Z
Yone,Azir,53.23,1.5,-2.5,51.73,372,16.20,EMERALD+,middle,2026-10-09T16:30Z
Yone,Akshan,53.27,3.36,-0.65,49.91,428,16.20,EMERALD+,middle,2026-10-09T16:30Z
Yone,Diana,53.69,5.67,1.66,48.02,609,16.20,EMERALD+,middle,2026-10-09T16:30Z
Yone,Taliyah,53.85,4.05,0.04,49.8,221,16.20,EMERALD+,middle,2026-10-09T16:30Z
Yone,Veigar,53.94,5.76,1.75,48.18,597,16.20,EMERALD+,middle,2026-10-09T16:30Z
Yone,Locke,54.11,5.5,1.49,48.61,1434,16.20,EMERALD+,middle,2026-10-09T16:30Z
Yone,Vladimir,54.16,6.31,2.3,47.85,866,16.20,EMERALD+,middle,2026-10-09T16:30Z
Yone,Malzahar,54.61,6.34,2.33,48.27,868,16.20,EMERALD+,middle,2026-10-09T16:30Z
Yone,Swain,54.7,6.64,2.63,48.06,181,16.20,EMERALD+,middle,2026-10-09T16:30Z
Yone,Ryze,54.79,1.63,-2.36,53.16,407,16.20,EMERALD+,middle,2026-10-09T16:30Z
Yone,Xerath,54.85,7.69,3.68,47.16,722,16.20,EMERALD+,middle,2026-10-09T16:30Z
Yone,Fizz,55.05,8.62,4.61,46.43,852,16.20,EMERALD+,middle,2026-10-09T16:30Z
Yone,Aurelion Sol,55.26,7.64,3.63,47.62,333,16.20,EMERALD+,middle,2026-10-09T16:30Z
Yone,Mel,55.3,3.01,-0.99,52.29,396,16.20,EMERALD+,middle,2026-10-09T16:30Z
Yone,Talon,55.52,7.56,3.55,47.96,308,16.20,EMERALD+,middle,2026-10-09T16:30Z
Yone,Sylas,55.87,5.49,1.48,50.38,1516,16.20,EMERALD+,middle,2026-10-09T16:30Z
Yone,Nasus,55.88,8.02,4.01,47.86,204,16.20,EMERALD+,middle,2026-10-09T16:30Z
Yone,Naafiri,55.97,5.67,1.66,50.3,134,16.20,EMERALD+,middle,2026-10-09T16:30Z
Yone,Anivia,56.02,7.57,3.56,48.45,457,16.20,EMERALD+,middle,2026-10-09T16:30Z
Yone,Lucian,56.21,-0.87,-4.81,57.08,153,16.20,EMERALD+,middle,2026-10-09T16:30Z
Yone,Vel'Koz,56.77,8.05,4.04,48.72,155,16.20,EMERALD+,middle,2026-10-09T16:30Z
Yone,Yasuo,57.27,8.53,4.52,48.74,2420,16.20,EMERALD+,middle,2026-10-09T16:30Z
Yone,Cho'Gath,57.48,9.62,5.61,47.86,127,16.20,EMERALD+,middle,2026-10-09T16:30Z
Yone,Gwen,57.5,12.15,8.15,45.35,120,16.20,EMERALD+,middle,2026-10-09T16:30Z
Yone,Kog'Maw,59.06,10.47,6.46,48.59,127,16.20,EMERALD+,middle,2026-10-09T16:30Z
Yone,Gragas,61.95,16.23,12.23,45.72,113,16.20,EMERALD+,middle,2026-10-09T16:30Z
Yone,Smolder,64.86,10.52,6.54,54.34,111,16.20,EMERALD+,middle,2026-10-09T16:30Z
Zed,Annie,42.29,-4.73,-7.2,47.02,350,16.20,EMERALD+,middle,2026-10-09T16:30Z
Zed,Malphite,43.62,-3.43,-5.9,47.05,525,16.20,EMERALD+,middle,2026-10-09T16:30Z
Zed,Garen,44.7,-2.59,-5.06,47.29,132,16.20,EMERALD+,middle,2026-10-09T16:30Z
Zed,Kog'Maw,45.63,-3.01,-5.48,48.64,103,16.20,EMERALD+,middle,2026-10-09T16:30Z
Zed,Nasus,45.69,-2.14,-4.61,47.83,313,16.20,EMERALD+,middle,2026-10-09T16:30Z
Zed,Sion,46.0,-2.21,-4.68,48.21,150,16.20,EMERALD+,middle,2026-10-09T16:30Z
Zed,Ekko,46.25,-0.56,-3.03,46.81,1066,16.20,EMERALD+,middle,2026-10-09T16:30Z
Zed,Tristana,47.46,-4.03,-6.5,51.49,118,16.20,EMERALD+,middle,2026-10-09T16:30Z
Zed,Fizz,48.41,1.99,-0.48,46.42,1165,16.20,EMERALD+,middle,2026-10-09T16:30Z
Zed,Akshan,48.54,-1.41,-3.88,49.95,412,16.20,EMERALD+,middle,2026-10-09T16:30Z
Zed,Zoe,48.57,1.14,-1.33,47.43,525,16.20,EMERALD+,middle,2026-10-09T16:30Z
Zed,Naafiri,48.74,-1.55,-4.02,50.29,119,16.20,EMERALD+,middle,2026-10-09T16:30Z
Zed,Lissandra,49.13,1.6,-0.87,47.53,1435,16.20,EMERALD+,middle,2026-10-09T16:30Z
Zed,Vex,49.18,3.23,0.76,45.95,549,16.20,EMERALD+,middle,2026-10-09T16:30Z
Zed,Sylas,49.28,-1.14,-3.61,50.42,1398,16.20,EMERALD+,middle,2026-10-09T16:30Z
Zed,Gragas,49.61,3.81,1.35,45.8,129,16.20,EMERALD+,middle,2026-10-09T16:30Z
Zed,Hwei,49.66,2.2,-0.27,47.46,588,16.20,EMERALD+,middle,2026-10-09T16:30Z
Zed,Pantheon,49.69,2.79,0.32,46.9,159,16.20,EMERALD+,middle,2026-10-09T16:30Z
Zed,Qiyana,50.0,0.68,-1.79,49.32,656,16.20,EMERALD+,middle,2026-10-09T16:30Z
Zed,Katarina,50.04,2.23,-0.24,47.81,1223,16.20,EMERALD+,middle,2026-10-09T16:30Z
Zed,Vladimir,50.18,2.35,-0.12,47.83,825,16.20,EMERALD+,middle,2026-10-09T16:30Z
Zed,Diana,50.27,2.25,-0.22,48.02,728,16.20,EMERALD+,middle,2026-10-09T16:30Z
Zed,Xerath,50.42,3.26,0.79,47.16,712,16.20,EMERALD+,middle,2026-10-09T16:30Z
Zed,Lux,50.45,3.78,1.31,46.67,779,16.20,EMERALD+,middle,2026-10-09T16:30Z
Zed,Yasuo,50.7,1.95,-0.52,48.75,2010,16.20,EMERALD+,middle,2026-10-09T16:30Z
Zed,LeBlanc,50.97,3.15,0.68,47.82,1032,16.20,EMERALD+,middle,2026-10-09T16:30Z
Zed,Aurelion Sol,51.43,3.94,1.47,47.49,245,16.20,EMERALD+,middle,2026-10-09T16:30Z
Zed,Aurora,51.62,4.0,1.53,47.62,401,16.20,EMERALD+,middle,2026-10-09T16:30Z
Zed,Viktor,51.84,3.14,0.67,48.7,1443,16.20,EMERALD+,middle,2026-10-09T16:30Z
Zed,Azir,51.84,0.13,-2.34,51.71,299,16.20,EMERALD+,middle,2026-10-09T16:30Z
Zed,Ahri,51.87,4.7,2.23,47.17,1635,16.20,EMERALD+,middle,2026-10-09T16:30Z
Zed,Malzahar,51.93,3.68,1.21,48.25,961,16.20,EMERALD+,middle,2026-10-09T16:30Z
Zed,Irelia,52.1,2.24,-0.23,49.86,668,16.20,EMERALD+,middle,2026-10-09T16:30Z
Zed,Locke,52.25,3.65,1.18,48.6,1244,16.20,EMERALD+,middle,2026-10-09T16:30Z
Zed,Taliyah,52.29,2.51,0.04,49.78,153,16.20,EMERALD+,middle,2026-10-09T16:30Z
Zed,Yone,52.32,4.8,2.33,47.52,1445,16.20,EMERALD+,middle,2026-10-09T16:30Z
Zed,Syndra,52.46,3.55,1.08,48.91,1016,16.20,EMERALD+,middle,2026-10-09T16:30Z
Zed,Galio,52.74,3.0,0.53,49.74,493,16.20,EMERALD+,middle,2026-10-09T16:30Z
Zed,Ziggs,52.78,4.76,2.29,48.02,108,16.20,EMERALD+,middle,2026-10-09T16:30Z
Zed,Kassadin,53.13,4.32,1.85,48.81,335,16.20,EMERALD+,middle,2026-10-09T16:30Z
Zed,Mel,53.21,0.85,-1.62,52.36,327,16.20,EMERALD+,middle,2026-10-09T16:30Z
Zed,Twisted Fate,53.36,5.99,3.52,47.37,847,16.20,EMERALD+,middle,2026-10-09T16:30Z
Zed,Akali,53.67,4.21,1.74,49.46,1157,16.20,EMERALD+,middle,2026-10-09T16:30Z
Zed,Anivia,54.08,5.51,3.04,48.57,355,16.20,EMERALD+,middle,2026-10-09T16:30Z
Zed,Vel'Koz,54.47,5.74,3.27,48.73,123,16.20,EMERALD+,middle,2026-10-09T16:30Z
Zed,Talon,54.74,6.71,4.24,48.03,327,16.20,EMERALD+,middle,2026-10-09T16:30Z
Zed,Orianna,54.94,3.3,0.83,51.64,435,16.20,EMERALD+,middle,2026-10-09T16:30Z
Zed,Jayce,55.28,4.66,2.19,50.62,123,16.20,EMERALD+,middle,2026-10-09T16:30Z
Zed,Cho'Gath,55.33,7.53,5.06,47.8,150,16.20,EMERALD+,middle,2026-10-09T16:30Z
Zed,Swain,55.38,7.37,4.9,48.01,130,16.20,EMERALD+,middle,2026-10-09T16:30Z
Zed,Cassiopeia,55.71,4.22,1.75,51.49,219,16.20,EMERALD+,middle,2026-10-09T16:30Z
Zed,Veigar,55.71,7.52,5.05,48.19,578,16.20,EMERALD+,middle,2026-10-09T16:30Z
Zed,Ryze,55.87,2.75,0.29,53.12,358,16.20,EMERALD+,middle,2026-10-09T16:30Z
Zed,Lucian,60.0,2.89,0.44,57.11,120,16.20,EMERALD+,middle,2026-10-09T16:30Z
Ziggs,Ahri,50.0,2.83,-0.51,47.17,132,16.20,EMERALD+,middle,2026-10-09T16:30Z
Ziggs,Syndra,50.0,1.12,-2.22,48.88,140,16.20,EMERALD+,middle,2026-10-09T16:30Z
Ziggs,Viktor,51.97,3.33,-0.01,48.64,152,16.20,EMERALD+,middle,2026-10-09T16:30Z
Ziggs,Yasuo,52.14,3.37,0.03,48.77,117,16.20,EMERALD+,middle,2026-10-09T16:30Z
Ziggs,Zed,54.03,5.02,1.68,49.01,124,16.20,EMERALD+,middle,2026-10-09T16:30Z
Ziggs,Yone,54.84,7.33,3.99,47.51,124,16.20,EMERALD+,middle,2026-10-09T16:30Z
Zoe,Annie,44.83,-2.25,-6.29,47.08,145,16.20,EMERALD+,middle,2026-10-09T16:30Z
Zoe,LeBlanc,45.3,-2.57,-6.61,47.87,404,16.20,EMERALD+,middle,2026-10-09T16:30Z
Zoe,Talon,46.21,-1.82,-5.86,48.03,145,16.20,EMERALD+,middle,2026-10-09T16:30Z
Zoe,Lux,46.23,-0.47,-4.51,46.7,318,16.20,EMERALD+,middle,2026-10-09T16:30Z
Zoe,Ekko,46.86,0.09,-3.95,46.77,303,16.20,EMERALD+,middle,2026-10-09T16:30Z
Zoe,Kassadin,47.15,-1.67,-5.71,48.82,193,16.20,EMERALD+,middle,2026-10-09T16:30Z
Zoe,Twisted Fate,47.57,0.12,-3.92,47.45,412,16.20,EMERALD+,middle,2026-10-09T16:30Z
Zoe,Anivia,48.41,-0.16,-4.2,48.57,126,16.20,EMERALD+,middle,2026-10-09T16:30Z
Zoe,Veigar,49.51,1.34,-2.7,48.17,204,16.20,EMERALD+,middle,2026-10-09T16:30Z
Zoe,Katarina,49.66,1.83,-2.21,47.83,441,16.20,EMERALD+,middle,2026-10-09T16:30Z
Zoe,Hwei,50.0,2.53,-1.51,47.47,226,16.20,EMERALD+,middle,2026-10-09T16:30Z
Zoe,Yone,50.36,2.85,-1.19,47.51,562,16.20,EMERALD+,middle,2026-10-09T16:30Z
Zoe,Malzahar,51.78,3.42,-0.62,48.36,309,16.20,EMERALD+,middle,2026-10-09T16:30Z
Zoe,Ryze,52.42,-0.67,-4.69,53.09,124,16.20,EMERALD+,middle,2026-10-09T16:30Z
Zoe,Aurora,52.88,5.17,1.13,47.71,208,16.20,EMERALD+,middle,2026-10-09T16:30Z
Zoe,Viktor,52.91,4.27,0.23,48.64,550,16.20,EMERALD+,middle,2026-10-09T16:30Z
Zoe,Xerath,53.1,5.94,1.9,47.16,258,16.20,EMERALD+,middle,2026-10-09T16:30Z
Zoe,Yasuo,53.27,4.5,0.46,48.77,550,16.20,EMERALD+,middle,2026-10-09T16:30Z
Zoe,Lissandra,53.69,6.14,2.1,47.55,298,16.20,EMERALD+,middle,2026-10-09T16:30Z
Zoe,Vex,53.85,7.91,3.88,45.94,195,16.20,EMERALD+,middle,2026-10-09T16:30Z
Zoe,Aurelion Sol,54.0,6.52,2.48,47.48,100,16.20,EMERALD+,middle,2026-10-09T16:30Z
Zoe,Irelia,54.02,4.18,0.14,49.84,174,16.20,EMERALD+,middle,2026-10-09T16:30Z
Zoe,Akshan,54.23,4.27,0.23,49.96,142,16.20,EMERALD+,middle,2026-10-09T16:30Z
Zoe,Syndra,54.24,5.36,1.32,48.88,542,16.20,EMERALD+,middle,2026-10-09T16:30Z
Zoe,Ahri,54.36,7.19,3.15,47.17,631,16.20,EMERALD+,middle,2026-10-09T16:30Z
Zoe,Fizz,54.43,7.9,3.86,46.53,327,16.20,EMERALD+,middle,2026-10-09T16:30Z
Zoe,Zed,54.56,5.55,1.51,49.01,526,16.20,EMERALD+,middle,2026-10-09T16:30Z
Zoe,Locke,54.96,6.28,2.24,48.68,504,16.20,EMERALD+,middle,2026-10-09T16:30Z
Zoe,Mel,55.7,3.4,-0.63,52.3,316,16.20,EMERALD+,middle,2026-10-09T16:30Z
Zoe,Diana,56.05,8.07,4.03,47.98,223,16.20,EMERALD+,middle,2026-10-09T16:30Z
Zoe,Sylas,56.09,5.67,1.63,50.42,435,16.20,EMERALD+,middle,2026-10-09T16:30Z
Zoe,Vladimir,56.14,8.33,4.29,47.81,285,16.20,EMERALD+,middle,2026-10-09T16:30Z
Zoe,Galio,56.47,6.69,2.65,49.78,232,16.20,EMERALD+,middle,2026-10-09T16:30Z
Zoe,Akali,56.57,7.1,3.06,49.47,373,16.20,EMERALD+,middle,2026-10-09T16:30Z
Zoe,Orianna,56.84,5.13,1.1,51.71,190,16.20,EMERALD+,middle,2026-10-09T16:30Z
Zoe,Qiyana,57.14,7.77,3.73,49.37,210,16.20,EMERALD+,middle,2026-10-09T16:30Z
Zoe,Azir,57.63,5.86,1.83,51.77,118,16.20,EMERALD+,middle,2026-10-09T16:30Z
