champion,opponent,wr,delta_vs_avg,delta_norm,opp_avg_wr,games,patch,tier,lane,fetched_at
Alistar,Brand,44.33,-4.6,-8.17,48.93,203,16.20,EMERALD+,support,2026-10-09T10:11Z
Alistar,Xerath,48.26,-0.89,-4.46,49.15,201,16.20,EMERALD+,support,2026-10-09T10:11Z
Alistar,Janna,48.56,1.52,-2.05,47.04,591,16.20,EMERALD+,support,2026-10-09T10:11Z
Alistar,Rakan,48.76,1.14,-2.43,47.62,566,16.20,EMERALD+,support,2026-10-09T10:11Z
Alistar,Thresh,49.21,2.73,-0.84,46.48,1910,16.20,EMERALD+,support,2026-10-09T10:11Z
Alistar,Bard,49.35,-0.51,-4.08,49.86,462,16.20,EMERALD+,support,2026-10-09T10:11Z
Alistar,Zilean,49.63,2.2,-1.37,47.43,270,16.20,EMERALD+,support,2026-10-09T10:11Z
Alistar,Swain,49.72,-0.64,-4.21,50.36,354,16.20,EMERALD+,support,2026-10-09T10:11Z
Alistar,Braum,50.0,3.44,-0.13,46.56,720,16.20,EMERALD+,support,2026-10-09T10:11Z
Alistar,Maokai,50.26,2.4,-1.17,47.86,193,16.20,EMERALD+,support,2026-10-09T10:11Z
Alistar,Leona,50.51,4.29,0.73,46.22,1176,16.20,EMERALD+,support,2026-10-09T10:11Z
Alistar,Lulu,50.96,2.02,-1.55,48.94,1142,16.20,EMERALD+,support,2026-10-09T10:11Z
Alistar,Sona,51.03,4.25,0.68,46.78,194,16.20,EMERALD+,support,2026-10-09T10:11Z
Alistar,Senna,51.17,3.68,0.11,47.49,471,16.20,EMERALD+,support,2026-10-09T10:11Z
Alistar,Galio,51.28,4.86,1.29,46.42,117,16.20,EMERALD+,support,2026-10-09T10:11Z
Alistar,Lux,51.44,2.8,-0.77,48.64,451,16.20,EMERALD+,support,2026-10-09T10:11Z
Alistar,Zyra,51.56,3.24,-0.33,48.32,192,16.20,EMERALD+,support,2026-10-09T10:11Z
Alistar,Morgana,52.2,4.39,0.82,47.81,431,16.20,EMERALD+,support,2026-10-09T10:11Z
Alistar,Rell,52.28,5.28,1.71,47.0,702,16.20,EMERALD+,support,2026-10-09T10:11Z
Alistar,Seraphine,52.33,4.5,0.93,47.83,430,16.20,EMERALD+,support,2026-10-09T10:11Z
Alistar,Pantheon,52.46,3.18,-0.39,49.28,427,16.20,EMERALD+,support,2026-10-09T10:11Z
Alistar,Karma,52.46,2.21,-1.36,50.25,509,16.20,EMERALD+,support,2026-10-09T10:11Z
Alistar,Blitzcrank,52.76,5.46,1.89,47.3,942,16.20,EMERALD+,support,2026-10-09T10:11Z
Alistar,Tahm Kench,53.14,5.48,1.91,47.66,318,16.20,EMERALD+,support,2026-10-09T10:11Z
Alistar,Taric,53.19,7.48,3.92,45.71,141,16.20,EMERALD+,support,2026-10-09T10:11Z
Alistar,Nami,53.3,5.42,1.85,47.88,636,16.20,EMERALD+,support,2026-10-09T10:11Z
Alistar,Pyke,53.44,4.61,1.04,48.83,655,16.20,EMERALD+,support,2026-10-09T10:11Z
Alistar,Nautilus,53.71,4.89,1.32,48.82,1199,16.20,EMERALD+,support,2026-10-09T10:11Z
Alistar,Milio,53.86,5.51,1.94,48.35,570,16.20,EMERALD+,support,2026-10-09T10:11Z
Alistar,Poppy,53.87,6.07,2.5,47.8,388,16.20,EMERALD+,support,2026-10-09T10:11Z
Alistar,Neeko,53.91,5.15,1.58,48.76,230,16.20,EMERALD+,support,2026-10-09T10:11Z
Alistar,Vel'Koz,54.19,5.85,2.28,48.34,179,16.20,EMERALD+,support,2026-10-09T10:11Z
Alistar,Soraka,54.26,6.4,2.83,47.86,352,16.20,EMERALD+,support,2026-10-09T10:11Z
Alistar,Renata Glasc,55.49,6.08,2.51,49.41,182,16.20,EMERALD+,support,2026-10-09T10:11Z
Alistar,Yuumi,57.33,6.16,2.59,51.17,600,16.20,EMERALD+,support,2026-10-09T10:11Z
Alistar,Sylas,57.84,7.06,3.49,50.78,185,16.20,EMERALD+,support,2026-10-09T10:11Z
Alistar,Camille,62.44,10.71,7.15,51.73,205,16.20,EMERALD+,support,2026-10-09T10:11Z
Amumu,Nautilus,45.79,-3.03,-8.36,48.82,107,16.20,EMERALD+,support,2026-10-09T10:11Z
Amumu,Thresh,52.33,5.85,0.52,46.48,193,16.20,EMERALD+,support,2026-10-09T10:11Z
Amumu,Lulu,54.75,5.81,0.48,48.94,179,16.20,EMERALD+,support,2026-10-09T10:11Z
Anivia,Nautilus,46.6,-2.22,-3.68,48.82,103,16.20,EMERALD+,support,2026-10-09T10:11Z
Anivia,Thresh,49.66,3.18,1.72,46.48,149,16.20,EMERALD+,support,2026-10-09T10:11Z
Anivia,Lulu,51.52,2.58,1.12,48.94,132,16.20,EMERALD+,support,2026-10-09T10:11Z
Ashe,Milio,41.8,-6.55,-5.21,48.35,122,16.20,EMERALD+,support,2026-10-09T10:11Z
Ashe,Karma,41.96,-8.29,-6.94,50.25,112,16.20,EMERALD+,support,2026-10-09T10:11Z
Ashe,Thresh,42.25,-4.23,-2.9,46.48,258,16.20,EMERALD+,support,2026-10-09T10:11Z
Ashe,Nami,46.03,-1.85,-0.51,47.88,126,16.20,EMERALD+,support,2026-10-09T10:11Z
Ashe,Nautilus,46.67,-2.15,-0.81,48.82,120,16.20,EMERALD+,support,2026-10-09T10:11Z
Ashe,Lux,48.51,-0.13,1.21,48.64,134,16.20,EMERALD+,support,2026-10-09T10:11Z
Ashe,Lulu,51.06,2.12,3.47,48.94,188,16.20,EMERALD+,support,2026-10-09T10:11Z
Bard,Tahm Kench,43.3,-4.36,-5.96,47.66,224,16.20,EMERALD+,support,2026-10-09T10:11Z
Bard,Sona,44.44,-2.34,-3.94,46.78,216,16.20,EMERALD+,support,2026-10-09T10:11Z
Bard,Taric,45.3,-0.41,-2.01,45.71,117,16.20,EMERALD+,support,2026-10-09T10:11Z
Bard,Thresh,45.65,-0.83,-2.43,46.48,1632,16.20,EMERALD+,support,2026-10-09T10:11Z
Bard,Senna,45.78,-1.71,-3.31,47.49,533,16.20,EMERALD+,support,2026-10-09T10:11Z
Bard,Janna,46.51,-0.53,-2.13,47.04,673,16.20,EMERALD+,support,2026-10-09T10:11Z
Bard,Zilean,46.71,-0.72,-2.32,47.43,304,16.20,EMERALD+,support,2026-10-09T10:11Z
Bard,Swain,46.77,-3.59,-5.19,50.36,248,16.20,EMERALD+,support,2026-10-09T10:11Z
Bard,Leona,47.26,1.04,-0.56,46.22,620,16.20,EMERALD+,support,2026-10-09T10:11Z
Bard,Rell,47.43,0.43,-1.17,47.0,331,16.20,EMERALD+,support,2026-10-09T10:11Z
Bard,LeBlanc,47.62,-1.11,-2.71,48.73,105,16.20,EMERALD+,support,2026-10-09T10:11Z
Bard,Nami,48.24,0.36,-1.24,47.88,769,16.20,EMERALD+,support,2026-10-09T10:11Z
Bard,Maokai,48.32,0.46,-1.14,47.86,149,16.20,EMERALD+,support,2026-10-09T10:11Z
Bard,Renata Glasc,48.45,-0.96,-2.56,49.41,161,16.20,EMERALD+,support,2026-10-09T10:11Z
Bard,Nautilus,49.12,0.3,-1.3,48.82,965,16.20,EMERALD+,support,2026-10-09T10:11Z
Bard,Vel'Koz,49.19,0.85,-0.75,48.34,246,16.20,EMERALD+,support,2026-10-09T10:11Z
Bard,Braum,49.46,2.9,1.3,46.56,372,16.20,EMERALD+,support,2026-10-09T10:11Z
Bard,Lux,49.46,0.82,-0.78,48.64,552,16.20,EMERALD+,support,2026-10-09T10:11Z
Bard,Rakan,50.13,2.51,0.91,47.62,389,16.20,EMERALD+,support,2026-10-09T10:11Z
Bard,Pyke,50.37,1.54,-0.06,48.83,538,16.20,EMERALD+,support,2026-10-09T10:11Z
Bard,Milio,50.79,2.44,0.84,48.35,569,16.20,EMERALD+,support,2026-10-09T10:11Z
Bard,Morgana,50.8,2.99,1.39,47.81,311,16.20,EMERALD+,support,2026-10-09T10:11Z
Bard,Xerath,51.05,1.9,0.3,49.15,286,16.20,EMERALD+,support,2026-10-09T10:11Z
Bard,Shaco,51.22,-0.25,-1.85,51.47,123,16.20,EMERALD+,support,2026-10-09T10:11Z
Bard,Brand,51.48,2.55,0.95,48.93,169,16.20,EMERALD+,support,2026-10-09T10:11Z
Bard,Seraphine,51.66,3.83,2.23,47.83,571,16.20,EMERALD+,support,2026-10-09T10:11Z
Bard,Blitzcrank,52.03,4.73,3.13,47.3,665,16.20,EMERALD+,support,2026-10-09T10:11Z
Bard,Neeko,52.13,3.37,1.77,48.76,211,16.20,EMERALD+,support,2026-10-09T10:11Z
Bard,Soraka,52.15,4.29,2.69,47.86,372,16.20,EMERALD+,support,2026-10-09T10:11Z
Bard,Lulu,52.55,3.61,2.01,48.94,1277,16.20,EMERALD+,support,2026-10-09T10:11Z
Bard,Camille,52.86,1.13,-0.47,51.73,210,16.20,EMERALD+,support,2026-10-09T10:11Z
Bard,Alistar,52.88,4.99,3.39,47.89,486,16.20,EMERALD+,support,2026-10-09T10:11Z
Bard,Yuumi,53.39,2.22,0.62,51.17,545,16.20,EMERALD+,support,2026-10-09T10:11Z
Bard,Poppy,53.42,5.62,4.02,47.8,146,16.20,EMERALD+,support,2026-10-09T10:11Z
Bard,Pantheon,54.07,4.79,3.19,49.28,307,16.20,EMERALD+,support,2026-10-09T10:11Z
Bard,Karma,54.76,4.51,2.91,50.25,778,16.20,EMERALD+,support,2026-10-09T10:11Z
Bard,Sylas,55.91,5.13,3.53,50.78,127,16.20,EMERALD+,support,2026-10-09T10:11Z
Bard,Zyra,58.41,10.09,8.49,48.32,214,16.20,EMERALD+,support,2026-10-09T10:11Z
Blitzcrank,Shen,44.0,-5.63,-9.79,49.63,100,16.20,EMERALD+,support,2026-10-09T10:11Z
Blitzcrank,Galio,45.61,-0.81,-4.97,46.42,114,16.20,EMERALD+,support,2026-10-09T10:11Z
Blitzcrank,Leona,45.91,-0.31,-4.47,46.22,1137,16.20,EMERALD+,support,2026-10-09T10:11Z
Blitzcrank,Rell,47.07,0.07,-4.09,47.0,444,16.20,EMERALD+,support,2026-10-09T10:11Z
Blitzcrank,Rakan,47.69,0.07,-4.09,47.62,497,16.20,EMERALD+,support,2026-10-09T10:11Z
Blitzcrank,Braum,48.08,1.52,-2.64,46.56,911,16.20,EMERALD+,support,2026-10-09T10:11Z
Blitzcrank,Seraphine,48.97,1.14,-3.02,47.83,874,16.20,EMERALD+,support,2026-10-09T10:11Z
Blitzcrank,Thresh,49.71,3.23,-0.93,46.48,2752,16.20,EMERALD+,support,2026-10-09T10:11Z
Blitzcrank,Bard,49.92,0.06,-4.1,49.86,663,16.20,EMERALD+,support,2026-10-09T10:11Z
Blitzcrank,Alistar,50.21,2.32,-1.84,47.89,956,16.20,EMERALD+,support,2026-10-09T10:11Z
Blitzcrank,Nautilus,50.29,1.47,-2.69,48.82,1358,16.20,EMERALD+,support,2026-10-09T10:11Z
Blitzcrank,Zoe,50.44,0.27,-3.89,50.17,113,16.20,EMERALD+,support,2026-10-09T10:11Z
Blitzcrank,Poppy,50.5,2.7,-1.46,47.8,200,16.20,EMERALD+,support,2026-10-09T10:11Z
Blitzcrank,Janna,50.67,3.63,-0.53,47.04,819,16.20,EMERALD+,support,2026-10-09T10:11Z
Blitzcrank,Brand,51.25,2.32,-1.84,48.93,320,16.20,EMERALD+,support,2026-10-09T10:11Z
Blitzcrank,Zilean,51.53,4.1,-0.06,47.43,392,16.20,EMERALD+,support,2026-10-09T10:11Z
Blitzcrank,Taric,51.7,5.99,1.84,45.71,147,16.20,EMERALD+,support,2026-10-09T10:11Z
Blitzcrank,Neeko,51.78,3.02,-1.14,48.76,197,16.20,EMERALD+,support,2026-10-09T10:11Z
Blitzcrank,Senna,52.56,5.07,0.91,47.49,702,16.20,EMERALD+,support,2026-10-09T10:11Z
Blitzcrank,Shaco,52.67,1.2,-2.95,51.47,150,16.20,EMERALD+,support,2026-10-09T10:11Z
Blitzcrank,Nami,52.81,4.93,0.77,47.88,1051,16.20,EMERALD+,support,2026-10-09T10:11Z
Blitzcrank,Pantheon,53.23,3.95,-0.21,49.28,434,16.20,EMERALD+,support,2026-10-09T10:11Z
Blitzcrank,Maokai,53.41,5.55,1.39,47.86,176,16.20,EMERALD+,support,2026-10-09T10:11Z
Blitzcrank,Sona,53.95,7.17,3.01,46.78,291,16.20,EMERALD+,support,2026-10-09T10:11Z
Blitzcrank,Soraka,53.97,6.11,1.95,47.86,643,16.20,EMERALD+,support,2026-10-09T10:11Z
Blitzcrank,Lulu,54.23,5.29,1.13,48.94,2071,16.20,EMERALD+,support,2026-10-09T10:11Z
Blitzcrank,Pyke,54.25,5.42,1.26,48.83,789,16.20,EMERALD+,support,2026-10-09T10:11Z
Blitzcrank,Renata Glasc,54.27,4.86,0.7,49.41,164,16.20,EMERALD+,support,2026-10-09T10:11Z
Blitzcrank,Morgana,54.5,6.69,2.53,47.81,767,16.20,EMERALD+,support,2026-10-09T10:11Z
Blitzcrank,Lux,54.58,5.94,1.78,48.64,1081,16.20,EMERALD+,support,2026-10-09T10:11Z
Blitzcrank,Sylas,54.9,4.12,-0.04,50.78,204,16.20,EMERALD+,support,2026-10-09T10:11Z
Blitzcrank,Vel'Koz,54.98,6.64,2.48,48.34,422,16.20,EMERALD+,support,2026-10-09T10:11Z
Blitzcrank,Xerath,54.98,5.83,1.67,49.15,542,16.20,EMERALD+,support,2026-10-09T10:11Z
Blitzcrank,Milio,55.12,6.77,2.61,48.35,1045,16.20,EMERALD+,support,2026-10-09T10:11Z
Blitzcrank,Karma,56.46,6.21,2.05,50.25,914,16.20,EMERALD+,support,2026-10-09T10:11Z
Blitzcrank,Zyra,56.57,8.25,4.09,48.32,251,16.20,EMERALD+,support,2026-10-09T10:11Z
Blitzcrank,Yuumi,56.61,5.44,1.28,51.17,802,16.20,EMERALD+,support,2026-10-09T10:11Z
Blitzcrank,Camille,57.08,5.35,1.2,51.73,233,16.20,EMERALD+,support,2026-10-09T10:11Z
Blitzcrank,Swain,58.58,8.22,4.06,50.36,338,16.20,EMERALD+,support,2026-10-09T10:11Z
Blitzcrank,LeBlanc,59.13,10.4,6.24,48.73,115,16.20,EMERALD+,support,2026-10-09T10:11Z
Blitzcrank,Elise,59.17,11.26,7.1,47.91,120,16.20,EMERALD+,support,2026-10-09T10:11Z
Blitzcrank,Tahm Kench,59.89,12.23,8.07,47.66,379,16.20,EMERALD+,support,2026-10-09T10:11Z
Blitzcrank,Mel,61.49,8.01,3.87,53.48,174,16.20,EMERALD+,support,2026-10-09T10:11Z
Brand,Sona,40.0,-6.78,-9.31,46.78,110,16.20,EMERALD+,support,2026-10-09T10:11Z
Brand,Zilean,42.62,-4.81,-7.34,47.43,122,16.20,EMERALD+,support,2026-10-09T10:11Z
Brand,Vel'Koz,44.52,-3.82,-6.35,48.34,155,16.20,EMERALD+,support,2026-10-09T10:11Z
Brand,Braum,45.29,-1.27,-3.8,46.56,223,16.20,EMERALD+,support,2026-10-09T10:11Z
Brand,Rell,46.04,-0.96,-3.49,47.0,139,16.20,EMERALD+,support,2026-10-09T10:11Z
Brand,Nautilus,48.78,-0.04,-2.57,48.82,449,16.20,EMERALD+,support,2026-10-09T10:11Z
Brand,Bard,48.82,-1.04,-3.57,49.86,170,16.20,EMERALD+,support,2026-10-09T10:11Z
Brand,Yuumi,48.83,-2.34,-4.87,51.17,213,16.20,EMERALD+,support,2026-10-09T10:11Z
Brand,Janna,48.94,1.9,-0.63,47.04,235,16.20,EMERALD+,support,2026-10-09T10:11Z
Brand,Pyke,49.22,0.39,-2.14,48.83,258,16.20,EMERALD+,support,2026-10-09T10:11Z
Brand,Lulu,49.3,0.36,-2.17,48.94,503,16.20,EMERALD+,support,2026-10-09T10:11Z
Brand,Thresh,49.31,2.83,0.3,46.48,799,16.20,EMERALD+,support,2026-10-09T10:11Z
Brand,Leona,49.47,3.25,0.72,46.22,374,16.20,EMERALD+,support,2026-10-09T10:11Z
Brand,Milio,49.61,1.26,-1.27,48.35,254,16.20,EMERALD+,support,2026-10-09T10:11Z
Brand,Nami,50.0,2.12,-0.41,47.88,418,16.20,EMERALD+,support,2026-10-09T10:11Z
Brand,Rakan,50.0,2.38,-0.15,47.62,122,16.20,EMERALD+,support,2026-10-09T10:11Z
Brand,Xerath,50.26,1.11,-1.42,49.15,191,16.20,EMERALD+,support,2026-10-09T10:11Z
Brand,Seraphine,50.51,2.68,0.15,47.83,295,16.20,EMERALD+,support,2026-10-09T10:11Z
Brand,Blitzcrank,51.11,3.81,1.28,47.3,315,16.20,EMERALD+,support,2026-10-09T10:11Z
Brand,Zyra,51.22,2.9,0.37,48.32,164,16.20,EMERALD+,support,2026-10-09T10:11Z
Brand,Senna,52.47,4.98,2.45,47.49,263,16.20,EMERALD+,support,2026-10-09T10:11Z
Brand,Morgana,52.68,4.87,2.34,47.81,224,16.20,EMERALD+,support,2026-10-09T10:11Z
Brand,Lux,52.68,4.04,1.51,48.64,467,16.20,EMERALD+,support,2026-10-09T10:11Z
Brand,Karma,52.91,2.66,0.13,50.25,327,16.20,EMERALD+,support,2026-10-09T10:11Z
Brand,Soraka,52.99,5.13,2.6,47.86,251,16.20,EMERALD+,support,2026-10-09T10:11Z
Brand,Pantheon,54.02,4.74,2.21,49.28,174,16.20,EMERALD+,support,2026-10-09T10:11Z
Brand,Camille,55.96,4.23,1.7,51.73,109,16.20,EMERALD+,support,2026-10-09T10:11Z
Brand,Swain,57.62,7.26,4.73,50.36,210,16.20,EMERALD+,support,2026-10-09T10:11Z
Brand,Alistar,58.88,10.99,8.46,47.89,214,16.20,EMERALD+,support,2026-10-09T10:11Z
Brand,Tahm Kench,60.92,13.26,10.73,47.66,174,16.20,EMERALD+,support,2026-10-09T10:11Z
Braum,Taric,48.73,3.02,-1.87,45.71,158,16.20,EMERALD+,support,2026-10-09T10:11Z
Braum,Zyra,48.74,0.42,-4.48,48.32,238,16.20,EMERALD+,support,2026-10-09T10:11Z
Braum,Rakan,48.75,1.13,-3.77,47.62,519,16.20,EMERALD+,support,2026-10-09T10:11Z
Braum,Rell,49.77,2.77,-2.13,47.0,426,16.20,EMERALD+,support,2026-10-09T10:11Z
Braum,Sona,49.78,3.0,-1.9,46.78,225,16.20,EMERALD+,support,2026-10-09T10:11Z
Braum,Lulu,50.12,1.18,-3.72,48.94,1265,16.20,EMERALD+,support,2026-10-09T10:11Z
Braum,Soraka,50.13,2.27,-2.63,47.86,391,16.20,EMERALD+,support,2026-10-09T10:11Z
Braum,Janna,50.17,3.13,-1.77,47.04,602,16.20,EMERALD+,support,2026-10-09T10:11Z
Braum,Zilean,50.77,3.34,-1.56,47.43,260,16.20,EMERALD+,support,2026-10-09T10:11Z
Braum,Senna,50.83,3.34,-1.56,47.49,545,16.20,EMERALD+,support,2026-10-09T10:11Z
Braum,Poppy,51.11,3.31,-1.59,47.8,180,16.20,EMERALD+,support,2026-10-09T10:11Z
Braum,Vel'Koz,51.21,2.87,-2.03,48.34,207,16.20,EMERALD+,support,2026-10-09T10:11Z
Braum,Pyke,51.38,2.55,-2.35,48.83,650,16.20,EMERALD+,support,2026-10-09T10:11Z
Braum,Pantheon,51.43,2.15,-2.75,49.28,420,16.20,EMERALD+,support,2026-10-09T10:11Z
Braum,Leona,51.6,5.38,0.48,46.22,1184,16.20,EMERALD+,support,2026-10-09T10:11Z
Braum,Alistar,51.6,3.71,-1.19,47.89,752,16.20,EMERALD+,support,2026-10-09T10:11Z
Braum,Thresh,51.85,5.37,0.47,46.48,2411,16.20,EMERALD+,support,2026-10-09T10:11Z
Braum,Maokai,51.96,4.1,-0.8,47.86,179,16.20,EMERALD+,support,2026-10-09T10:11Z
Braum,Neeko,52.72,3.96,-0.94,48.76,184,16.20,EMERALD+,support,2026-10-09T10:11Z
Braum,Karma,52.88,2.63,-2.27,50.25,626,16.20,EMERALD+,support,2026-10-09T10:11Z
Braum,Bard,53.04,3.18,-1.72,49.86,362,16.20,EMERALD+,support,2026-10-09T10:11Z
Braum,Milio,53.12,4.77,-0.13,48.35,802,16.20,EMERALD+,support,2026-10-09T10:11Z
Braum,Xerath,53.36,4.21,-0.69,49.15,223,16.20,EMERALD+,support,2026-10-09T10:11Z
Braum,Morgana,53.48,5.67,0.77,47.81,402,16.20,EMERALD+,support,2026-10-09T10:11Z
Braum,Shaco,53.7,2.23,-2.66,51.47,108,16.20,EMERALD+,support,2026-10-09T10:11Z
Braum,Nami,54.02,6.14,1.24,47.88,870,16.20,EMERALD+,support,2026-10-09T10:11Z
Braum,Seraphine,54.68,6.85,1.95,47.83,523,16.20,EMERALD+,support,2026-10-09T10:11Z
Braum,Blitzcrank,55.23,7.93,3.03,47.3,918,16.20,EMERALD+,support,2026-10-09T10:11Z
Braum,Swain,55.59,5.23,0.33,50.36,304,16.20,EMERALD+,support,2026-10-09T10:11Z
Braum,Tahm Kench,55.96,8.3,3.4,47.66,327,16.20,EMERALD+,support,2026-10-09T10:11Z
Braum,Camille,56.68,4.95,0.06,51.73,187,16.20,EMERALD+,support,2026-10-09T10:11Z
Braum,Lux,56.94,8.3,3.4,48.64,483,16.20,EMERALD+,support,2026-10-09T10:11Z
Braum,Nautilus,58.01,9.19,4.29,48.82,2036,16.20,EMERALD+,support,2026-10-09T10:11Z
Braum,Renata Glasc,59.14,9.73,4.83,49.41,186,16.20,EMERALD+,support,2026-10-09T10:11Z
Braum,Brand,59.42,10.49,5.59,48.93,207,16.20,EMERALD+,support,2026-10-09T10:11Z
Braum,Yuumi,60.11,8.94,4.05,51.17,534,16.20,EMERALD+,support,2026-10-09T10:11Z
Braum,Sylas,63.46,12.68,7.78,50.78,104,16.20,EMERALD+,support,2026-10-09T10:11Z
Camille,Janna,37.31,-9.73,-9.47,47.04,134,16.20,EMERALD+,support,2026-10-09T10:11Z
Camille,Alistar,38.68,-9.21,-8.95,47.89,212,16.20,EMERALD+,support,2026-10-09T10:11Z
Camille,Leona,42.11,-4.11,-3.85,46.22,247,16.20,EMERALD+,support,2026-10-09T10:11Z
Camille,Nautilus,42.25,-6.57,-6.3,48.82,329,16.20,EMERALD+,support,2026-10-09T10:11Z
Camille,Blitzcrank,43.38,-3.92,-3.66,47.3,219,16.20,EMERALD+,support,2026-10-09T10:11Z
Camille,Milio,44.2,-4.15,-3.88,48.35,138,16.20,EMERALD+,support,2026-10-09T10:11Z
Camille,Braum,44.62,-1.94,-1.68,46.56,186,16.20,EMERALD+,support,2026-10-09T10:11Z
Camille,Rell,45.79,-1.21,-0.95,47.0,107,16.20,EMERALD+,support,2026-10-09T10:11Z
Camille,Lulu,46.39,-2.55,-2.28,48.94,416,16.20,EMERALD+,support,2026-10-09T10:11Z
Camille,Poppy,46.45,-1.35,-1.09,47.8,155,16.20,EMERALD+,support,2026-10-09T10:11Z
Camille,Bard,47.37,-2.49,-2.22,49.86,209,16.20,EMERALD+,support,2026-10-09T10:11Z
Camille,Pyke,48.31,-0.52,-0.25,48.83,267,16.20,EMERALD+,support,2026-10-09T10:11Z
Camille,Xerath,48.92,-0.23,0.04,49.15,139,16.20,EMERALD+,support,2026-10-09T10:11Z
Camille,Brand,49.07,0.14,0.41,48.93,108,16.20,EMERALD+,support,2026-10-09T10:11Z
Camille,Thresh,49.12,2.64,2.9,46.48,513,16.20,EMERALD+,support,2026-10-09T10:11Z
Camille,Seraphine,49.72,1.89,2.15,47.83,177,16.20,EMERALD+,support,2026-10-09T10:11Z
Camille,Soraka,51.11,3.25,3.51,47.86,135,16.20,EMERALD+,support,2026-10-09T10:11Z
Camille,Yuumi,51.35,0.18,0.45,51.17,259,16.20,EMERALD+,support,2026-10-09T10:11Z
Camille,Karma,52.03,1.78,2.05,50.25,246,16.20,EMERALD+,support,2026-10-09T10:11Z
Camille,Senna,53.01,5.52,5.78,47.49,183,16.20,EMERALD+,support,2026-10-09T10:11Z
Camille,Pantheon,53.59,4.31,4.58,49.28,181,16.20,EMERALD+,support,2026-10-09T10:11Z
Camille,Lux,54.07,5.43,5.7,48.64,246,16.20,EMERALD+,support,2026-10-09T10:11Z
Camille,Nami,54.07,6.19,6.45,47.88,209,16.20,EMERALD+,support,2026-10-09T10:11Z
Camille,Morgana,55.14,7.33,7.59,47.81,107,16.20,EMERALD+,support,2026-10-09T10:11Z
Elise,Blitzcrank,45.83,-1.47,-5.02,47.3,120,16.20,EMERALD+,support,2026-10-09T10:11Z
Elise,Milio,46.79,-1.56,-5.11,48.35,109,16.20,EMERALD+,support,2026-10-09T10:11Z
Elise,Leona,48.85,2.63,-0.91,46.22,131,16.20,EMERALD+,support,2026-10-09T10:11Z
Elise,Nautilus,53.11,4.29,0.74,48.82,177,16.20,EMERALD+,support,2026-10-09T10:11Z
Elise,Lulu,53.97,5.03,1.48,48.94,252,16.20,EMERALD+,support,2026-10-09T10:11Z
Elise,Thresh,55.56,9.08,5.53,46.48,288,16.20,EMERALD+,support,2026-10-09T10:11Z
Elise,Nami,57.58,9.7,6.15,47.88,132,16.20,EMERALD+,support,2026-10-09T10:11Z
Elise,Karma,59.52,9.27,5.72,50.25,126,16.20,EMERALD+,support,2026-10-09T10:11Z
Elise,Alistar,60.4,12.51,8.96,47.89,101,16.20,EMERALD+,support,2026-10-09T10:11Z
Elise,Pyke,62.41,13.58,10.03,48.83,141,16.20,EMERALD+,support,2026-10-09T10:11Z
Galio,Leona,48.09,1.87,-3.17,46.22,131,16.20,EMERALD+,support,2026-10-09T10:11Z
Galio,Lux,49.07,0.43,-4.61,48.64,108,16.20,EMERALD+,support,2026-10-09T10:11Z
Galio,Thresh,49.78,3.3,-1.74,46.48,231,16.20,EMERALD+,support,2026-10-09T10:11Z
Galio,Alistar,52.59,4.7,-0.34,47.89,116,16.20,EMERALD+,support,2026-10-09T10:11Z
Galio,Nami,54.03,6.15,1.11,47.88,124,16.20,EMERALD+,support,2026-10-09T10:11Z
Galio,Nautilus,54.55,5.73,0.69,48.82,154,16.20,EMERALD+,support,2026-10-09T10:11Z
Galio,Lulu,58.06,9.12,4.08,48.94,217,16.20,EMERALD+,support,2026-10-09T10:11Z
Galio,Karma,58.72,8.47,3.43,50.25,109,16.20,EMERALD+,support,2026-10-09T10:11Z
Galio,Blitzcrank,62.14,14.84,9.8,47.3,103,16.20,EMERALD+,support,2026-10-09T10:11Z
Hwei,Thresh,47.78,1.29,-2.36,46.49,180,16.20,EMERALD+,support,2026-10-09T10:11Z
Hwei,Lulu,48.9,-0.05,-3.7,48.95,182,16.20,EMERALD+,support,2026-10-09T10:11Z
Hwei,Lux,49.52,0.89,-2.76,48.63,105,16.20,EMERALD+,support,2026-10-09T10:11Z
Hwei,Nami,52.78,4.86,1.21,47.92,108,16.20,EMERALD+,support,2026-10-09T10:11Z
Hwei,Nautilus,54.11,5.33,1.68,48.78,146,16.20,EMERALD+,support,2026-10-09T10:11Z
Janna,Tahm Kench,48.42,0.76,-3.66,47.66,285,16.20,EMERALD+,support,2026-10-09T10:11Z
Janna,Maokai,49.08,1.22,-3.2,47.86,163,16.20,EMERALD+,support,2026-10-09T10:11Z
Janna,Vel'Koz,50.0,1.66,-2.76,48.34,314,16.20,EMERALD+,support,2026-10-09T10:11Z
Janna,Sona,50.34,3.56,-0.86,46.78,435,16.20,EMERALD+,support,2026-10-09T10:11Z
Janna,Nautilus,50.37,1.55,-2.87,48.82,1092,16.20,EMERALD+,support,2026-10-09T10:11Z
Janna,Thresh,50.66,4.18,-0.24,46.48,1820,16.20,EMERALD+,support,2026-10-09T10:11Z
Janna,Nami,51.11,3.23,-1.19,47.88,1526,16.20,EMERALD+,support,2026-10-09T10:11Z
Janna,Blitzcrank,51.22,3.92,-0.5,47.3,822,16.20,EMERALD+,support,2026-10-09T10:11Z
Janna,Seraphine,51.27,3.44,-0.98,47.83,790,16.20,EMERALD+,support,2026-10-09T10:11Z
Janna,Karma,51.27,1.02,-3.4,50.25,825,16.20,EMERALD+,support,2026-10-09T10:11Z
Janna,Zilean,51.29,3.86,-0.56,47.43,427,16.20,EMERALD+,support,2026-10-09T10:11Z
Janna,Senna,51.78,4.29,-0.13,47.49,674,16.20,EMERALD+,support,2026-10-09T10:11Z
Janna,Rell,51.92,4.92,0.5,47.0,495,16.20,EMERALD+,support,2026-10-09T10:11Z
Janna,Elise,51.96,4.05,-0.37,47.91,102,16.20,EMERALD+,support,2026-10-09T10:11Z
Janna,Lulu,52.17,3.23,-1.19,48.94,1660,16.20,EMERALD+,support,2026-10-09T10:11Z
Janna,Yuumi,52.29,1.12,-3.29,51.17,654,16.20,EMERALD+,support,2026-10-09T10:11Z
Janna,Braum,52.38,5.82,1.4,46.56,609,16.20,EMERALD+,support,2026-10-09T10:11Z
Janna,Taric,52.7,6.99,2.58,45.71,148,16.20,EMERALD+,support,2026-10-09T10:11Z
Janna,Alistar,52.87,4.98,0.56,47.89,592,16.20,EMERALD+,support,2026-10-09T10:11Z
Janna,Pyke,52.95,4.12,-0.3,48.83,644,16.20,EMERALD+,support,2026-10-09T10:11Z
Janna,Poppy,53.05,5.25,0.83,47.8,164,16.20,EMERALD+,support,2026-10-09T10:11Z
Janna,Milio,53.26,4.91,0.49,48.35,965,16.20,EMERALD+,support,2026-10-09T10:11Z
Janna,Leona,53.37,7.15,2.73,46.22,875,16.20,EMERALD+,support,2026-10-09T10:11Z
Janna,Shaco,53.54,2.07,-2.34,51.47,127,16.20,EMERALD+,support,2026-10-09T10:11Z
Janna,Morgana,53.69,5.88,1.46,47.81,393,16.20,EMERALD+,support,2026-10-09T10:11Z
Janna,Swain,53.79,3.43,-0.99,50.36,290,16.20,EMERALD+,support,2026-10-09T10:11Z
Janna,Renata Glasc,54.37,4.96,0.54,49.41,206,16.20,EMERALD+,support,2026-10-09T10:11Z
Janna,Rakan,54.62,7.0,2.58,47.62,487,16.20,EMERALD+,support,2026-10-09T10:11Z
Janna,Pantheon,54.68,5.4,0.98,49.28,331,16.20,EMERALD+,support,2026-10-09T10:11Z
Janna,Bard,54.72,4.86,0.44,49.86,667,16.20,EMERALD+,support,2026-10-09T10:11Z
Janna,Zoe,55.14,4.97,0.55,50.17,107,16.20,EMERALD+,support,2026-10-09T10:11Z
Janna,Sylas,55.26,4.48,0.06,50.78,114,16.20,EMERALD+,support,2026-10-09T10:11Z
Janna,Brand,55.32,6.39,1.97,48.93,235,16.20,EMERALD+,support,2026-10-09T10:11Z
Janna,Zyra,55.39,7.07,2.65,48.32,269,16.20,EMERALD+,support,2026-10-09T10:11Z
Janna,Neeko,55.56,6.8,2.38,48.76,180,16.20,EMERALD+,support,2026-10-09T10:11Z
Janna,Xerath,56.3,7.15,2.73,49.15,238,16.20,EMERALD+,support,2026-10-09T10:11Z
Janna,Soraka,56.95,9.09,4.67,47.86,662,16.20,EMERALD+,support,2026-10-09T10:11Z
Janna,Lux,58.15,9.51,5.09,48.64,650,16.20,EMERALD+,support,2026-10-09T10:11Z
Janna,Camille,63.83,12.1,7.69,51.73,141,16.20,EMERALD+,support,2026-10-09T10:11Z
Karma,Elise,41.41,-6.5,-7.71,47.91,128,16.20,EMERALD+,support,2026-10-09T10:11Z
Karma,Rell,42.39,-4.61,-5.82,47.0,519,16.20,EMERALD+,support,2026-10-09T10:11Z
Karma,Galio,44.12,-2.3,-3.51,46.42,102,16.20,EMERALD+,support,2026-10-09T10:11Z
Karma,Maokai,45.03,-2.83,-4.04,47.86,191,16.20,EMERALD+,support,2026-10-09T10:11Z
Karma,Soraka,45.37,-2.49,-3.7,47.86,648,16.20,EMERALD+,support,2026-10-09T10:11Z
Karma,Blitzcrank,45.5,-1.8,-3.01,47.3,912,16.20,EMERALD+,support,2026-10-09T10:11Z
Karma,Nami,47.01,-0.87,-2.08,47.88,1423,16.20,EMERALD+,support,2026-10-09T10:11Z
Karma,Senna,47.29,-0.2,-1.41,47.49,776,16.20,EMERALD+,support,2026-10-09T10:11Z
Karma,Sylas,47.32,-3.46,-4.67,50.78,205,16.20,EMERALD+,support,2026-10-09T10:11Z
Karma,Bard,47.33,-2.53,-3.74,49.86,786,16.20,EMERALD+,support,2026-10-09T10:11Z
Karma,Sona,47.47,0.69,-0.52,46.78,356,16.20,EMERALD+,support,2026-10-09T10:11Z
Karma,Thresh,47.75,1.27,0.06,46.48,2182,16.20,EMERALD+,support,2026-10-09T10:11Z
Karma,Nautilus,47.79,-1.03,-2.24,48.82,1337,16.20,EMERALD+,support,2026-10-09T10:11Z
Karma,Tahm Kench,47.83,0.17,-1.04,47.66,322,16.20,EMERALD+,support,2026-10-09T10:11Z
Karma,Camille,48.08,-3.65,-4.86,51.73,260,16.20,EMERALD+,support,2026-10-09T10:11Z
Karma,Lulu,48.19,-0.75,-1.96,48.94,2129,16.20,EMERALD+,support,2026-10-09T10:11Z
Karma,Alistar,49.33,1.44,0.23,47.89,525,16.20,EMERALD+,support,2026-10-09T10:11Z
Karma,Leona,49.41,3.19,1.98,46.22,767,16.20,EMERALD+,support,2026-10-09T10:11Z
Karma,LeBlanc,49.53,0.8,-0.41,48.73,107,16.20,EMERALD+,support,2026-10-09T10:11Z
Karma,Braum,49.76,3.2,1.99,46.56,631,16.20,EMERALD+,support,2026-10-09T10:11Z
Karma,Zilean,49.88,2.45,1.24,47.43,423,16.20,EMERALD+,support,2026-10-09T10:11Z
Karma,Janna,50.36,3.32,2.11,47.04,826,16.20,EMERALD+,support,2026-10-09T10:11Z
Karma,Taric,50.38,4.67,3.46,45.71,133,16.20,EMERALD+,support,2026-10-09T10:11Z
Karma,Yuumi,50.75,-0.42,-1.63,51.17,735,16.20,EMERALD+,support,2026-10-09T10:11Z
Karma,Milio,50.87,2.52,1.31,48.35,1091,16.20,EMERALD+,support,2026-10-09T10:11Z
Karma,Poppy,50.89,3.09,1.88,47.8,169,16.20,EMERALD+,support,2026-10-09T10:11Z
Karma,Pyke,50.99,2.16,0.95,48.83,755,16.20,EMERALD+,support,2026-10-09T10:11Z
Karma,Rakan,51.1,3.48,2.27,47.62,501,16.20,EMERALD+,support,2026-10-09T10:11Z
Karma,Xerath,51.16,2.01,0.8,49.15,475,16.20,EMERALD+,support,2026-10-09T10:11Z
Karma,Morgana,51.46,3.65,2.44,47.81,618,16.20,EMERALD+,support,2026-10-09T10:11Z
Karma,Brand,51.6,2.67,1.46,48.93,312,16.20,EMERALD+,support,2026-10-09T10:11Z
Karma,Seraphine,51.6,3.77,2.56,47.83,1029,16.20,EMERALD+,support,2026-10-09T10:11Z
Karma,Vel'Koz,51.63,3.29,2.08,48.34,368,16.20,EMERALD+,support,2026-10-09T10:11Z
Karma,Neeko,52.42,3.66,2.45,48.76,269,16.20,EMERALD+,support,2026-10-09T10:11Z
Karma,Lux,52.66,4.02,2.81,48.64,1071,16.20,EMERALD+,support,2026-10-09T10:11Z
Karma,Shaco,54.55,3.08,1.87,51.47,176,16.20,EMERALD+,support,2026-10-09T10:11Z
Karma,Pantheon,54.72,5.44,4.23,49.28,466,16.20,EMERALD+,support,2026-10-09T10:11Z
Karma,Zyra,55.59,7.27,6.06,48.32,367,16.20,EMERALD+,support,2026-10-09T10:11Z
Karma,Zoe,56.8,6.63,5.42,50.17,125,16.20,EMERALD+,support,2026-10-09T10:11Z
Karma,Swain,57.51,7.15,5.94,50.36,353,16.20,EMERALD+,support,2026-10-09T10:11Z
Karma,Renata Glasc,57.78,8.37,7.16,49.41,225,16.20,EMERALD+,support,2026-10-09T10:11Z
Karma,Ashe,60.48,7.67,6.46,52.81,124,16.20,EMERALD+,support,2026-10-09T10:11Z
LeBlanc,Blitzcrank,42.98,-4.32,-7.05,47.3,114,16.20,EMERALD+,support,2026-10-09T10:11Z
LeBlanc,Leona,47.06,0.84,-1.89,46.22,119,16.20,EMERALD+,support,2026-10-09T10:11Z
LeBlanc,Nautilus,48.1,-0.72,-3.45,48.82,158,16.20,EMERALD+,support,2026-10-09T10:11Z
LeBlanc,Nami,48.48,0.6,-2.13,47.88,132,16.20,EMERALD+,support,2026-10-09T10:11Z
LeBlanc,Thresh,48.85,2.37,-0.36,46.48,260,16.20,EMERALD+,support,2026-10-09T10:11Z
LeBlanc,Pyke,49.11,0.28,-2.45,48.83,112,16.20,EMERALD+,support,2026-10-09T10:11Z
LeBlanc,Karma,49.12,-1.13,-3.86,50.25,114,16.20,EMERALD+,support,2026-10-09T10:11Z
LeBlanc,Alistar,51.49,3.6,0.87,47.89,101,16.20,EMERALD+,support,2026-10-09T10:11Z
LeBlanc,Lulu,52.54,3.6,0.87,48.94,236,16.20,EMERALD+,support,2026-10-09T10:11Z
LeBlanc,Bard,53.92,4.06,1.33,49.86,102,16.20,EMERALD+,support,2026-10-09T10:11Z
LeBlanc,Lux,63.85,15.21,12.48,48.64,130,16.20,EMERALD+,support,2026-10-09T10:11Z
Leona,Sona,46.4,-0.38,-5.62,46.78,347,16.20,EMERALD+,support,2026-10-09T10:11Z
Leona,Zoe,47.86,-2.31,-7.55,50.17,117,16.20,EMERALD+,support,2026-10-09T10:11Z
Leona,Janna,48.38,1.34,-3.9,47.04,864,16.20,EMERALD+,support,2026-10-09T10:11Z
Leona,Zilean,49.3,1.87,-3.37,47.43,359,16.20,EMERALD+,support,2026-10-09T10:11Z
Leona,Braum,50.22,3.66,-1.58,46.56,1159,16.20,EMERALD+,support,2026-10-09T10:11Z
Leona,Sylas,51.05,0.27,-4.96,50.78,190,16.20,EMERALD+,support,2026-10-09T10:11Z
Leona,Rell,51.16,4.16,-1.08,47.0,649,16.20,EMERALD+,support,2026-10-09T10:11Z
Leona,Soraka,51.23,3.37,-1.88,47.86,609,16.20,EMERALD+,support,2026-10-09T10:11Z
Leona,Seraphine,51.28,3.45,-1.8,47.83,780,16.20,EMERALD+,support,2026-10-09T10:11Z
Leona,Morgana,51.44,3.63,-1.62,47.81,939,16.20,EMERALD+,support,2026-10-09T10:11Z
Leona,Shen,51.72,2.09,-3.15,49.63,145,16.20,EMERALD+,support,2026-10-09T10:11Z
Leona,Senna,51.91,4.42,-0.82,47.49,732,16.20,EMERALD+,support,2026-10-09T10:11Z
Leona,Tahm Kench,52.06,4.4,-0.85,47.66,436,16.20,EMERALD+,support,2026-10-09T10:11Z
Leona,Vel'Koz,52.21,3.87,-1.38,48.34,339,16.20,EMERALD+,support,2026-10-09T10:11Z
Leona,Neeko,52.38,3.62,-1.62,48.76,231,16.20,EMERALD+,support,2026-10-09T10:11Z
Leona,Thresh,52.43,5.95,0.71,46.48,2556,16.20,EMERALD+,support,2026-10-09T10:11Z
Leona,Taric,52.47,6.76,1.52,45.71,263,16.20,EMERALD+,support,2026-10-09T10:11Z
Leona,Poppy,52.88,5.08,-0.17,47.8,399,16.20,EMERALD+,support,2026-10-09T10:11Z
Leona,Alistar,53.02,5.13,-0.12,47.89,1177,16.20,EMERALD+,support,2026-10-09T10:11Z
Leona,Karma,53.2,2.95,-2.29,50.25,750,16.20,EMERALD+,support,2026-10-09T10:11Z
Leona,Milio,53.22,4.87,-0.38,48.35,1056,16.20,EMERALD+,support,2026-10-09T10:11Z
Leona,Rakan,53.23,5.61,0.36,47.62,558,16.20,EMERALD+,support,2026-10-09T10:11Z
Leona,Elise,53.24,5.33,0.08,47.91,139,16.20,EMERALD+,support,2026-10-09T10:11Z
Leona,Zyra,53.32,5.0,-0.25,48.32,377,16.20,EMERALD+,support,2026-10-09T10:11Z
Leona,Lux,53.37,4.73,-0.51,48.64,815,16.20,EMERALD+,support,2026-10-09T10:11Z
Leona,Pyke,53.78,4.95,-0.29,48.83,900,16.20,EMERALD+,support,2026-10-09T10:11Z
Leona,Galio,53.79,7.37,2.13,46.42,132,16.20,EMERALD+,support,2026-10-09T10:11Z
Leona,Swain,54.08,3.72,-1.52,50.36,429,16.20,EMERALD+,support,2026-10-09T10:11Z
Leona,Nami,54.13,6.25,1.0,47.88,1149,16.20,EMERALD+,support,2026-10-09T10:11Z
Leona,Lulu,54.21,5.27,0.03,48.94,1817,16.20,EMERALD+,support,2026-10-09T10:11Z
Leona,Bard,54.6,4.74,-0.5,49.86,619,16.20,EMERALD+,support,2026-10-09T10:11Z
Leona,Renata Glasc,54.92,5.51,0.27,49.41,264,16.20,EMERALD+,support,2026-10-09T10:11Z
Leona,Xerath,55.03,5.88,0.64,49.15,398,16.20,EMERALD+,support,2026-10-09T10:11Z
Leona,Pantheon,55.51,6.23,0.99,49.28,526,16.20,EMERALD+,support,2026-10-09T10:11Z
Leona,Blitzcrank,56.14,8.84,3.6,47.3,1172,16.20,EMERALD+,support,2026-10-09T10:11Z
Leona,Brand,56.16,7.23,1.99,48.93,365,16.20,EMERALD+,support,2026-10-09T10:11Z
Leona,Yuumi,57.02,5.85,0.62,51.17,947,16.20,EMERALD+,support,2026-10-09T10:11Z
Leona,Maokai,57.2,9.34,4.09,47.86,264,16.20,EMERALD+,support,2026-10-09T10:11Z
Leona,LeBlanc,57.38,8.65,3.41,48.73,122,16.20,EMERALD+,support,2026-10-09T10:11Z
Leona,Nautilus,57.42,8.6,3.36,48.82,1806,16.20,EMERALD+,support,2026-10-09T10:11Z
Leona,Shaco,58.42,6.95,1.72,51.47,202,16.20,EMERALD+,support,2026-10-09T10:11Z
Leona,Camille,60.0,8.27,3.04,51.73,235,16.20,EMERALD+,support,2026-10-09T10:11Z
Leona,Ashe,65.0,12.19,6.98,52.81,100,16.20,EMERALD+,support,2026-10-09T10:11Z
Lulu,Galio,43.9,-2.52,-5.04,46.42,205,16.20,EMERALD+,support,2026-10-09T10:11Z
Lulu,Taric,46.23,0.52,-1.99,45.71,318,16.20,EMERALD+,support,2026-10-09T10:11Z
Lulu,Amumu,46.51,0.38,-2.14,46.13,172,16.20,EMERALD+,support,2026-10-09T10:11Z
Lulu,Elise,47.56,-0.35,-2.87,47.91,246,16.20,EMERALD+,support,2026-10-09T10:11Z
Lulu,Blitzcrank,48.03,0.73,-1.79,47.3,2059,16.20,EMERALD+,support,2026-10-09T10:11Z
Lulu,Leona,48.09,1.87,-0.65,46.22,1782,16.20,EMERALD+,support,2026-10-09T10:11Z
Lulu,Anivia,48.57,-1.43,-3.95,50.0,140,16.20,EMERALD+,support,2026-10-09T10:11Z
Lulu,Thresh,48.63,2.15,-0.37,46.48,4000,16.20,EMERALD+,support,2026-10-09T10:11Z
Lulu,Rakan,48.79,1.17,-1.35,47.62,953,16.20,EMERALD+,support,2026-10-09T10:11Z
Lulu,Senna,48.82,1.33,-1.19,47.49,1393,16.20,EMERALD+,support,2026-10-09T10:11Z
Lulu,Nautilus,48.99,0.17,-2.35,48.82,2580,16.20,EMERALD+,support,2026-10-09T10:11Z
Lulu,Fiddlesticks,49.28,0.77,-1.75,48.51,138,16.20,EMERALD+,support,2026-10-09T10:11Z
Lulu,Zyra,49.76,1.44,-1.08,48.32,633,16.20,EMERALD+,support,2026-10-09T10:11Z
Lulu,Pyke,49.78,0.95,-1.57,48.83,1340,16.20,EMERALD+,support,2026-10-09T10:11Z
Lulu,Bard,49.8,-0.06,-2.58,49.86,1245,16.20,EMERALD+,support,2026-10-09T10:11Z
Lulu,Janna,49.82,2.78,0.26,47.04,1646,16.20,EMERALD+,support,2026-10-09T10:11Z
Lulu,Sona,49.87,3.09,0.57,46.78,744,16.20,EMERALD+,support,2026-10-09T10:11Z
Lulu,Seraphine,50.1,2.27,-0.25,47.83,1930,16.20,EMERALD+,support,2026-10-09T10:11Z
Lulu,Renata Glasc,50.11,0.7,-1.82,49.41,447,16.20,EMERALD+,support,2026-10-09T10:11Z
Lulu,Nami,50.17,2.29,-0.23,47.88,2946,16.20,EMERALD+,support,2026-10-09T10:11Z
Lulu,Soraka,50.36,2.5,-0.02,47.86,1394,16.20,EMERALD+,support,2026-10-09T10:11Z
Lulu,Tahm Kench,50.66,3.0,0.48,47.66,604,16.20,EMERALD+,support,2026-10-09T10:11Z
Lulu,Teemo,50.78,2.53,0.01,48.25,128,16.20,EMERALD+,support,2026-10-09T10:11Z
Lulu,Rell,50.84,3.84,1.32,47.0,1017,16.20,EMERALD+,support,2026-10-09T10:11Z
Lulu,Yuumi,50.88,-0.29,-2.81,51.17,2093,16.20,EMERALD+,support,2026-10-09T10:11Z
Lulu,LeBlanc,51.3,2.57,0.05,48.73,230,16.20,EMERALD+,support,2026-10-09T10:11Z
Lulu,Zilean,51.45,4.02,1.5,47.43,830,16.20,EMERALD+,support,2026-10-09T10:11Z
Lulu,Lux,51.49,2.85,0.33,48.64,1606,16.20,EMERALD+,support,2026-10-09T10:11Z
Lulu,Alistar,51.67,3.78,1.26,47.89,1169,16.20,EMERALD+,support,2026-10-09T10:11Z
Lulu,Braum,52.06,5.5,2.98,46.56,1264,16.20,EMERALD+,support,2026-10-09T10:11Z
Lulu,Morgana,52.16,4.35,1.83,47.81,901,16.20,EMERALD+,support,2026-10-09T10:11Z
Lulu,Milio,52.17,3.82,1.3,48.35,2655,16.20,EMERALD+,support,2026-10-09T10:11Z
Lulu,Vel'Koz,52.19,3.85,1.33,48.34,686,16.20,EMERALD+,support,2026-10-09T10:11Z
Lulu,Poppy,52.98,5.18,2.66,47.8,302,16.20,EMERALD+,support,2026-10-09T10:11Z
Lulu,Pantheon,53.38,4.1,1.58,49.28,740,16.20,EMERALD+,support,2026-10-09T10:11Z
Lulu,Brand,53.85,4.92,2.4,48.93,520,16.20,EMERALD+,support,2026-10-09T10:11Z
Lulu,Neeko,53.95,5.19,2.67,48.76,443,16.20,EMERALD+,support,2026-10-09T10:11Z
Lulu,Karma,54.32,4.07,1.55,50.25,2128,16.20,EMERALD+,support,2026-10-09T10:11Z
Lulu,Hwei,54.44,6.79,4.27,47.65,180,16.20,EMERALD+,support,2026-10-09T10:11Z
Lulu,Xerath,54.53,5.38,2.86,49.15,684,16.20,EMERALD+,support,2026-10-09T10:11Z
Lulu,Swain,54.59,4.23,1.71,50.36,632,16.20,EMERALD+,support,2026-10-09T10:11Z
Lulu,Zoe,54.68,4.51,1.99,50.17,203,16.20,EMERALD+,support,2026-10-09T10:11Z
Lulu,Sylas,54.72,3.94,1.42,50.78,254,16.20,EMERALD+,support,2026-10-09T10:11Z
Lulu,Maokai,56.38,8.52,6.0,47.86,282,16.20,EMERALD+,support,2026-10-09T10:11Z
Lulu,Camille,56.38,4.65,2.13,51.73,392,16.20,EMERALD+,support,2026-10-09T10:11Z
Lulu,Ashe,57.95,5.14,2.62,52.81,176,16.20,EMERALD+,support,2026-10-09T10:11Z
Lulu,Shen,59.04,9.41,6.89,49.63,188,16.20,EMERALD+,support,2026-10-09T10:11Z
Lulu,Shaco,60.87,9.4,6.88,51.47,276,16.20,EMERALD+,support,2026-10-09T10:11Z
Lulu,Veigar,61.79,6.73,4.22,55.06,123,16.20,EMERALD+,support,2026-10-09T10:11Z
Lux,LeBlanc,43.61,-5.12,-7.94,48.73,133,16.20,EMERALD+,support,2026-10-09T10:11Z
Lux,Sona,44.74,-2.04,-4.86,46.78,304,16.20,EMERALD+,support,2026-10-09T10:11Z
Lux,Tahm Kench,45.72,-1.94,-4.76,47.66,304,16.20,EMERALD+,support,2026-10-09T10:11Z
Lux,Janna,45.73,-1.31,-4.13,47.04,632,16.20,EMERALD+,support,2026-10-09T10:11Z
Lux,Nami,47.89,0.01,-2.81,47.88,1136,16.20,EMERALD+,support,2026-10-09T10:11Z
Lux,Rell,48.17,1.17,-1.65,47.0,328,16.20,EMERALD+,support,2026-10-09T10:11Z
Lux,Braum,48.54,1.98,-0.84,46.56,478,16.20,EMERALD+,support,2026-10-09T10:11Z
Lux,Soraka,48.57,0.71,-2.11,47.86,593,16.20,EMERALD+,support,2026-10-09T10:11Z
Lux,Blitzcrank,48.58,1.28,-1.54,47.3,1054,16.20,EMERALD+,support,2026-10-09T10:11Z
Lux,Zoe,48.74,-1.43,-4.25,50.17,119,16.20,EMERALD+,support,2026-10-09T10:11Z
Lux,Swain,48.86,-1.5,-4.32,50.36,440,16.20,EMERALD+,support,2026-10-09T10:11Z
Lux,Thresh,49.35,2.87,0.05,46.48,1996,16.20,EMERALD+,support,2026-10-09T10:11Z
Lux,Neeko,49.39,0.63,-2.19,48.76,247,16.20,EMERALD+,support,2026-10-09T10:11Z
Lux,Milio,49.4,1.05,-1.77,48.35,911,16.20,EMERALD+,support,2026-10-09T10:11Z
Lux,Taric,49.53,3.82,1.01,45.71,107,16.20,EMERALD+,support,2026-10-09T10:11Z
Lux,Zilean,50.14,2.71,-0.11,47.43,369,16.20,EMERALD+,support,2026-10-09T10:11Z
Lux,Pyke,50.51,1.68,-1.14,48.83,885,16.20,EMERALD+,support,2026-10-09T10:11Z
Lux,Xerath,50.54,1.39,-1.43,49.15,738,16.20,EMERALD+,support,2026-10-09T10:11Z
Lux,Yuumi,50.62,-0.55,-3.37,51.17,725,16.20,EMERALD+,support,2026-10-09T10:11Z
Lux,Camille,50.82,-0.91,-3.73,51.73,244,16.20,EMERALD+,support,2026-10-09T10:11Z
Lux,Renata Glasc,51.02,1.61,-1.21,49.41,147,16.20,EMERALD+,support,2026-10-09T10:11Z
Lux,Rakan,51.19,3.57,0.75,47.62,379,16.20,EMERALD+,support,2026-10-09T10:11Z
Lux,Galio,51.35,4.93,2.11,46.42,111,16.20,EMERALD+,support,2026-10-09T10:11Z
Lux,Hwei,51.43,3.78,0.96,47.65,105,16.20,EMERALD+,support,2026-10-09T10:11Z
Lux,Leona,51.46,5.24,2.42,46.22,820,16.20,EMERALD+,support,2026-10-09T10:11Z
Lux,Lulu,51.46,2.52,-0.3,48.94,1615,16.20,EMERALD+,support,2026-10-09T10:11Z
Lux,Karma,51.75,1.5,-1.32,50.25,1055,16.20,EMERALD+,support,2026-10-09T10:11Z
Lux,Nautilus,52.09,3.27,0.45,48.82,1315,16.20,EMERALD+,support,2026-10-09T10:11Z
Lux,Shaco,52.53,1.06,-1.76,51.47,158,16.20,EMERALD+,support,2026-10-09T10:11Z
Lux,Morgana,52.62,4.81,1.99,47.81,707,16.20,EMERALD+,support,2026-10-09T10:11Z
Lux,Sylas,52.66,1.88,-0.94,50.78,188,16.20,EMERALD+,support,2026-10-09T10:11Z
Lux,Alistar,52.92,5.03,2.21,47.89,463,16.20,EMERALD+,support,2026-10-09T10:11Z
Lux,Brand,52.98,4.05,1.23,48.93,453,16.20,EMERALD+,support,2026-10-09T10:11Z
Lux,Maokai,53.13,5.27,2.45,47.86,160,16.20,EMERALD+,support,2026-10-09T10:11Z
Lux,Zyra,53.87,5.55,2.73,48.32,362,16.20,EMERALD+,support,2026-10-09T10:11Z
Lux,Pantheon,54.24,4.96,2.14,49.28,448,16.20,EMERALD+,support,2026-10-09T10:11Z
Lux,Seraphine,54.58,6.75,3.93,47.83,1059,16.20,EMERALD+,support,2026-10-09T10:11Z
Lux,Senna,54.6,7.11,4.29,47.49,793,16.20,EMERALD+,support,2026-10-09T10:11Z
Lux,Bard,55.23,5.37,2.55,49.86,554,16.20,EMERALD+,support,2026-10-09T10:11Z
Lux,Poppy,55.29,7.49,4.67,47.8,170,16.20,EMERALD+,support,2026-10-09T10:11Z
Lux,Vel'Koz,55.86,7.52,4.7,48.34,435,16.20,EMERALD+,support,2026-10-09T10:11Z
Lux,Ashe,56.67,3.86,1.05,52.81,120,16.20,EMERALD+,support,2026-10-09T10:11Z
Lux,Mel,64.77,11.29,8.48,53.48,193,16.20,EMERALD+,support,2026-10-09T10:11Z
Maokai,Rakan,44.62,-3.0,-6.6,47.62,130,16.20,EMERALD+,support,2026-10-09T10:11Z
Maokai,Leona,44.87,-1.35,-4.94,46.22,263,16.20,EMERALD+,support,2026-10-09T10:11Z
Maokai,Rell,48.28,1.28,-2.32,47.0,116,16.20,EMERALD+,support,2026-10-09T10:11Z
Maokai,Braum,48.42,1.86,-1.74,46.56,190,16.20,EMERALD+,support,2026-10-09T10:11Z
Maokai,Morgana,48.54,0.73,-2.87,47.81,103,16.20,EMERALD+,support,2026-10-09T10:11Z
Maokai,Lux,48.57,-0.07,-3.67,48.64,175,16.20,EMERALD+,support,2026-10-09T10:11Z
Maokai,Blitzcrank,48.59,1.29,-2.31,47.3,177,16.20,EMERALD+,support,2026-10-09T10:11Z
Maokai,Lulu,48.66,-0.28,-3.88,48.94,298,16.20,EMERALD+,support,2026-10-09T10:11Z
Maokai,Senna,48.98,1.49,-2.11,47.49,147,16.20,EMERALD+,support,2026-10-09T10:11Z
Maokai,Nami,49.0,1.12,-2.48,47.88,249,16.20,EMERALD+,support,2026-10-09T10:11Z
Maokai,Yuumi,51.76,0.59,-3.01,51.17,170,16.20,EMERALD+,support,2026-10-09T10:11Z
Maokai,Janna,52.69,5.65,2.05,47.04,167,16.20,EMERALD+,support,2026-10-09T10:11Z
Maokai,Thresh,52.84,6.36,2.76,46.48,475,16.20,EMERALD+,support,2026-10-09T10:11Z
Maokai,Alistar,53.03,5.14,1.54,47.89,198,16.20,EMERALD+,support,2026-10-09T10:11Z
Maokai,Bard,53.38,3.52,-0.08,49.86,148,16.20,EMERALD+,support,2026-10-09T10:11Z
Maokai,Seraphine,53.45,5.62,2.02,47.83,174,16.20,EMERALD+,support,2026-10-09T10:11Z
Maokai,Soraka,53.49,5.63,2.03,47.86,129,16.20,EMERALD+,support,2026-10-09T10:11Z
Maokai,Nautilus,54.39,5.57,1.97,48.82,285,16.20,EMERALD+,support,2026-10-09T10:11Z
Maokai,Pyke,54.48,5.65,2.05,48.83,268,16.20,EMERALD+,support,2026-10-09T10:11Z
Maokai,Milio,55.11,6.76,3.16,48.35,176,16.20,EMERALD+,support,2026-10-09T10:11Z
Maokai,Karma,55.9,5.65,2.05,50.25,195,16.20,EMERALD+,support,2026-10-09T10:11Z
Maokai,Pantheon,57.89,8.61,5.01,49.28,114,16.20,EMERALD+,support,2026-10-09T10:11Z
Mel,Lux,41.49,-7.15,-5.14,48.64,188,16.20,EMERALD+,support,2026-10-09T10:11Z
Mel,Pyke,42.48,-6.35,-4.34,48.83,113,16.20,EMERALD+,support,2026-10-09T10:11Z
Mel,Seraphine,46.23,-1.6,0.4,47.83,199,16.20,EMERALD+,support,2026-10-09T10:11Z
Mel,Blitzcrank,46.39,-0.91,1.09,47.3,166,16.20,EMERALD+,support,2026-10-09T10:11Z
Mel,Thresh,47.73,1.25,3.24,46.48,264,16.20,EMERALD+,support,2026-10-09T10:11Z
Mel,Lulu,50.45,1.51,3.52,48.94,111,16.20,EMERALD+,support,2026-10-09T10:11Z
Milio,Blitzcrank,45.2,-2.1,-5.21,47.3,1031,16.20,EMERALD+,support,2026-10-09T10:11Z
Milio,Maokai,46.99,-0.87,-3.98,47.86,183,16.20,EMERALD+,support,2026-10-09T10:11Z
Milio,Vel'Koz,47.08,-1.26,-4.37,48.34,325,16.20,EMERALD+,support,2026-10-09T10:11Z
Milio,Poppy,48.05,0.25,-2.86,47.8,154,16.20,EMERALD+,support,2026-10-09T10:11Z
Milio,Leona,48.81,2.59,-0.51,46.22,1049,16.20,EMERALD+,support,2026-10-09T10:11Z
Milio,Rell,49.17,2.17,-0.94,47.0,421,16.20,EMERALD+,support,2026-10-09T10:11Z
Milio,Janna,49.22,2.18,-0.93,47.04,961,16.20,EMERALD+,support,2026-10-09T10:11Z
Milio,Taric,49.34,3.63,0.53,45.71,152,16.20,EMERALD+,support,2026-10-09T10:11Z
Milio,Braum,49.37,2.81,-0.3,46.56,794,16.20,EMERALD+,support,2026-10-09T10:11Z
Milio,Thresh,49.52,3.04,-0.07,46.48,2092,16.20,EMERALD+,support,2026-10-09T10:11Z
Milio,Alistar,49.64,1.75,-1.36,47.89,554,16.20,EMERALD+,support,2026-10-09T10:11Z
Milio,Lulu,49.83,0.89,-2.22,48.94,2699,16.20,EMERALD+,support,2026-10-09T10:11Z
Milio,Soraka,49.88,2.02,-1.09,47.86,808,16.20,EMERALD+,support,2026-10-09T10:11Z
Milio,Rakan,49.9,2.28,-0.83,47.62,485,16.20,EMERALD+,support,2026-10-09T10:11Z
Milio,Bard,50.72,0.86,-2.25,49.86,558,16.20,EMERALD+,support,2026-10-09T10:11Z
Milio,Zyra,50.96,2.64,-0.47,48.32,312,16.20,EMERALD+,support,2026-10-09T10:11Z
Milio,Karma,51.34,1.09,-2.02,50.25,1083,16.20,EMERALD+,support,2026-10-09T10:11Z
Milio,Nautilus,51.58,2.76,-0.35,48.82,1107,16.20,EMERALD+,support,2026-10-09T10:11Z
Milio,Nami,51.63,3.75,0.64,47.88,1658,16.20,EMERALD+,support,2026-10-09T10:11Z
Milio,Elise,51.92,4.01,0.9,47.91,104,16.20,EMERALD+,support,2026-10-09T10:11Z
Milio,Senna,52.17,4.68,1.57,47.49,738,16.20,EMERALD+,support,2026-10-09T10:11Z
Milio,Sona,52.35,5.57,2.46,46.78,405,16.20,EMERALD+,support,2026-10-09T10:11Z
Milio,Brand,52.63,3.7,0.59,48.93,266,16.20,EMERALD+,support,2026-10-09T10:11Z
Milio,Sylas,52.86,2.08,-1.03,50.78,140,16.20,EMERALD+,support,2026-10-09T10:11Z
Milio,Seraphine,52.97,5.14,2.03,47.83,1112,16.20,EMERALD+,support,2026-10-09T10:11Z
Milio,Pyke,53.0,4.17,1.06,48.83,700,16.20,EMERALD+,support,2026-10-09T10:11Z
Milio,Amumu,53.0,6.87,3.77,46.13,100,16.20,EMERALD+,support,2026-10-09T10:11Z
Milio,Lux,53.71,5.07,1.96,48.64,903,16.20,EMERALD+,support,2026-10-09T10:11Z
Milio,Neeko,53.92,5.16,2.05,48.76,217,16.20,EMERALD+,support,2026-10-09T10:11Z
Milio,Tahm Kench,54.29,6.63,3.52,47.66,315,16.20,EMERALD+,support,2026-10-09T10:11Z
Milio,Zilean,54.95,7.52,4.41,47.43,444,16.20,EMERALD+,support,2026-10-09T10:11Z
Milio,Pantheon,55.01,5.73,2.62,49.28,389,16.20,EMERALD+,support,2026-10-09T10:11Z
Milio,Yuumi,55.06,3.89,0.78,51.17,810,16.20,EMERALD+,support,2026-10-09T10:11Z
Milio,Renata Glasc,55.42,6.01,2.9,49.41,240,16.20,EMERALD+,support,2026-10-09T10:11Z
Milio,Morgana,55.67,7.86,4.75,47.81,582,16.20,EMERALD+,support,2026-10-09T10:11Z
Milio,Swain,56.62,6.26,3.15,50.36,355,16.20,EMERALD+,support,2026-10-09T10:11Z
Milio,Camille,57.78,6.05,2.94,51.73,135,16.20,EMERALD+,support,2026-10-09T10:11Z
Milio,Xerath,57.83,8.68,5.57,49.15,313,16.20,EMERALD+,support,2026-10-09T10:11Z
Milio,Ashe,60.63,7.82,4.72,52.81,127,16.20,EMERALD+,support,2026-10-09T10:11Z
Milio,Shaco,62.24,10.77,7.66,51.47,143,16.20,EMERALD+,support,2026-10-09T10:11Z
Morgana,Sona,44.63,-2.15,-5.8,46.78,177,16.20,EMERALD+,support,2026-10-09T10:11Z
Morgana,Senna,46.01,-1.48,-5.13,47.49,439,16.20,EMERALD+,support,2026-10-09T10:11Z
Morgana,Camille,47.17,-4.56,-8.2,51.73,106,16.20,EMERALD+,support,2026-10-09T10:11Z
Morgana,Nami,47.54,-0.34,-3.99,47.88,610,16.20,EMERALD+,support,2026-10-09T10:11Z
Morgana,Milio,47.56,-0.79,-4.44,48.35,595,16.20,EMERALD+,support,2026-10-09T10:11Z
Morgana,Janna,47.85,0.81,-2.84,47.04,395,16.20,EMERALD+,support,2026-10-09T10:11Z
Morgana,Yuumi,48.61,-2.56,-6.21,51.17,323,16.20,EMERALD+,support,2026-10-09T10:11Z
Morgana,Blitzcrank,48.99,1.69,-1.96,47.3,796,16.20,EMERALD+,support,2026-10-09T10:11Z
Morgana,Braum,49.52,2.96,-0.69,46.56,416,16.20,EMERALD+,support,2026-10-09T10:11Z
Morgana,Rell,50.86,3.86,0.21,47.0,291,16.20,EMERALD+,support,2026-10-09T10:11Z
Morgana,Seraphine,51.06,3.23,-0.42,47.83,564,16.20,EMERALD+,support,2026-10-09T10:11Z
Morgana,Alistar,51.59,3.7,0.05,47.89,440,16.20,EMERALD+,support,2026-10-09T10:11Z
Morgana,Xerath,51.71,2.56,-1.09,49.15,292,16.20,EMERALD+,support,2026-10-09T10:11Z
Morgana,Karma,51.87,1.62,-2.03,50.25,615,16.20,EMERALD+,support,2026-10-09T10:11Z
Morgana,Soraka,51.91,4.05,0.4,47.86,314,16.20,EMERALD+,support,2026-10-09T10:11Z
Morgana,Zilean,52.04,4.61,0.96,47.43,196,16.20,EMERALD+,support,2026-10-09T10:11Z
Morgana,Pantheon,52.08,2.8,-0.85,49.28,265,16.20,EMERALD+,support,2026-10-09T10:11Z
Morgana,Thresh,52.35,5.87,2.22,46.48,1809,16.20,EMERALD+,support,2026-10-09T10:11Z
Morgana,Tahm Kench,52.46,4.8,1.15,47.66,244,16.20,EMERALD+,support,2026-10-09T10:11Z
Morgana,Lulu,52.84,3.9,0.25,48.94,880,16.20,EMERALD+,support,2026-10-09T10:11Z
Morgana,Brand,52.94,4.01,0.36,48.93,238,16.20,EMERALD+,support,2026-10-09T10:11Z
Morgana,Neeko,53.02,4.26,0.61,48.76,149,16.20,EMERALD+,support,2026-10-09T10:11Z
Morgana,Maokai,53.15,5.29,1.64,47.86,111,16.20,EMERALD+,support,2026-10-09T10:11Z
Morgana,Zyra,53.81,5.49,1.84,48.32,210,16.20,EMERALD+,support,2026-10-09T10:11Z
Morgana,Leona,53.97,7.75,4.11,46.22,969,16.20,EMERALD+,support,2026-10-09T10:11Z
Morgana,Nautilus,54.48,5.66,2.01,48.82,1127,16.20,EMERALD+,support,2026-10-09T10:11Z
Morgana,Lux,54.53,5.89,2.24,48.64,717,16.20,EMERALD+,support,2026-10-09T10:11Z
Morgana,Swain,54.8,4.44,0.79,50.36,250,16.20,EMERALD+,support,2026-10-09T10:11Z
Morgana,Bard,55.7,5.84,2.19,49.86,307,16.20,EMERALD+,support,2026-10-09T10:11Z
Morgana,Pyke,56.02,7.19,3.54,48.83,523,16.20,EMERALD+,support,2026-10-09T10:11Z
Morgana,Rakan,56.34,8.72,5.07,47.62,268,16.20,EMERALD+,support,2026-10-09T10:11Z
Morgana,Vel'Koz,56.42,8.08,4.43,48.34,218,16.20,EMERALD+,support,2026-10-09T10:11Z
Nami,Zoe,44.14,-6.03,-9.61,50.17,145,16.20,EMERALD+,support,2026-10-09T10:11Z
Nami,Elise,45.26,-2.65,-6.23,47.91,137,16.20,EMERALD+,support,2026-10-09T10:11Z
Nami,Camille,47.95,-3.78,-7.35,51.73,219,16.20,EMERALD+,support,2026-10-09T10:11Z
Nami,Alistar,48.06,0.17,-3.41,47.89,618,16.20,EMERALD+,support,2026-10-09T10:11Z
Nami,Braum,48.17,1.61,-1.97,46.56,872,16.20,EMERALD+,support,2026-10-09T10:11Z
Nami,Leona,48.26,2.04,-1.53,46.22,1119,16.20,EMERALD+,support,2026-10-09T10:11Z
Nami,Renata Glasc,48.62,-0.79,-4.37,49.41,290,16.20,EMERALD+,support,2026-10-09T10:11Z
Nami,Galio,48.8,2.38,-1.2,46.42,125,16.20,EMERALD+,support,2026-10-09T10:11Z
Nami,Zyra,49.11,0.79,-2.79,48.32,505,16.20,EMERALD+,support,2026-10-09T10:11Z
Nami,Thresh,49.36,2.88,-0.7,46.48,2498,16.20,EMERALD+,support,2026-10-09T10:11Z
Nami,Blitzcrank,49.56,2.26,-1.32,47.3,1031,16.20,EMERALD+,support,2026-10-09T10:11Z
Nami,Neeko,50.2,1.44,-2.14,48.76,253,16.20,EMERALD+,support,2026-10-09T10:11Z
Nami,Nautilus,50.36,1.54,-2.04,48.82,1547,16.20,EMERALD+,support,2026-10-09T10:11Z
Nami,Janna,50.5,3.46,-0.12,47.04,1507,16.20,EMERALD+,support,2026-10-09T10:11Z
Nami,Pantheon,50.51,1.23,-2.35,49.28,489,16.20,EMERALD+,support,2026-10-09T10:11Z
Nami,Sona,50.58,3.8,0.22,46.78,599,16.20,EMERALD+,support,2026-10-09T10:11Z
Nami,Senna,51.05,3.56,-0.02,47.49,1052,16.20,EMERALD+,support,2026-10-09T10:11Z
Nami,Milio,51.26,2.91,-0.67,48.35,1668,16.20,EMERALD+,support,2026-10-09T10:11Z
Nami,Hwei,51.43,3.78,0.2,47.65,105,16.20,EMERALD+,support,2026-10-09T10:11Z
Nami,Rell,51.52,4.52,0.94,47.0,528,16.20,EMERALD+,support,2026-10-09T10:11Z
Nami,Vel'Koz,51.69,3.35,-0.23,48.34,474,16.20,EMERALD+,support,2026-10-09T10:11Z
Nami,Zilean,51.69,4.26,0.68,47.43,563,16.20,EMERALD+,support,2026-10-09T10:11Z
Nami,Seraphine,51.79,3.96,0.38,47.83,1344,16.20,EMERALD+,support,2026-10-09T10:11Z
Nami,Rakan,51.95,4.33,0.75,47.62,591,16.20,EMERALD+,support,2026-10-09T10:11Z
Nami,Lulu,52.31,3.37,-0.21,48.94,3009,16.20,EMERALD+,support,2026-10-09T10:11Z
Nami,Pyke,52.53,3.7,0.12,48.83,849,16.20,EMERALD+,support,2026-10-09T10:11Z
Nami,Maokai,52.89,5.03,1.45,47.86,242,16.20,EMERALD+,support,2026-10-09T10:11Z
Nami,Soraka,52.99,5.13,1.55,47.86,1155,16.20,EMERALD+,support,2026-10-09T10:11Z
Nami,Shen,53.7,4.07,0.49,49.63,108,16.20,EMERALD+,support,2026-10-09T10:11Z
Nami,Bard,53.75,3.89,0.31,49.86,774,16.20,EMERALD+,support,2026-10-09T10:11Z
Nami,Tahm Kench,54.04,6.38,2.8,47.66,433,16.20,EMERALD+,support,2026-10-09T10:11Z
Nami,Yuumi,54.4,3.23,-0.35,51.17,1068,16.20,EMERALD+,support,2026-10-09T10:11Z
Nami,Karma,54.75,4.5,0.92,50.25,1379,16.20,EMERALD+,support,2026-10-09T10:11Z
Nami,Shaco,55.0,3.53,-0.05,51.47,160,16.20,EMERALD+,support,2026-10-09T10:11Z
Nami,Morgana,55.05,7.24,3.66,47.81,634,16.20,EMERALD+,support,2026-10-09T10:11Z
Nami,LeBlanc,55.15,6.42,2.84,48.73,136,16.20,EMERALD+,support,2026-10-09T10:11Z
Nami,Ashe,55.83,3.02,-0.55,52.81,120,16.20,EMERALD+,support,2026-10-09T10:11Z
Nami,Brand,55.86,6.93,3.35,48.93,401,16.20,EMERALD+,support,2026-10-09T10:11Z
Nami,Xerath,56.23,7.08,3.5,49.15,377,16.20,EMERALD+,support,2026-10-09T10:11Z
Nami,Poppy,57.43,9.63,6.05,47.8,202,16.20,EMERALD+,support,2026-10-09T10:11Z
Nami,Taric,57.64,11.93,8.36,45.71,203,16.20,EMERALD+,support,2026-10-09T10:11Z
Nami,Lux,57.87,9.23,5.65,48.64,1144,16.20,EMERALD+,support,2026-10-09T10:11Z
Nami,Swain,60.52,10.16,6.58,50.36,423,16.20,EMERALD+,support,2026-10-09T10:11Z
Nami,Sylas,60.81,10.03,6.45,50.78,148,16.20,EMERALD+,support,2026-10-09T10:11Z
Nautilus,Rell,44.37,-2.63,-5.27,47.0,994,16.20,EMERALD+,support,2026-10-09T10:11Z
Nautilus,Braum,44.87,-1.69,-4.33,46.56,2006,16.20,EMERALD+,support,2026-10-09T10:11Z
Nautilus,Leona,45.55,-0.67,-3.31,46.22,1785,16.20,EMERALD+,support,2026-10-09T10:11Z
Nautilus,Taric,45.73,0.02,-2.61,45.71,328,16.20,EMERALD+,support,2026-10-09T10:11Z
Nautilus,Renata Glasc,45.83,-3.58,-6.22,49.41,336,16.20,EMERALD+,support,2026-10-09T10:11Z
Nautilus,Galio,46.15,-0.27,-2.91,46.42,156,16.20,EMERALD+,support,2026-10-09T10:11Z
Nautilus,Maokai,46.79,-1.07,-3.71,47.86,280,16.20,EMERALD+,support,2026-10-09T10:11Z
Nautilus,Thresh,46.81,0.33,-2.31,46.48,3371,16.20,EMERALD+,support,2026-10-09T10:11Z
Nautilus,Alistar,47.55,-0.34,-2.98,47.89,1205,16.20,EMERALD+,support,2026-10-09T10:11Z
Nautilus,Elise,47.95,0.04,-2.6,47.91,171,16.20,EMERALD+,support,2026-10-09T10:11Z
Nautilus,Poppy,48.12,0.32,-2.32,47.8,426,16.20,EMERALD+,support,2026-10-09T10:11Z
Nautilus,Morgana,48.92,1.11,-1.53,47.81,1108,16.20,EMERALD+,support,2026-10-09T10:11Z
Nautilus,Hwei,48.95,1.3,-1.34,47.65,143,16.20,EMERALD+,support,2026-10-09T10:11Z
Nautilus,Rakan,48.98,1.36,-1.28,47.62,782,16.20,EMERALD+,support,2026-10-09T10:11Z
Nautilus,Tahm Kench,49.56,1.9,-0.74,47.66,567,16.20,EMERALD+,support,2026-10-09T10:11Z
Nautilus,Swain,49.68,-0.68,-3.32,50.36,618,16.20,EMERALD+,support,2026-10-09T10:11Z
Nautilus,Soraka,50.43,2.57,-0.07,47.86,819,16.20,EMERALD+,support,2026-10-09T10:11Z
Nautilus,Shaco,50.68,-0.79,-3.43,51.47,221,16.20,EMERALD+,support,2026-10-09T10:11Z
Nautilus,Seraphine,50.98,3.15,0.51,47.83,1175,16.20,EMERALD+,support,2026-10-09T10:11Z
Nautilus,Sylas,51.1,0.32,-2.32,50.78,272,16.20,EMERALD+,support,2026-10-09T10:11Z
Nautilus,Milio,51.28,2.93,0.29,48.35,1129,16.20,EMERALD+,support,2026-10-09T10:11Z
Nautilus,Zilean,51.47,4.04,1.4,47.43,509,16.20,EMERALD+,support,2026-10-09T10:11Z
Nautilus,Neeko,51.56,2.8,0.16,48.76,320,16.20,EMERALD+,support,2026-10-09T10:11Z
Nautilus,Nami,51.77,3.89,1.25,47.88,1551,16.20,EMERALD+,support,2026-10-09T10:11Z
Nautilus,Janna,52.09,5.05,2.41,47.04,1075,16.20,EMERALD+,support,2026-10-09T10:11Z
Nautilus,Lux,52.1,3.46,0.82,48.64,1309,16.20,EMERALD+,support,2026-10-09T10:11Z
Nautilus,Blitzcrank,52.65,5.35,2.71,47.3,1375,16.20,EMERALD+,support,2026-10-09T10:11Z
Nautilus,Bard,52.91,3.05,0.41,49.86,945,16.20,EMERALD+,support,2026-10-09T10:11Z
Nautilus,Zyra,52.96,4.64,2.0,48.32,389,16.20,EMERALD+,support,2026-10-09T10:11Z
Nautilus,Lulu,53.06,4.12,1.48,48.94,2612,16.20,EMERALD+,support,2026-10-09T10:11Z
Nautilus,Anivia,53.77,3.77,1.13,50.0,106,16.20,EMERALD+,support,2026-10-09T10:11Z
Nautilus,Senna,54.13,6.64,4.0,47.49,1077,16.20,EMERALD+,support,2026-10-09T10:11Z
Nautilus,Brand,54.16,5.23,2.59,48.93,421,16.20,EMERALD+,support,2026-10-09T10:11Z
Nautilus,Pyke,54.32,5.49,2.85,48.83,1285,16.20,EMERALD+,support,2026-10-09T10:11Z
Nautilus,Pantheon,54.43,5.15,2.51,49.28,700,16.20,EMERALD+,support,2026-10-09T10:11Z
Nautilus,Vel'Koz,54.53,6.19,3.55,48.34,530,16.20,EMERALD+,support,2026-10-09T10:11Z
Nautilus,Karma,54.8,4.55,1.91,50.25,1343,16.20,EMERALD+,support,2026-10-09T10:11Z
Nautilus,Shen,54.89,5.26,2.62,49.63,133,16.20,EMERALD+,support,2026-10-09T10:11Z
Nautilus,Amumu,55.05,8.92,6.28,46.13,109,16.20,EMERALD+,support,2026-10-09T10:11Z
Nautilus,Sona,55.51,8.73,6.09,46.78,445,16.20,EMERALD+,support,2026-10-09T10:11Z
Nautilus,Zoe,56.6,6.43,3.79,50.17,159,16.20,EMERALD+,support,2026-10-09T10:11Z
Nautilus,LeBlanc,57.14,8.41,5.77,48.73,161,16.20,EMERALD+,support,2026-10-09T10:11Z
Nautilus,Yuumi,57.23,6.06,3.42,51.17,1286,16.20,EMERALD+,support,2026-10-09T10:11Z
Nautilus,Xerath,58.02,8.87,6.23,49.15,655,16.20,EMERALD+,support,2026-10-09T10:11Z
Nautilus,Camille,58.53,6.8,4.16,51.73,340,16.20,EMERALD+,support,2026-10-09T10:11Z
Nautilus,Ashe,60.47,7.66,5.03,52.81,129,16.20,EMERALD+,support,2026-10-09T10:11Z
Neeko,Senna,45.74,-1.75,-4.45,47.49,188,16.20,EMERALD+,support,2026-10-09T10:11Z
Neeko,Seraphine,46.35,-1.48,-4.18,47.83,233,16.20,EMERALD+,support,2026-10-09T10:11Z
Neeko,Janna,46.37,-0.67,-3.37,47.04,179,16.20,EMERALD+,support,2026-10-09T10:11Z
Neeko,Thresh,47.86,1.38,-1.32,46.48,583,16.20,EMERALD+,support,2026-10-09T10:11Z
Neeko,Alistar,47.96,0.07,-2.63,47.89,221,16.20,EMERALD+,support,2026-10-09T10:11Z
Neeko,Braum,49.44,2.88,0.18,46.56,178,16.20,EMERALD+,support,2026-10-09T10:11Z
Neeko,Lulu,49.55,0.61,-2.09,48.94,444,16.20,EMERALD+,support,2026-10-09T10:11Z
Neeko,Bard,49.75,-0.11,-2.81,49.86,203,16.20,EMERALD+,support,2026-10-09T10:11Z
Neeko,Yuumi,50.28,-0.89,-3.59,51.17,177,16.20,EMERALD+,support,2026-10-09T10:11Z
Neeko,Milio,50.68,2.33,-0.37,48.35,219,16.20,EMERALD+,support,2026-10-09T10:11Z
Neeko,Karma,50.93,0.68,-2.02,50.25,269,16.20,EMERALD+,support,2026-10-09T10:11Z
Neeko,Pyke,50.97,2.14,-0.56,48.83,206,16.20,EMERALD+,support,2026-10-09T10:11Z
Neeko,Leona,51.53,5.31,2.61,46.22,229,16.20,EMERALD+,support,2026-10-09T10:11Z
Neeko,Nami,51.94,4.06,1.36,47.88,258,16.20,EMERALD+,support,2026-10-09T10:11Z
Neeko,Rell,52.38,5.38,2.68,47.0,126,16.20,EMERALD+,support,2026-10-09T10:11Z
Neeko,Nautilus,52.4,3.58,0.88,48.82,313,16.20,EMERALD+,support,2026-10-09T10:11Z
Neeko,Soraka,52.41,4.55,1.85,47.86,145,16.20,EMERALD+,support,2026-10-09T10:11Z
Neeko,Lux,52.5,3.86,1.16,48.64,240,16.20,EMERALD+,support,2026-10-09T10:11Z
Neeko,Morgana,52.7,4.89,2.19,47.81,148,16.20,EMERALD+,support,2026-10-09T10:11Z
Neeko,Rakan,53.42,5.8,3.1,47.62,146,16.20,EMERALD+,support,2026-10-09T10:11Z
Neeko,Blitzcrank,53.69,6.39,3.69,47.3,203,16.20,EMERALD+,support,2026-10-09T10:11Z
Neeko,Pantheon,53.98,4.7,2.0,49.28,113,16.20,EMERALD+,support,2026-10-09T10:11Z
Neeko,Zyra,55.56,7.24,4.54,48.32,108,16.20,EMERALD+,support,2026-10-09T10:11Z
Neeko,Swain,56.48,6.12,3.42,50.36,108,16.20,EMERALD+,support,2026-10-09T10:11Z
Neeko,Xerath,64.55,15.4,12.7,49.15,110,16.20,EMERALD+,support,2026-10-09T10:11Z
Pantheon,Rell,45.45,-1.55,-3.73,47.0,242,16.20,EMERALD+,support,2026-10-09T10:11Z
Pantheon,Maokai,46.49,-1.37,-3.55,47.86,114,16.20,EMERALD+,support,2026-10-09T10:11Z
Pantheon,Leona,46.79,0.57,-1.61,46.22,530,16.20,EMERALD+,support,2026-10-09T10:11Z
Pantheon,Poppy,47.35,-0.45,-2.63,47.8,245,16.20,EMERALD+,support,2026-10-09T10:11Z
Pantheon,Janna,47.45,0.41,-1.77,47.04,314,16.20,EMERALD+,support,2026-10-09T10:11Z
Pantheon,Karma,47.63,-2.62,-4.8,50.25,464,16.20,EMERALD+,support,2026-10-09T10:11Z
Pantheon,Thresh,47.66,1.18,-1.0,46.48,1070,16.20,EMERALD+,support,2026-10-09T10:11Z
Pantheon,Renata Glasc,48.04,-1.37,-3.55,49.41,102,16.20,EMERALD+,support,2026-10-09T10:11Z
Pantheon,Bard,48.71,-1.15,-3.33,49.86,310,16.20,EMERALD+,support,2026-10-09T10:11Z
Pantheon,Pyke,49.43,0.6,-1.58,48.83,522,16.20,EMERALD+,support,2026-10-09T10:11Z
Pantheon,Rakan,49.61,1.99,-0.19,47.62,254,16.20,EMERALD+,support,2026-10-09T10:11Z
Pantheon,Camille,49.73,-2.0,-4.18,51.73,183,16.20,EMERALD+,support,2026-10-09T10:11Z
Pantheon,Lulu,49.87,0.93,-1.25,48.94,772,16.20,EMERALD+,support,2026-10-09T10:11Z
Pantheon,Neeko,50.0,1.24,-0.94,48.76,114,16.20,EMERALD+,support,2026-10-09T10:11Z
Pantheon,Nautilus,50.3,1.48,-0.7,48.82,674,16.20,EMERALD+,support,2026-10-09T10:11Z
Pantheon,Seraphine,50.31,2.48,0.3,47.83,318,16.20,EMERALD+,support,2026-10-09T10:11Z
Pantheon,Soraka,50.55,2.69,0.51,47.86,271,16.20,EMERALD+,support,2026-10-09T10:11Z
Pantheon,Tahm Kench,50.71,3.05,0.87,47.66,211,16.20,EMERALD+,support,2026-10-09T10:11Z
Pantheon,Blitzcrank,50.78,3.48,1.3,47.3,451,16.20,EMERALD+,support,2026-10-09T10:11Z
Pantheon,Braum,50.86,4.3,2.12,46.56,407,16.20,EMERALD+,support,2026-10-09T10:11Z
Pantheon,Milio,51.23,2.88,0.7,48.35,367,16.20,EMERALD+,support,2026-10-09T10:11Z
Pantheon,Senna,51.26,3.77,1.59,47.49,318,16.20,EMERALD+,support,2026-10-09T10:11Z
Pantheon,Alistar,51.38,3.49,1.31,47.89,434,16.20,EMERALD+,support,2026-10-09T10:11Z
Pantheon,Xerath,52.06,2.91,0.73,49.15,194,16.20,EMERALD+,support,2026-10-09T10:11Z
Pantheon,Brand,52.2,3.27,1.09,48.93,182,16.20,EMERALD+,support,2026-10-09T10:11Z
Pantheon,Vel'Koz,52.21,3.87,1.69,48.34,136,16.20,EMERALD+,support,2026-10-09T10:11Z
Pantheon,Swain,52.23,1.87,-0.31,50.36,224,16.20,EMERALD+,support,2026-10-09T10:11Z
Pantheon,Morgana,52.53,4.72,2.54,47.81,257,16.20,EMERALD+,support,2026-10-09T10:11Z
Pantheon,Zilean,52.67,5.24,3.06,47.43,150,16.20,EMERALD+,support,2026-10-09T10:11Z
Pantheon,Yuumi,53.11,1.94,-0.24,51.17,531,16.20,EMERALD+,support,2026-10-09T10:11Z
Pantheon,Lux,53.23,4.59,2.41,48.64,464,16.20,EMERALD+,support,2026-10-09T10:11Z
Pantheon,Sona,53.47,6.69,4.51,46.78,144,16.20,EMERALD+,support,2026-10-09T10:11Z
Pantheon,Nami,53.47,5.59,3.41,47.88,490,16.20,EMERALD+,support,2026-10-09T10:11Z
Pantheon,Sylas,55.47,4.69,2.51,50.78,128,16.20,EMERALD+,support,2026-10-09T10:11Z
Pantheon,Zyra,55.63,7.31,5.13,48.32,142,16.20,EMERALD+,support,2026-10-09T10:11Z
Pantheon,Shaco,58.0,6.53,4.35,51.47,100,16.20,EMERALD+,support,2026-10-09T10:11Z
Poppy,Senna,45.69,-1.8,-5.46,47.49,116,16.20,EMERALD+,support,2026-10-09T10:11Z
Poppy,Nami,45.81,-2.07,-5.73,47.88,203,16.20,EMERALD+,support,2026-10-09T10:11Z
Poppy,Alistar,47.09,-0.8,-4.46,47.89,378,16.20,EMERALD+,support,2026-10-09T10:11Z
Poppy,Bard,47.22,-2.64,-6.3,49.86,144,16.20,EMERALD+,support,2026-10-09T10:11Z
Poppy,Janna,47.83,0.79,-2.87,47.04,161,16.20,EMERALD+,support,2026-10-09T10:11Z
Poppy,Leona,49.39,3.17,-0.48,46.22,407,16.20,EMERALD+,support,2026-10-09T10:11Z
Poppy,Lulu,49.69,0.75,-2.91,48.94,318,16.20,EMERALD+,support,2026-10-09T10:11Z
Poppy,Thresh,49.8,3.32,-0.34,46.48,506,16.20,EMERALD+,support,2026-10-09T10:11Z
Poppy,Braum,50.27,3.71,0.05,46.56,185,16.20,EMERALD+,support,2026-10-09T10:11Z
Poppy,Karma,51.46,1.21,-2.45,50.25,171,16.20,EMERALD+,support,2026-10-09T10:11Z
Poppy,Lux,51.92,3.28,-0.38,48.64,156,16.20,EMERALD+,support,2026-10-09T10:11Z
Poppy,Rell,52.33,5.33,1.67,47.0,258,16.20,EMERALD+,support,2026-10-09T10:11Z
Poppy,Nautilus,52.44,3.62,-0.04,48.82,410,16.20,EMERALD+,support,2026-10-09T10:11Z
Poppy,Blitzcrank,52.88,5.58,1.92,47.3,208,16.20,EMERALD+,support,2026-10-09T10:11Z
Poppy,Milio,53.9,5.55,1.89,48.35,154,16.20,EMERALD+,support,2026-10-09T10:11Z
Poppy,Rakan,54.05,6.43,2.77,47.62,259,16.20,EMERALD+,support,2026-10-09T10:11Z
Poppy,Seraphine,55.29,7.46,3.8,47.83,170,16.20,EMERALD+,support,2026-10-09T10:11Z
Poppy,Yuumi,55.56,4.39,0.73,51.17,189,16.20,EMERALD+,support,2026-10-09T10:11Z
Poppy,Pantheon,55.82,6.54,2.88,49.28,249,16.20,EMERALD+,support,2026-10-09T10:11Z
Poppy,Pyke,57.33,8.5,4.84,48.83,300,16.20,EMERALD+,support,2026-10-09T10:11Z
Poppy,Camille,57.42,5.69,2.04,51.73,155,16.20,EMERALD+,support,2026-10-09T10:11Z
Pyke,Elise,39.39,-8.52,-11.15,47.91,132,16.20,EMERALD+,support,2026-10-09T10:11Z
Pyke,Rakan,44.14,-3.48,-6.11,47.62,734,16.20,EMERALD+,support,2026-10-09T10:11Z
Pyke,Poppy,45.3,-2.5,-5.13,47.8,287,16.20,EMERALD+,support,2026-10-09T10:11Z
Pyke,Soraka,46.45,-1.41,-4.04,47.86,648,16.20,EMERALD+,support,2026-10-09T10:11Z
Pyke,Renata Glasc,46.6,-2.81,-5.44,49.41,191,16.20,EMERALD+,support,2026-10-09T10:11Z
Pyke,Morgana,47.67,-0.14,-2.77,47.81,516,16.20,EMERALD+,support,2026-10-09T10:11Z
Pyke,Blitzcrank,48.67,1.37,-1.26,47.3,789,16.20,EMERALD+,support,2026-10-09T10:11Z
Pyke,Thresh,48.71,2.23,-0.4,46.48,2020,16.20,EMERALD+,support,2026-10-09T10:11Z
Pyke,Nautilus,49.13,0.31,-2.32,48.82,1268,16.20,EMERALD+,support,2026-10-09T10:11Z
Pyke,Milio,49.15,0.8,-1.83,48.35,708,16.20,EMERALD+,support,2026-10-09T10:11Z
Pyke,Leona,49.39,3.17,0.54,46.22,903,16.20,EMERALD+,support,2026-10-09T10:11Z
Pyke,Rell,49.4,2.4,-0.23,47.0,419,16.20,EMERALD+,support,2026-10-09T10:11Z
Pyke,Maokai,49.64,1.78,-0.85,47.86,278,16.20,EMERALD+,support,2026-10-09T10:11Z
Pyke,Karma,50.13,-0.12,-2.75,50.25,760,16.20,EMERALD+,support,2026-10-09T10:11Z
Pyke,Janna,50.39,3.35,0.72,47.04,643,16.20,EMERALD+,support,2026-10-09T10:11Z
Pyke,Alistar,50.46,2.57,-0.06,47.89,652,16.20,EMERALD+,support,2026-10-09T10:11Z
Pyke,Braum,50.99,4.43,1.8,46.56,655,16.20,EMERALD+,support,2026-10-09T10:11Z
Pyke,Nami,50.99,3.11,0.48,47.88,859,16.20,EMERALD+,support,2026-10-09T10:11Z
Pyke,Neeko,51.27,2.51,-0.12,48.76,197,16.20,EMERALD+,support,2026-10-09T10:11Z
Pyke,Bard,51.34,1.48,-1.15,49.86,522,16.20,EMERALD+,support,2026-10-09T10:11Z
Pyke,Senna,51.62,4.13,1.5,47.49,556,16.20,EMERALD+,support,2026-10-09T10:11Z
Pyke,Xerath,51.85,2.7,0.07,49.15,405,16.20,EMERALD+,support,2026-10-09T10:11Z
Pyke,LeBlanc,51.96,3.23,0.6,48.73,102,16.20,EMERALD+,support,2026-10-09T10:11Z
Pyke,Seraphine,52.28,4.45,1.82,47.83,679,16.20,EMERALD+,support,2026-10-09T10:11Z
Pyke,Lulu,52.58,3.64,1.01,48.94,1358,16.20,EMERALD+,support,2026-10-09T10:11Z
Pyke,Galio,52.88,6.46,3.83,46.42,104,16.20,EMERALD+,support,2026-10-09T10:11Z
Pyke,Yuumi,52.92,1.75,-0.88,51.17,754,16.20,EMERALD+,support,2026-10-09T10:11Z
Pyke,Taric,53.03,7.32,4.7,45.71,132,16.20,EMERALD+,support,2026-10-09T10:11Z
Pyke,Sona,53.23,6.45,3.82,46.78,248,16.20,EMERALD+,support,2026-10-09T10:11Z
Pyke,Zilean,53.57,6.14,3.51,47.43,280,16.20,EMERALD+,support,2026-10-09T10:11Z
Pyke,Pantheon,53.63,4.35,1.72,49.28,524,16.20,EMERALD+,support,2026-10-09T10:11Z
Pyke,Brand,54.05,5.12,2.49,48.93,259,16.20,EMERALD+,support,2026-10-09T10:11Z
Pyke,Vel'Koz,54.55,6.21,3.58,48.34,242,16.20,EMERALD+,support,2026-10-09T10:11Z
Pyke,Camille,55.08,3.35,0.72,51.73,256,16.20,EMERALD+,support,2026-10-09T10:11Z
Pyke,Zoe,55.46,5.29,2.66,50.17,119,16.20,EMERALD+,support,2026-10-09T10:11Z
Pyke,Lux,55.63,6.99,4.36,48.64,888,16.20,EMERALD+,support,2026-10-09T10:11Z
Pyke,Ashe,56.44,3.63,1.01,52.81,101,16.20,EMERALD+,support,2026-10-09T10:11Z
Pyke,Tahm Kench,57.23,9.57,6.94,47.66,332,16.20,EMERALD+,support,2026-10-09T10:11Z
Pyke,Zyra,57.27,8.95,6.32,48.32,227,16.20,EMERALD+,support,2026-10-09T10:11Z
Pyke,Sylas,57.67,6.89,4.26,50.78,189,16.20,EMERALD+,support,2026-10-09T10:11Z
Pyke,Mel,57.89,4.41,1.79,53.48,114,16.20,EMERALD+,support,2026-10-09T10:11Z
Pyke,Swain,58.02,7.66,5.03,50.36,343,16.20,EMERALD+,support,2026-10-09T10:11Z
Pyke,Shaco,62.66,11.19,8.56,51.47,158,16.20,EMERALD+,support,2026-10-09T10:11Z
Rakan,Swain,43.81,-6.55,-10.39,50.36,226,16.20,EMERALD+,support,2026-10-09T10:11Z
Rakan,Rell,44.83,-2.17,-6.01,47.0,319,16.20,EMERALD+,support,2026-10-09T10:11Z
Rakan,Morgana,45.08,-2.73,-6.57,47.81,264,16.20,EMERALD+,support,2026-10-09T10:11Z
Rakan,Zilean,45.37,-2.06,-5.9,47.43,205,16.20,EMERALD+,support,2026-10-09T10:11Z
Rakan,Neeko,46.36,-2.4,-6.24,48.76,151,16.20,EMERALD+,support,2026-10-09T10:11Z
Rakan,Renata Glasc,46.98,-2.43,-6.27,49.41,149,16.20,EMERALD+,support,2026-10-09T10:11Z
Rakan,Janna,47.32,0.28,-3.56,47.04,467,16.20,EMERALD+,support,2026-10-09T10:11Z
Rakan,Poppy,47.64,-0.16,-4.0,47.8,254,16.20,EMERALD+,support,2026-10-09T10:11Z
Rakan,Xerath,48.97,-0.18,-4.02,49.15,145,16.20,EMERALD+,support,2026-10-09T10:11Z
Rakan,Sona,49.42,2.64,-1.2,46.78,172,16.20,EMERALD+,support,2026-10-09T10:11Z
Rakan,Leona,49.81,3.59,-0.24,46.22,540,16.20,EMERALD+,support,2026-10-09T10:11Z
Rakan,Nami,49.92,2.04,-1.8,47.88,607,16.20,EMERALD+,support,2026-10-09T10:11Z
Rakan,Bard,50.55,0.69,-3.15,49.86,366,16.20,EMERALD+,support,2026-10-09T10:11Z
Rakan,Senna,50.64,3.15,-0.69,47.49,389,16.20,EMERALD+,support,2026-10-09T10:11Z
Rakan,Karma,50.82,0.57,-3.27,50.25,488,16.20,EMERALD+,support,2026-10-09T10:11Z
Rakan,Thresh,52.23,5.75,1.91,46.48,1365,16.20,EMERALD+,support,2026-10-09T10:11Z
Rakan,Zyra,52.23,3.91,0.07,48.32,157,16.20,EMERALD+,support,2026-10-09T10:11Z
Rakan,Milio,52.64,4.29,0.45,48.35,473,16.20,EMERALD+,support,2026-10-09T10:11Z
Rakan,Tahm Kench,53.25,5.59,1.75,47.66,231,16.20,EMERALD+,support,2026-10-09T10:11Z
Rakan,Alistar,53.26,5.37,1.53,47.89,567,16.20,EMERALD+,support,2026-10-09T10:11Z
Rakan,Seraphine,53.39,5.56,1.72,47.83,442,16.20,EMERALD+,support,2026-10-09T10:11Z
Rakan,Nautilus,53.51,4.69,0.85,48.82,770,16.20,EMERALD+,support,2026-10-09T10:11Z
Rakan,Blitzcrank,53.75,6.45,2.61,47.3,493,16.20,EMERALD+,support,2026-10-09T10:11Z
Rakan,Soraka,53.77,5.91,2.07,47.86,318,16.20,EMERALD+,support,2026-10-09T10:11Z
Rakan,Lulu,53.77,4.83,0.99,48.94,956,16.20,EMERALD+,support,2026-10-09T10:11Z
Rakan,Braum,53.89,7.33,3.49,46.56,514,16.20,EMERALD+,support,2026-10-09T10:11Z
Rakan,Lux,53.97,5.33,1.49,48.64,378,16.20,EMERALD+,support,2026-10-09T10:11Z
Rakan,Pantheon,54.33,5.05,1.21,49.28,254,16.20,EMERALD+,support,2026-10-09T10:11Z
Rakan,Vel'Koz,55.36,7.02,3.18,48.34,168,16.20,EMERALD+,support,2026-10-09T10:11Z
Rakan,Yuumi,56.01,4.84,1.0,51.17,441,16.20,EMERALD+,support,2026-10-09T10:11Z
Rakan,Pyke,56.37,7.54,3.7,48.83,706,16.20,EMERALD+,support,2026-10-09T10:11Z
Rakan,Brand,57.48,8.55,4.71,48.93,127,16.20,EMERALD+,support,2026-10-09T10:11Z
Rakan,Maokai,60.48,12.62,8.78,47.86,124,16.20,EMERALD+,support,2026-10-09T10:11Z
Rakan,Shaco,65.0,13.53,9.7,51.47,100,16.20,EMERALD+,support,2026-10-09T10:11Z
Rell,Taric,40.38,-5.33,-9.78,45.71,104,16.20,EMERALD+,support,2026-10-09T10:11Z
Rell,Zyra,44.81,-3.51,-7.97,48.32,183,16.20,EMERALD+,support,2026-10-09T10:11Z
Rell,Zilean,45.5,-1.93,-6.39,47.43,222,16.20,EMERALD+,support,2026-10-09T10:11Z
Rell,Alistar,48.07,0.18,-4.28,47.89,699,16.20,EMERALD+,support,2026-10-09T10:11Z
Rell,Thresh,49.3,2.82,-1.64,46.48,1142,16.20,EMERALD+,support,2026-10-09T10:11Z
Rell,Neeko,49.6,0.84,-3.62,48.76,125,16.20,EMERALD+,support,2026-10-09T10:11Z
Rell,Nami,49.71,1.83,-2.63,47.88,517,16.20,EMERALD+,support,2026-10-09T10:11Z
Rell,Renata Glasc,50.38,0.97,-3.49,49.41,133,16.20,EMERALD+,support,2026-10-09T10:11Z
Rell,Morgana,50.53,2.72,-1.74,47.81,281,16.20,EMERALD+,support,2026-10-09T10:11Z
Rell,Leona,50.86,4.64,0.18,46.22,639,16.20,EMERALD+,support,2026-10-09T10:11Z
Rell,Janna,51.21,4.17,-0.29,47.04,494,16.20,EMERALD+,support,2026-10-09T10:11Z
Rell,Poppy,51.22,3.42,-1.04,47.8,246,16.20,EMERALD+,support,2026-10-09T10:11Z
Rell,Lulu,51.51,2.57,-1.89,48.94,1029,16.20,EMERALD+,support,2026-10-09T10:11Z
Rell,Senna,51.81,4.32,-0.14,47.49,359,16.20,EMERALD+,support,2026-10-09T10:11Z
Rell,Braum,52.41,5.85,1.39,46.56,435,16.20,EMERALD+,support,2026-10-09T10:11Z
Rell,Seraphine,52.48,4.65,0.19,47.83,383,16.20,EMERALD+,support,2026-10-09T10:11Z
Rell,Tahm Kench,52.52,4.86,0.4,47.66,278,16.20,EMERALD+,support,2026-10-09T10:11Z
Rell,Maokai,52.99,5.13,0.67,47.86,117,16.20,EMERALD+,support,2026-10-09T10:11Z
Rell,Milio,53.24,4.89,0.43,48.35,417,16.20,EMERALD+,support,2026-10-09T10:11Z
Rell,Swain,53.62,3.26,-1.2,50.36,207,16.20,EMERALD+,support,2026-10-09T10:11Z
Rell,Pyke,53.68,4.85,0.39,48.83,421,16.20,EMERALD+,support,2026-10-09T10:11Z
Rell,Bard,54.03,4.17,-0.29,49.86,335,16.20,EMERALD+,support,2026-10-09T10:11Z
Rell,Sona,54.27,7.49,3.03,46.78,164,16.20,EMERALD+,support,2026-10-09T10:11Z
Rell,Soraka,54.45,6.59,2.13,47.86,292,16.20,EMERALD+,support,2026-10-09T10:11Z
Rell,Blitzcrank,54.51,7.21,2.75,47.3,455,16.20,EMERALD+,support,2026-10-09T10:11Z
Rell,Lux,55.42,6.78,2.32,48.64,332,16.20,EMERALD+,support,2026-10-09T10:11Z
Rell,Pantheon,55.92,6.64,2.18,49.28,245,16.20,EMERALD+,support,2026-10-09T10:11Z
Rell,Yuumi,56.96,5.79,1.34,51.17,467,16.20,EMERALD+,support,2026-10-09T10:11Z
Rell,Xerath,57.23,8.08,3.62,49.15,159,16.20,EMERALD+,support,2026-10-09T10:11Z
Rell,Vel'Koz,57.43,9.09,4.63,48.34,148,16.20,EMERALD+,support,2026-10-09T10:11Z
Rell,Rakan,57.49,9.87,5.41,47.62,327,16.20,EMERALD+,support,2026-10-09T10:11Z
Rell,Brand,57.86,8.93,4.47,48.93,140,16.20,EMERALD+,support,2026-10-09T10:11Z
Rell,Karma,57.86,7.61,3.15,50.25,515,16.20,EMERALD+,support,2026-10-09T10:11Z
Rell,Nautilus,58.56,9.74,5.28,48.82,1011,16.20,EMERALD+,support,2026-10-09T10:11Z
Rell,Camille,58.97,7.24,2.79,51.73,117,16.20,EMERALD+,support,2026-10-09T10:11Z
Renata Glasc,Karma,42.98,-7.27,-9.32,50.25,228,16.20,EMERALD+,support,2026-10-09T10:11Z
Renata Glasc,Alistar,44.39,-3.5,-5.55,47.89,187,16.20,EMERALD+,support,2026-10-09T10:11Z
Renata Glasc,Senna,44.44,-3.05,-5.1,47.49,171,16.20,EMERALD+,support,2026-10-09T10:11Z
Renata Glasc,Braum,44.79,-1.77,-3.82,46.56,192,16.20,EMERALD+,support,2026-10-09T10:11Z
Renata Glasc,Soraka,44.88,-2.98,-5.03,47.86,127,16.20,EMERALD+,support,2026-10-09T10:11Z
Renata Glasc,Seraphine,45.45,-2.38,-4.43,47.83,209,16.20,EMERALD+,support,2026-10-09T10:11Z
Renata Glasc,Zilean,46.53,-0.9,-2.95,47.43,101,16.20,EMERALD+,support,2026-10-09T10:11Z
Renata Glasc,Janna,46.57,-0.47,-2.52,47.04,204,16.20,EMERALD+,support,2026-10-09T10:11Z
Renata Glasc,Milio,46.86,-1.49,-3.54,48.35,239,16.20,EMERALD+,support,2026-10-09T10:11Z
Renata Glasc,Leona,48.09,1.87,-0.18,46.22,262,16.20,EMERALD+,support,2026-10-09T10:11Z
Renata Glasc,Blitzcrank,48.82,1.52,-0.53,47.3,170,16.20,EMERALD+,support,2026-10-09T10:11Z
Renata Glasc,Bard,50.92,1.06,-0.99,49.86,163,16.20,EMERALD+,support,2026-10-09T10:11Z
Renata Glasc,Thresh,51.34,4.86,2.81,46.48,522,16.20,EMERALD+,support,2026-10-09T10:11Z
Renata Glasc,Lulu,51.56,2.62,0.57,48.94,450,16.20,EMERALD+,support,2026-10-09T10:11Z
Renata Glasc,Yuumi,52.35,1.18,-0.87,51.17,149,16.20,EMERALD+,support,2026-10-09T10:11Z
Renata Glasc,Rell,53.19,6.19,4.14,47.0,141,16.20,EMERALD+,support,2026-10-09T10:11Z
Renata Glasc,Nami,53.82,5.94,3.89,47.88,301,16.20,EMERALD+,support,2026-10-09T10:11Z
Renata Glasc,Pyke,54.69,5.86,3.81,48.83,192,16.20,EMERALD+,support,2026-10-09T10:11Z
Renata Glasc,Nautilus,55.72,6.9,4.85,48.82,341,16.20,EMERALD+,support,2026-10-09T10:11Z
Renata Glasc,Lux,56.12,7.48,5.43,48.64,139,16.20,EMERALD+,support,2026-10-09T10:11Z
Renata Glasc,Rakan,56.25,8.63,6.58,47.62,144,16.20,EMERALD+,support,2026-10-09T10:11Z
Renata Glasc,Pantheon,56.44,7.16,5.11,49.28,101,16.20,EMERALD+,support,2026-10-09T10:11Z
Senna,Zyra,48.67,0.35,-3.62,48.32,263,16.20,EMERALD+,support,2026-10-09T10:11Z
Senna,Vel'Koz,48.72,0.38,-3.59,48.34,273,16.20,EMERALD+,support,2026-10-09T10:11Z
Senna,Blitzcrank,49.14,1.84,-2.13,47.3,694,16.20,EMERALD+,support,2026-10-09T10:11Z
Senna,Taric,49.17,3.46,-0.5,45.71,120,16.20,EMERALD+,support,2026-10-09T10:11Z
Senna,Nautilus,49.24,0.42,-3.55,48.82,1113,16.20,EMERALD+,support,2026-10-09T10:11Z
Senna,Thresh,49.7,3.22,-0.75,46.48,1491,16.20,EMERALD+,support,2026-10-09T10:11Z
Senna,Rell,49.86,2.86,-1.11,47.0,363,16.20,EMERALD+,support,2026-10-09T10:11Z
Senna,Camille,50.0,-1.73,-5.69,51.73,196,16.20,EMERALD+,support,2026-10-09T10:11Z
Senna,Xerath,50.0,0.85,-3.12,49.15,320,16.20,EMERALD+,support,2026-10-09T10:11Z
Senna,Sylas,50.39,-0.39,-4.36,50.78,129,16.20,EMERALD+,support,2026-10-09T10:11Z
Senna,Janna,50.52,3.48,-0.49,47.04,677,16.20,EMERALD+,support,2026-10-09T10:11Z
Senna,Pantheon,50.77,1.49,-2.48,49.28,323,16.20,EMERALD+,support,2026-10-09T10:11Z
Senna,Shaco,50.86,-0.61,-4.57,51.47,116,16.20,EMERALD+,support,2026-10-09T10:11Z
Senna,Lux,50.92,2.28,-1.69,48.64,819,16.20,EMERALD+,support,2026-10-09T10:11Z
Senna,Pyke,51.08,2.25,-1.72,48.83,556,16.20,EMERALD+,support,2026-10-09T10:11Z
Senna,Milio,51.49,3.14,-0.83,48.35,771,16.20,EMERALD+,support,2026-10-09T10:11Z
Senna,Nami,51.59,3.71,-0.26,47.88,1072,16.20,EMERALD+,support,2026-10-09T10:11Z
Senna,Alistar,51.78,3.89,-0.08,47.89,477,16.20,EMERALD+,support,2026-10-09T10:11Z
Senna,Tahm Kench,52.08,4.42,0.45,47.66,288,16.20,EMERALD+,support,2026-10-09T10:11Z
Senna,Soraka,52.22,4.36,0.39,47.86,586,16.20,EMERALD+,support,2026-10-09T10:11Z
Senna,Sona,52.25,5.47,1.5,46.78,289,16.20,EMERALD+,support,2026-10-09T10:11Z
Senna,Leona,52.58,6.36,2.39,46.22,755,16.20,EMERALD+,support,2026-10-09T10:11Z
Senna,Yuumi,52.66,1.49,-2.48,51.17,640,16.20,EMERALD+,support,2026-10-09T10:11Z
Senna,Braum,52.68,6.12,2.15,46.56,560,16.20,EMERALD+,support,2026-10-09T10:11Z
Senna,Rakan,53.01,5.39,1.42,47.62,415,16.20,EMERALD+,support,2026-10-09T10:11Z
Senna,Maokai,53.06,5.2,1.23,47.86,147,16.20,EMERALD+,support,2026-10-09T10:11Z
Senna,Brand,53.28,4.35,0.38,48.93,259,16.20,EMERALD+,support,2026-10-09T10:11Z
Senna,Seraphine,53.34,5.51,1.54,47.83,688,16.20,EMERALD+,support,2026-10-09T10:11Z
Senna,Zilean,54.31,6.88,2.91,47.43,348,16.20,EMERALD+,support,2026-10-09T10:11Z
Senna,Karma,54.47,4.22,0.25,50.25,771,16.20,EMERALD+,support,2026-10-09T10:11Z
Senna,Lulu,54.5,5.56,1.59,48.94,1446,16.20,EMERALD+,support,2026-10-09T10:11Z
Senna,Swain,55.52,5.16,1.19,50.36,344,16.20,EMERALD+,support,2026-10-09T10:11Z
Senna,Renata Glasc,55.56,6.15,2.18,49.41,171,16.20,EMERALD+,support,2026-10-09T10:11Z
Senna,Morgana,57.02,9.21,5.24,47.81,456,16.20,EMERALD+,support,2026-10-09T10:11Z
Senna,Bard,57.52,7.66,3.69,49.86,532,16.20,EMERALD+,support,2026-10-09T10:11Z
Senna,Ashe,57.84,5.03,1.07,52.81,102,16.20,EMERALD+,support,2026-10-09T10:11Z
Senna,Poppy,58.26,10.46,6.49,47.8,115,16.20,EMERALD+,support,2026-10-09T10:11Z
Senna,Neeko,59.61,10.85,6.88,48.76,203,16.20,EMERALD+,support,2026-10-09T10:11Z
Seraphine,Sona,44.04,-2.74,-6.37,46.78,386,16.20,EMERALD+,support,2026-10-09T10:11Z
Seraphine,Taric,46.21,0.5,-3.12,45.71,132,16.20,EMERALD+,support,2026-10-09T10:11Z
Seraphine,Poppy,46.39,-1.41,-5.04,47.8,166,16.20,EMERALD+,support,2026-10-09T10:11Z
Seraphine,Vel'Koz,48.0,-0.34,-3.97,48.34,375,16.20,EMERALD+,support,2026-10-09T10:11Z
Seraphine,Braum,49.81,3.25,-0.38,46.56,524,16.20,EMERALD+,support,2026-10-09T10:11Z
Seraphine,Rakan,50.0,2.38,-1.25,47.62,448,16.20,EMERALD+,support,2026-10-09T10:11Z
Seraphine,Zilean,50.39,2.96,-0.67,47.43,387,16.20,EMERALD+,support,2026-10-09T10:11Z
Seraphine,Milio,50.46,2.11,-1.52,48.35,1082,16.20,EMERALD+,support,2026-10-09T10:11Z
Seraphine,Yuumi,50.59,-0.58,-4.21,51.17,682,16.20,EMERALD+,support,2026-10-09T10:11Z
Seraphine,Rell,50.79,3.79,0.16,47.0,378,16.20,EMERALD+,support,2026-10-09T10:11Z
Seraphine,Lux,50.86,2.22,-1.41,48.64,1046,16.20,EMERALD+,support,2026-10-09T10:11Z
Seraphine,Pyke,51.09,2.26,-1.37,48.83,640,16.20,EMERALD+,support,2026-10-09T10:11Z
Seraphine,Thresh,51.19,4.71,1.08,46.48,1940,16.20,EMERALD+,support,2026-10-09T10:11Z
Seraphine,Nami,51.39,3.51,-0.12,47.88,1364,16.20,EMERALD+,support,2026-10-09T10:11Z
Seraphine,Senna,51.46,3.97,0.34,47.49,686,16.20,EMERALD+,support,2026-10-09T10:11Z
Seraphine,Karma,51.49,1.24,-2.39,50.25,1043,16.20,EMERALD+,support,2026-10-09T10:11Z
Seraphine,Bard,51.63,1.77,-1.86,49.86,583,16.20,EMERALD+,support,2026-10-09T10:11Z
Seraphine,Leona,51.67,5.45,1.83,46.22,778,16.20,EMERALD+,support,2026-10-09T10:11Z
Seraphine,Janna,51.79,4.75,1.12,47.04,782,16.20,EMERALD+,support,2026-10-09T10:11Z
Seraphine,Alistar,51.98,4.09,0.46,47.89,429,16.20,EMERALD+,support,2026-10-09T10:11Z
Seraphine,Camille,51.98,0.25,-3.37,51.73,177,16.20,EMERALD+,support,2026-10-09T10:11Z
Seraphine,Soraka,52.18,4.32,0.69,47.86,642,16.20,EMERALD+,support,2026-10-09T10:11Z
Seraphine,Lulu,52.56,3.62,-0.01,48.94,1933,16.20,EMERALD+,support,2026-10-09T10:11Z
Seraphine,Blitzcrank,52.67,5.37,1.74,47.3,881,16.20,EMERALD+,support,2026-10-09T10:11Z
Seraphine,Nautilus,52.8,3.98,0.35,48.82,1159,16.20,EMERALD+,support,2026-10-09T10:11Z
Seraphine,Galio,52.94,6.52,2.89,46.42,102,16.20,EMERALD+,support,2026-10-09T10:11Z
Seraphine,Pantheon,53.73,4.45,0.82,49.28,335,16.20,EMERALD+,support,2026-10-09T10:11Z
Seraphine,Zyra,53.93,5.61,1.98,48.32,369,16.20,EMERALD+,support,2026-10-09T10:11Z
Seraphine,Maokai,53.98,6.12,2.49,47.86,176,16.20,EMERALD+,support,2026-10-09T10:11Z
Seraphine,Tahm Kench,54.46,6.8,3.17,47.66,314,16.20,EMERALD+,support,2026-10-09T10:11Z
Seraphine,Brand,54.75,5.82,2.19,48.93,305,16.20,EMERALD+,support,2026-10-09T10:11Z
Seraphine,Sylas,54.79,4.01,0.38,50.78,146,16.20,EMERALD+,support,2026-10-09T10:11Z
Seraphine,Xerath,55.58,6.43,2.8,49.15,403,16.20,EMERALD+,support,2026-10-09T10:11Z
Seraphine,Neeko,55.7,6.94,3.31,48.76,237,16.20,EMERALD+,support,2026-10-09T10:11Z
Seraphine,Morgana,56.03,8.22,4.59,47.81,564,16.20,EMERALD+,support,2026-10-09T10:11Z
Seraphine,Renata Glasc,56.6,7.19,3.56,49.41,212,16.20,EMERALD+,support,2026-10-09T10:11Z
Seraphine,Shaco,57.24,5.77,2.14,51.47,152,16.20,EMERALD+,support,2026-10-09T10:11Z
Seraphine,Mel,61.7,8.22,4.61,53.48,188,16.20,EMERALD+,support,2026-10-09T10:11Z
Seraphine,Swain,64.27,13.91,10.28,50.36,347,16.20,EMERALD+,support,2026-10-09T10:11Z
Shaco,Rakan,38.53,-9.09,-9.09,47.62,109,16.20,EMERALD+,support,2026-10-09T10:11Z
Shaco,Milio,40.71,-7.64,-7.63,48.35,140,16.20,EMERALD+,support,2026-10-09T10:11Z
Shaco,Lulu,42.65,-6.29,-6.28,48.94,279,16.20,EMERALD+,support,2026-10-09T10:11Z
Shaco,Soraka,43.14,-4.72,-4.71,47.86,102,16.20,EMERALD+,support,2026-10-09T10:11Z
Shaco,Leona,43.39,-2.83,-2.83,46.22,189,16.20,EMERALD+,support,2026-10-09T10:11Z
Shaco,Seraphine,44.23,-3.6,-3.59,47.83,156,16.20,EMERALD+,support,2026-10-09T10:11Z
Shaco,Pyke,44.71,-4.12,-4.11,48.83,170,16.20,EMERALD+,support,2026-10-09T10:11Z
Shaco,Thresh,45.19,-1.29,-1.29,46.48,385,16.20,EMERALD+,support,2026-10-09T10:11Z
Shaco,Yuumi,45.86,-5.31,-5.3,51.17,133,16.20,EMERALD+,support,2026-10-09T10:11Z
Shaco,Karma,46.02,-4.23,-4.22,50.25,176,16.20,EMERALD+,support,2026-10-09T10:11Z
Shaco,Pantheon,47.52,-1.76,-1.75,49.28,101,16.20,EMERALD+,support,2026-10-09T10:11Z
Shaco,Nami,48.48,0.6,0.61,47.88,165,16.20,EMERALD+,support,2026-10-09T10:11Z
Shaco,Braum,49.15,2.59,2.59,46.56,118,16.20,EMERALD+,support,2026-10-09T10:11Z
Shaco,Bard,49.6,-0.26,-0.25,49.86,125,16.20,EMERALD+,support,2026-10-09T10:11Z
Shaco,Senna,50.43,2.94,2.94,47.49,117,16.20,EMERALD+,support,2026-10-09T10:11Z
Shaco,Janna,50.78,3.74,3.74,47.04,128,16.20,EMERALD+,support,2026-10-09T10:11Z
Shaco,Lux,52.23,3.59,3.6,48.64,157,16.20,EMERALD+,support,2026-10-09T10:11Z
Shaco,Blitzcrank,53.38,6.08,6.08,47.3,148,16.20,EMERALD+,support,2026-10-09T10:11Z
Shaco,Nautilus,54.02,5.2,5.21,48.82,224,16.20,EMERALD+,support,2026-10-09T10:11Z
Shen,Lulu,46.46,-2.48,-4.31,48.94,198,16.20,EMERALD+,support,2026-10-09T10:11Z
Shen,Nautilus,48.18,-0.64,-2.47,48.82,137,16.20,EMERALD+,support,2026-10-09T10:11Z
Shen,Nami,49.04,1.16,-0.67,47.88,104,16.20,EMERALD+,support,2026-10-09T10:11Z
Shen,Thresh,50.96,4.48,2.65,46.48,208,16.20,EMERALD+,support,2026-10-09T10:11Z
Shen,Leona,52.08,5.86,4.03,46.22,144,16.20,EMERALD+,support,2026-10-09T10:11Z
Shen,Blitzcrank,58.33,11.03,9.2,47.3,108,16.20,EMERALD+,support,2026-10-09T10:11Z
Sona,Tahm Kench,45.87,-1.79,-6.47,47.66,109,16.20,EMERALD+,support,2026-10-09T10:11Z
Sona,Nautilus,47.58,-1.24,-5.92,48.82,454,16.20,EMERALD+,support,2026-10-09T10:11Z
Sona,Alistar,47.98,0.09,-4.59,47.89,198,16.20,EMERALD+,support,2026-10-09T10:11Z
Sona,Rell,48.21,1.21,-3.47,47.0,168,16.20,EMERALD+,support,2026-10-09T10:11Z
Sona,Blitzcrank,48.46,1.16,-3.52,47.3,293,16.20,EMERALD+,support,2026-10-09T10:11Z
Sona,Vel'Koz,49.09,0.75,-3.93,48.34,110,16.20,EMERALD+,support,2026-10-09T10:11Z
Sona,Milio,49.75,1.4,-3.28,48.35,400,16.20,EMERALD+,support,2026-10-09T10:11Z
Sona,Senna,50.37,2.88,-1.8,47.49,272,16.20,EMERALD+,support,2026-10-09T10:11Z
Sona,Pyke,50.63,1.8,-2.88,48.83,237,16.20,EMERALD+,support,2026-10-09T10:11Z
Sona,Pantheon,51.43,2.15,-2.53,49.28,140,16.20,EMERALD+,support,2026-10-09T10:11Z
Sona,Nami,51.74,3.86,-0.82,47.88,603,16.20,EMERALD+,support,2026-10-09T10:11Z
Sona,Janna,51.84,4.8,0.12,47.04,434,16.20,EMERALD+,support,2026-10-09T10:11Z
Sona,Swain,51.96,1.6,-3.08,50.36,102,16.20,EMERALD+,support,2026-10-09T10:11Z
Sona,Braum,51.98,5.42,0.74,46.56,227,16.20,EMERALD+,support,2026-10-09T10:11Z
Sona,Lulu,52.36,3.42,-1.26,48.94,764,16.20,EMERALD+,support,2026-10-09T10:11Z
Sona,Rakan,52.51,4.89,0.21,47.62,179,16.20,EMERALD+,support,2026-10-09T10:11Z
Sona,Soraka,52.79,4.93,0.25,47.86,341,16.20,EMERALD+,support,2026-10-09T10:11Z
Sona,Thresh,52.82,6.34,1.66,46.48,674,16.20,EMERALD+,support,2026-10-09T10:11Z
Sona,Yuumi,52.87,1.7,-2.97,51.17,331,16.20,EMERALD+,support,2026-10-09T10:11Z
Sona,Karma,53.78,3.53,-1.15,50.25,357,16.20,EMERALD+,support,2026-10-09T10:11Z
Sona,Xerath,54.1,4.95,0.27,49.15,122,16.20,EMERALD+,support,2026-10-09T10:11Z
Sona,Leona,56.13,9.91,5.23,46.22,351,16.20,EMERALD+,support,2026-10-09T10:11Z
Sona,Lux,56.78,8.14,3.46,48.64,317,16.20,EMERALD+,support,2026-10-09T10:11Z
Sona,Bard,57.01,7.15,2.47,49.86,221,16.20,EMERALD+,support,2026-10-09T10:11Z
Sona,Seraphine,58.78,10.95,6.27,47.83,393,16.20,EMERALD+,support,2026-10-09T10:11Z
Sona,Zyra,59.4,11.08,6.4,48.32,133,16.20,EMERALD+,support,2026-10-09T10:11Z
Sona,Zilean,59.55,12.12,7.44,47.43,178,16.20,EMERALD+,support,2026-10-09T10:11Z
Sona,Morgana,60.34,12.53,7.85,47.81,174,16.20,EMERALD+,support,2026-10-09T10:11Z
Sona,Brand,63.96,15.03,10.35,48.93,111,16.20,EMERALD+,support,2026-10-09T10:11Z
Soraka,Janna,43.82,-3.22,-6.82,47.04,655,16.20,EMERALD+,support,2026-10-09T10:11Z
Soraka,Maokai,46.56,-1.3,-4.9,47.86,131,16.20,EMERALD+,support,2026-10-09T10:11Z
Soraka,Rell,46.74,-0.26,-3.86,47.0,291,16.20,EMERALD+,support,2026-10-09T10:11Z
Soraka,Sona,48.41,1.63,-1.97,46.78,345,16.20,EMERALD+,support,2026-10-09T10:11Z
Soraka,Nami,49.39,1.51,-2.09,47.88,1152,16.20,EMERALD+,support,2026-10-09T10:11Z
Soraka,Blitzcrank,49.55,2.25,-1.35,47.3,672,16.20,EMERALD+,support,2026-10-09T10:11Z
Soraka,Vel'Koz,49.8,1.46,-2.14,48.34,245,16.20,EMERALD+,support,2026-10-09T10:11Z
Soraka,Brand,49.81,0.88,-2.72,48.93,257,16.20,EMERALD+,support,2026-10-09T10:11Z
Soraka,Rakan,50.0,2.38,-1.22,47.62,324,16.20,EMERALD+,support,2026-10-09T10:11Z
Soraka,Thresh,50.19,3.71,0.11,46.48,1313,16.20,EMERALD+,support,2026-10-09T10:11Z
Soraka,Bard,50.39,0.53,-3.07,49.86,385,16.20,EMERALD+,support,2026-10-09T10:11Z
Soraka,Senna,50.42,2.93,-0.67,47.49,591,16.20,EMERALD+,support,2026-10-09T10:11Z
Soraka,Lulu,51.51,2.57,-1.03,48.94,1427,16.20,EMERALD+,support,2026-10-09T10:11Z
Soraka,Zilean,51.6,4.17,0.57,47.43,312,16.20,EMERALD+,support,2026-10-09T10:11Z
Soraka,Seraphine,51.99,4.16,0.56,47.83,679,16.20,EMERALD+,support,2026-10-09T10:11Z
Soraka,Alistar,52.07,4.18,0.58,47.89,363,16.20,EMERALD+,support,2026-10-09T10:11Z
Soraka,Pantheon,52.21,2.93,-0.67,49.28,272,16.20,EMERALD+,support,2026-10-09T10:11Z
Soraka,Yuumi,52.66,1.49,-2.11,51.17,676,16.20,EMERALD+,support,2026-10-09T10:11Z
Soraka,Braum,52.72,6.16,2.56,46.56,404,16.20,EMERALD+,support,2026-10-09T10:11Z
Soraka,Leona,53.07,6.85,3.26,46.22,618,16.20,EMERALD+,support,2026-10-09T10:11Z
Soraka,Nautilus,53.1,4.28,0.68,48.82,823,16.20,EMERALD+,support,2026-10-09T10:11Z
Soraka,Morgana,53.37,5.56,1.96,47.81,341,16.20,EMERALD+,support,2026-10-09T10:11Z
Soraka,Milio,53.41,5.06,1.46,48.35,807,16.20,EMERALD+,support,2026-10-09T10:11Z
Soraka,Neeko,53.79,5.03,1.43,48.76,145,16.20,EMERALD+,support,2026-10-09T10:11Z
Soraka,Lux,54.63,5.99,2.39,48.64,615,16.20,EMERALD+,support,2026-10-09T10:11Z
Soraka,Zyra,55.16,6.84,3.24,48.32,281,16.20,EMERALD+,support,2026-10-09T10:11Z
Soraka,Renata Glasc,55.2,5.79,2.19,49.41,125,16.20,EMERALD+,support,2026-10-09T10:11Z
Soraka,Karma,55.35,5.1,1.5,50.25,663,16.20,EMERALD+,support,2026-10-09T10:11Z
Soraka,Pyke,55.36,6.53,2.93,48.83,625,16.20,EMERALD+,support,2026-10-09T10:11Z
Soraka,Tahm Kench,55.51,7.85,4.25,47.66,263,16.20,EMERALD+,support,2026-10-09T10:11Z
Soraka,Swain,55.65,5.29,1.69,50.36,230,16.20,EMERALD+,support,2026-10-09T10:11Z
Soraka,Camille,55.97,4.24,0.65,51.73,134,16.20,EMERALD+,support,2026-10-09T10:11Z
Soraka,Taric,56.48,10.77,7.18,45.71,108,16.20,EMERALD+,support,2026-10-09T10:11Z
Soraka,Xerath,56.72,7.57,3.97,49.15,238,16.20,EMERALD+,support,2026-10-09T10:11Z
Soraka,Shaco,58.42,6.95,3.35,51.47,101,16.20,EMERALD+,support,2026-10-09T10:11Z
Swain,Nami,41.41,-6.47,-7.57,47.88,425,16.20,EMERALD+,support,2026-10-09T10:11Z
Swain,Seraphine,44.26,-3.57,-4.67,47.83,357,16.20,EMERALD+,support,2026-10-09T10:11Z
Swain,Brand,45.69,-3.24,-4.34,48.93,197,16.20,EMERALD+,support,2026-10-09T10:11Z
Swain,Zilean,45.99,-1.44,-2.54,47.43,137,16.20,EMERALD+,support,2026-10-09T10:11Z
Swain,Yuumi,46.05,-5.12,-6.22,51.17,304,16.20,EMERALD+,support,2026-10-09T10:11Z
Swain,Xerath,46.19,-2.96,-4.06,49.15,197,16.20,EMERALD+,support,2026-10-09T10:11Z
Swain,Pyke,46.27,-2.56,-3.66,48.83,335,16.20,EMERALD+,support,2026-10-09T10:11Z
Swain,Blitzcrank,46.65,-0.65,-1.75,47.3,343,16.20,EMERALD+,support,2026-10-09T10:11Z
Swain,Zyra,46.71,-1.61,-2.71,48.32,152,16.20,EMERALD+,support,2026-10-09T10:11Z
Swain,Milio,46.76,-1.59,-2.69,48.35,355,16.20,EMERALD+,support,2026-10-09T10:11Z
Swain,Janna,47.69,0.65,-0.45,47.04,281,16.20,EMERALD+,support,2026-10-09T10:11Z
Swain,Senna,47.96,0.47,-0.63,47.49,319,16.20,EMERALD+,support,2026-10-09T10:11Z
Swain,Thresh,48.02,1.54,0.44,46.48,983,16.20,EMERALD+,support,2026-10-09T10:11Z
Swain,Karma,48.58,-1.67,-2.77,50.25,352,16.20,EMERALD+,support,2026-10-09T10:11Z
Swain,Soraka,48.9,1.04,-0.06,47.86,227,16.20,EMERALD+,support,2026-10-09T10:11Z
Swain,Lulu,49.03,0.09,-1.01,48.94,620,16.20,EMERALD+,support,2026-10-09T10:11Z
Swain,Braum,49.2,2.64,1.54,46.56,313,16.20,EMERALD+,support,2026-10-09T10:11Z
Swain,Morgana,49.81,2.0,0.9,47.81,261,16.20,EMERALD+,support,2026-10-09T10:11Z
Swain,Vel'Koz,50.0,1.66,0.56,48.34,168,16.20,EMERALD+,support,2026-10-09T10:11Z
Swain,Sona,50.48,3.7,2.6,46.78,105,16.20,EMERALD+,support,2026-10-09T10:11Z
Swain,Pantheon,50.67,1.39,0.29,49.28,225,16.20,EMERALD+,support,2026-10-09T10:11Z
Swain,Leona,50.7,4.48,3.38,46.22,428,16.20,EMERALD+,support,2026-10-09T10:11Z
Swain,Neeko,50.89,2.13,1.03,48.76,112,16.20,EMERALD+,support,2026-10-09T10:11Z
Swain,Rell,51.18,4.18,3.08,47.0,211,16.20,EMERALD+,support,2026-10-09T10:11Z
Swain,Nautilus,53.87,5.05,3.95,48.82,646,16.20,EMERALD+,support,2026-10-09T10:11Z
Swain,Alistar,54.02,6.13,5.03,47.89,361,16.20,EMERALD+,support,2026-10-09T10:11Z
Swain,Tahm Kench,54.04,6.38,5.28,47.66,198,16.20,EMERALD+,support,2026-10-09T10:11Z
Swain,Rakan,54.26,6.64,5.54,47.62,223,16.20,EMERALD+,support,2026-10-09T10:11Z
Swain,Sylas,56.36,5.58,4.48,50.78,110,16.20,EMERALD+,support,2026-10-09T10:11Z
Swain,Lux,56.88,8.24,7.14,48.64,436,16.20,EMERALD+,support,2026-10-09T10:11Z
Swain,Bard,57.2,7.34,6.24,49.86,243,16.20,EMERALD+,support,2026-10-09T10:11Z
Sylas,Braum,39.09,-7.47,-8.15,46.56,110,16.20,EMERALD+,support,2026-10-09T10:11Z
Sylas,Nami,40.79,-7.09,-7.77,47.88,152,16.20,EMERALD+,support,2026-10-09T10:11Z
Sylas,Alistar,42.71,-5.18,-5.86,47.89,192,16.20,EMERALD+,support,2026-10-09T10:11Z
Sylas,Pyke,43.09,-5.74,-6.42,48.83,181,16.20,EMERALD+,support,2026-10-09T10:11Z
Sylas,Janna,46.15,-0.89,-1.57,47.04,104,16.20,EMERALD+,support,2026-10-09T10:11Z
Sylas,Pantheon,46.62,-2.66,-3.34,49.28,133,16.20,EMERALD+,support,2026-10-09T10:11Z
Sylas,Blitzcrank,47.09,-0.21,-0.89,47.3,206,16.20,EMERALD+,support,2026-10-09T10:11Z
Sylas,Bard,47.2,-2.66,-3.34,49.86,125,16.20,EMERALD+,support,2026-10-09T10:11Z
Sylas,Thresh,47.37,0.89,0.21,46.48,418,16.20,EMERALD+,support,2026-10-09T10:11Z
Sylas,Milio,47.86,-0.49,-1.17,48.35,140,16.20,EMERALD+,support,2026-10-09T10:11Z
Sylas,Leona,48.09,1.87,1.18,46.22,183,16.20,EMERALD+,support,2026-10-09T10:11Z
Sylas,Seraphine,48.34,0.51,-0.17,47.83,151,16.20,EMERALD+,support,2026-10-09T10:11Z
Sylas,Lux,48.45,-0.19,-0.87,48.64,194,16.20,EMERALD+,support,2026-10-09T10:11Z
Sylas,Lulu,48.84,-0.1,-0.78,48.94,258,16.20,EMERALD+,support,2026-10-09T10:11Z
Sylas,Swain,49.04,-1.32,-2.0,50.36,104,16.20,EMERALD+,support,2026-10-09T10:11Z
Sylas,Nautilus,50.0,1.18,0.5,48.82,264,16.20,EMERALD+,support,2026-10-09T10:11Z
Sylas,Yuumi,53.42,2.25,1.57,51.17,161,16.20,EMERALD+,support,2026-10-09T10:11Z
Sylas,Senna,54.84,7.35,6.67,47.49,124,16.20,EMERALD+,support,2026-10-09T10:11Z
Sylas,Karma,57.73,7.48,6.8,50.25,194,16.20,EMERALD+,support,2026-10-09T10:11Z
Tahm Kench,Blitzcrank,42.04,-5.26,-9.06,47.3,383,16.20,EMERALD+,support,2026-10-09T10:11Z
Tahm Kench,Brand,45.22,-3.71,-7.51,48.93,157,16.20,EMERALD+,support,2026-10-09T10:11Z
Tahm Kench,Pyke,47.65,-1.18,-4.98,48.83,340,16.20,EMERALD+,support,2026-10-09T10:11Z
Tahm Kench,Braum,48.08,1.52,-2.28,46.56,339,16.20,EMERALD+,support,2026-10-09T10:11Z
Tahm Kench,Zyra,49.0,0.68,-3.12,48.32,100,16.20,EMERALD+,support,2026-10-09T10:11Z
Tahm Kench,Thresh,49.28,2.8,-1.0,46.48,897,16.20,EMERALD+,support,2026-10-09T10:11Z
Tahm Kench,Xerath,49.64,0.49,-3.31,49.15,139,16.20,EMERALD+,support,2026-10-09T10:11Z
Tahm Kench,Alistar,49.84,1.95,-1.85,47.89,321,16.20,EMERALD+,support,2026-10-09T10:11Z
Tahm Kench,Nami,50.0,2.12,-1.68,47.88,444,16.20,EMERALD+,support,2026-10-09T10:11Z
Tahm Kench,Soraka,50.0,2.14,-1.66,47.86,268,16.20,EMERALD+,support,2026-10-09T10:11Z
Tahm Kench,Swain,50.29,-0.07,-3.87,50.36,175,16.20,EMERALD+,support,2026-10-09T10:11Z
Tahm Kench,Rakan,50.68,3.06,-0.74,47.62,221,16.20,EMERALD+,support,2026-10-09T10:11Z
Tahm Kench,Milio,51.43,3.08,-0.72,48.35,315,16.20,EMERALD+,support,2026-10-09T10:11Z
Tahm Kench,Rell,51.64,4.64,0.84,47.0,275,16.20,EMERALD+,support,2026-10-09T10:11Z
Tahm Kench,Vel'Koz,51.77,3.43,-0.37,48.34,141,16.20,EMERALD+,support,2026-10-09T10:11Z
Tahm Kench,Seraphine,51.98,4.15,0.35,47.83,329,16.20,EMERALD+,support,2026-10-09T10:11Z
Tahm Kench,Leona,52.36,6.14,2.35,46.22,466,16.20,EMERALD+,support,2026-10-09T10:11Z
Tahm Kench,Lulu,52.81,3.87,0.07,48.94,623,16.20,EMERALD+,support,2026-10-09T10:11Z
Tahm Kench,Senna,53.28,5.79,1.99,47.49,259,16.20,EMERALD+,support,2026-10-09T10:11Z
Tahm Kench,Morgana,53.47,5.66,1.86,47.81,245,16.20,EMERALD+,support,2026-10-09T10:11Z
Tahm Kench,Pantheon,53.62,4.34,0.54,49.28,207,16.20,EMERALD+,support,2026-10-09T10:11Z
Tahm Kench,Zilean,54.81,7.38,3.58,47.43,135,16.20,EMERALD+,support,2026-10-09T10:11Z
Tahm Kench,Janna,54.9,7.86,4.06,47.04,286,16.20,EMERALD+,support,2026-10-09T10:11Z
Tahm Kench,Nautilus,55.09,6.27,2.47,48.82,599,16.20,EMERALD+,support,2026-10-09T10:11Z
Tahm Kench,Karma,56.14,5.89,2.09,50.25,342,16.20,EMERALD+,support,2026-10-09T10:11Z
Tahm Kench,Yuumi,57.79,6.62,2.82,51.17,289,16.20,EMERALD+,support,2026-10-09T10:11Z
Tahm Kench,Sona,58.41,11.63,7.83,46.78,113,16.20,EMERALD+,support,2026-10-09T10:11Z
Tahm Kench,Bard,58.57,8.71,4.91,49.86,210,16.20,EMERALD+,support,2026-10-09T10:11Z
Tahm Kench,Lux,60.31,11.67,7.87,48.64,320,16.20,EMERALD+,support,2026-10-09T10:11Z
Tahm Kench,Camille,62.75,11.02,7.23,51.73,102,16.20,EMERALD+,support,2026-10-09T10:11Z
Taric,Yuumi,46.15,-5.02,-10.76,51.17,117,16.20,EMERALD+,support,2026-10-09T10:11Z
Taric,Nami,48.02,0.14,-5.62,47.88,202,16.20,EMERALD+,support,2026-10-09T10:11Z
Taric,Alistar,48.95,1.06,-4.7,47.89,143,16.20,EMERALD+,support,2026-10-09T10:11Z
Taric,Janna,49.32,2.28,-3.48,47.04,146,16.20,EMERALD+,support,2026-10-09T10:11Z
Taric,Soraka,49.53,1.67,-4.09,47.86,107,16.20,EMERALD+,support,2026-10-09T10:11Z
Taric,Blitzcrank,49.64,2.34,-3.42,47.3,139,16.20,EMERALD+,support,2026-10-09T10:11Z
Taric,Pyke,50.0,1.17,-4.59,48.83,128,16.20,EMERALD+,support,2026-10-09T10:11Z
Taric,Milio,50.34,1.99,-3.77,48.35,145,16.20,EMERALD+,support,2026-10-09T10:11Z
Taric,Leona,50.94,4.72,-1.03,46.22,265,16.20,EMERALD+,support,2026-10-09T10:11Z
Taric,Seraphine,51.85,4.02,-1.74,47.83,135,16.20,EMERALD+,support,2026-10-09T10:11Z
Taric,Thresh,53.14,6.66,0.91,46.48,478,16.20,EMERALD+,support,2026-10-09T10:11Z
Taric,Lux,53.27,4.63,-1.13,48.64,107,16.20,EMERALD+,support,2026-10-09T10:11Z
Taric,Karma,53.33,3.08,-2.67,50.25,135,16.20,EMERALD+,support,2026-10-09T10:11Z
Taric,Senna,53.57,6.08,0.32,47.49,112,16.20,EMERALD+,support,2026-10-09T10:11Z
Taric,Lulu,56.01,7.07,1.31,48.94,316,16.20,EMERALD+,support,2026-10-09T10:11Z
Taric,Nautilus,57.14,8.32,2.56,48.82,329,16.20,EMERALD+,support,2026-10-09T10:11Z
Taric,Bard,57.26,7.4,1.65,49.86,117,16.20,EMERALD+,support,2026-10-09T10:11Z
Taric,Braum,57.79,11.23,5.47,46.56,154,16.20,EMERALD+,support,2026-10-09T10:11Z
Taric,Rell,58.72,11.72,5.96,47.0,109,16.20,EMERALD+,support,2026-10-09T10:11Z
Teemo,Lulu,51.24,2.3,-0.91,48.94,121,16.20,EMERALD+,support,2026-10-09T10:11Z
Teemo,Thresh,51.81,5.33,2.12,46.48,166,16.20,EMERALD+,support,2026-10-09T10:11Z
Thresh,Elise,46.83,-1.08,-6.06,47.91,284,16.20,EMERALD+,support,2026-10-09T10:11Z
Thresh,Fiddlesticks,47.66,-0.85,-5.83,48.51,128,16.20,EMERALD+,support,2026-10-09T10:11Z
Thresh,Sona,48.78,2.0,-2.98,46.78,658,16.20,EMERALD+,support,2026-10-09T10:11Z
Thresh,Taric,49.79,4.08,-0.9,45.71,480,16.20,EMERALD+,support,2026-10-09T10:11Z
Thresh,Morgana,49.97,2.16,-2.82,47.81,1823,16.20,EMERALD+,support,2026-10-09T10:11Z
Thresh,Leona,50.1,3.88,-1.1,46.22,2561,16.20,EMERALD+,support,2026-10-09T10:11Z
Thresh,Janna,50.25,3.21,-1.77,47.04,1813,16.20,EMERALD+,support,2026-10-09T10:11Z
Thresh,Braum,50.35,3.79,-1.19,46.56,2427,16.20,EMERALD+,support,2026-10-09T10:11Z
Thresh,Rakan,50.48,2.86,-2.12,47.62,1365,16.20,EMERALD+,support,2026-10-09T10:11Z
Thresh,Amumu,50.82,4.69,-0.29,46.13,183,16.20,EMERALD+,support,2026-10-09T10:11Z
Thresh,Zilean,51.04,3.61,-1.37,47.43,819,16.20,EMERALD+,support,2026-10-09T10:11Z
Thresh,Renata Glasc,51.17,1.76,-3.22,49.41,514,16.20,EMERALD+,support,2026-10-09T10:11Z
Thresh,Vel'Koz,51.21,2.87,-2.11,48.34,828,16.20,EMERALD+,support,2026-10-09T10:11Z
Thresh,Maokai,51.23,3.37,-1.61,47.86,486,16.20,EMERALD+,support,2026-10-09T10:11Z
Thresh,Shen,51.27,1.64,-3.34,49.63,197,16.20,EMERALD+,support,2026-10-09T10:11Z
Thresh,Seraphine,51.68,3.85,-1.13,47.83,1929,16.20,EMERALD+,support,2026-10-09T10:11Z
Thresh,Teemo,52.17,3.92,-1.06,48.25,161,16.20,EMERALD+,support,2026-10-09T10:11Z
Thresh,Rell,52.19,5.19,0.21,47.0,1165,16.20,EMERALD+,support,2026-10-09T10:11Z
Thresh,Soraka,52.25,4.39,-0.59,47.86,1332,16.20,EMERALD+,support,2026-10-09T10:11Z
Thresh,Zoe,52.32,2.15,-2.83,50.17,237,16.20,EMERALD+,support,2026-10-09T10:11Z
Thresh,Galio,52.34,5.92,0.94,46.42,235,16.20,EMERALD+,support,2026-10-09T10:11Z
Thresh,Anivia,52.53,2.53,-2.45,50.0,158,16.20,EMERALD+,support,2026-10-09T10:11Z
Thresh,Zyra,52.59,4.27,-0.71,48.32,713,16.20,EMERALD+,support,2026-10-09T10:11Z
Thresh,Milio,52.78,4.43,-0.55,48.35,2101,16.20,EMERALD+,support,2026-10-09T10:11Z
Thresh,Blitzcrank,52.82,5.52,0.54,47.3,2747,16.20,EMERALD+,support,2026-10-09T10:11Z
Thresh,Nami,52.89,5.01,0.03,47.88,2526,16.20,EMERALD+,support,2026-10-09T10:11Z
Thresh,Alistar,53.47,5.58,0.6,47.89,1930,16.20,EMERALD+,support,2026-10-09T10:11Z
Thresh,Hwei,53.51,5.86,0.88,47.65,185,16.20,EMERALD+,support,2026-10-09T10:11Z
Thresh,Lulu,53.8,4.86,-0.12,48.94,4026,16.20,EMERALD+,support,2026-10-09T10:11Z
Thresh,Sion,53.85,2.37,-2.6,51.48,104,16.20,EMERALD+,support,2026-10-09T10:11Z
Thresh,Tahm Kench,53.96,6.3,1.32,47.66,884,16.20,EMERALD+,support,2026-10-09T10:11Z
Thresh,Lux,54.06,5.42,0.44,48.64,2009,16.20,EMERALD+,support,2026-10-09T10:11Z
Thresh,Pyke,54.21,5.38,0.4,48.83,2020,16.20,EMERALD+,support,2026-10-09T10:11Z
Thresh,Poppy,54.24,6.44,1.46,47.8,507,16.20,EMERALD+,support,2026-10-09T10:11Z
Thresh,Senna,54.26,6.77,1.79,47.49,1467,16.20,EMERALD+,support,2026-10-09T10:11Z
Thresh,Neeko,54.35,5.59,0.61,48.76,563,16.20,EMERALD+,support,2026-10-09T10:11Z
Thresh,Xerath,54.58,5.43,0.45,49.15,949,16.20,EMERALD+,support,2026-10-09T10:11Z
Thresh,LeBlanc,54.58,5.85,0.87,48.73,251,16.20,EMERALD+,support,2026-10-09T10:11Z
Thresh,Brand,54.63,5.7,0.72,48.93,789,16.20,EMERALD+,support,2026-10-09T10:11Z
Thresh,Camille,54.92,3.19,-1.78,51.73,528,16.20,EMERALD+,support,2026-10-09T10:11Z
Thresh,Karma,55.22,4.97,-0.01,50.25,2193,16.20,EMERALD+,support,2026-10-09T10:11Z
Thresh,Nautilus,55.95,7.13,2.15,48.82,3410,16.20,EMERALD+,support,2026-10-09T10:11Z
Thresh,Pantheon,56.16,6.88,1.9,49.28,1088,16.20,EMERALD+,support,2026-10-09T10:11Z
Thresh,Sylas,56.67,5.89,0.91,50.78,427,16.20,EMERALD+,support,2026-10-09T10:11Z
Thresh,Bard,56.86,7.0,2.02,49.86,1611,16.20,EMERALD+,support,2026-10-09T10:11Z
Thresh,Jarvan IV,56.88,7.11,2.13,49.77,109,16.20,EMERALD+,support,2026-10-09T10:11Z
Thresh,Mel,57.04,3.56,-1.39,53.48,277,16.20,EMERALD+,support,2026-10-09T10:11Z
Thresh,Swain,57.17,6.81,1.83,50.36,997,16.20,EMERALD+,support,2026-10-09T10:11Z
Thresh,Yuumi,57.27,6.1,1.13,51.17,1692,16.20,EMERALD+,support,2026-10-09T10:11Z
Thresh,Shaco,57.6,6.13,1.16,51.47,375,16.20,EMERALD+,support,2026-10-09T10:11Z
Thresh,Veigar,58.13,3.07,-1.85,55.06,160,16.20,EMERALD+,support,2026-10-09T10:11Z
Thresh,Malphite,58.62,4.44,-0.49,54.18,116,16.20,EMERALD+,support,2026-10-09T10:11Z
Thresh,Ashe,62.04,9.23,4.27,52.81,245,16.20,EMERALD+,support,2026-10-09T10:11Z
Thresh,Twitch,73.68,17.48,12.58,56.2,114,16.20,EMERALD+,support,2026-10-09T10:11Z
Veigar,Lulu,46.15,-2.79,0.8,48.94,130,16.20,EMERALD+,support,2026-10-09T10:11Z
Veigar,Thresh,46.45,-0.03,3.51,46.48,155,16.20,EMERALD+,support,2026-10-09T10:11Z
Vel'Koz,Zilean,36.97,-10.46,-13.58,47.43,165,16.20,EMERALD+,support,2026-10-09T10:11Z
Vel'Koz,Zyra,43.4,-4.92,-8.04,48.32,159,16.20,EMERALD+,support,2026-10-09T10:11Z
Vel'Koz,Alistar,46.45,-1.44,-4.56,47.89,183,16.20,EMERALD+,support,2026-10-09T10:11Z
Vel'Koz,Blitzcrank,46.6,-0.7,-3.82,47.3,412,16.20,EMERALD+,support,2026-10-09T10:11Z
Vel'Koz,Xerath,47.44,-1.71,-4.83,49.15,215,16.20,EMERALD+,support,2026-10-09T10:11Z
Vel'Koz,Rell,47.44,0.44,-2.68,47.0,156,16.20,EMERALD+,support,2026-10-09T10:11Z
Vel'Koz,Rakan,48.62,1.0,-2.12,47.62,181,16.20,EMERALD+,support,2026-10-09T10:11Z
Vel'Koz,Yuumi,48.75,-2.42,-5.54,51.17,281,16.20,EMERALD+,support,2026-10-09T10:11Z
Vel'Koz,Morgana,49.77,1.96,-1.16,47.81,221,16.20,EMERALD+,support,2026-10-09T10:11Z
Vel'Koz,Pyke,50.0,1.17,-1.95,48.83,234,16.20,EMERALD+,support,2026-10-09T10:11Z
Vel'Koz,Nautilus,50.44,1.62,-1.5,48.82,565,16.20,EMERALD+,support,2026-10-09T10:11Z
Vel'Koz,Lux,50.79,2.15,-0.97,48.64,443,16.20,EMERALD+,support,2026-10-09T10:11Z
Vel'Koz,Braum,50.92,4.36,1.24,46.56,218,16.20,EMERALD+,support,2026-10-09T10:11Z
Vel'Koz,Lulu,51.06,2.12,-1.0,48.94,705,16.20,EMERALD+,support,2026-10-09T10:11Z
Vel'Koz,Leona,51.39,5.17,2.06,46.22,360,16.20,EMERALD+,support,2026-10-09T10:11Z
Vel'Koz,Nami,51.92,4.04,0.92,47.88,495,16.20,EMERALD+,support,2026-10-09T10:11Z
Vel'Koz,Karma,52.15,1.9,-1.22,50.25,372,16.20,EMERALD+,support,2026-10-09T10:11Z
Vel'Koz,Pantheon,52.17,2.89,-0.23,49.28,138,16.20,EMERALD+,support,2026-10-09T10:11Z
Vel'Koz,Tahm Kench,52.94,5.28,2.16,47.66,136,16.20,EMERALD+,support,2026-10-09T10:11Z
Vel'Koz,Soraka,53.04,5.18,2.06,47.86,247,16.20,EMERALD+,support,2026-10-09T10:11Z
Vel'Koz,Thresh,53.31,6.83,3.71,46.48,846,16.20,EMERALD+,support,2026-10-09T10:11Z
Vel'Koz,Janna,54.21,7.17,4.05,47.04,321,16.20,EMERALD+,support,2026-10-09T10:11Z
Vel'Koz,Senna,55.0,7.51,4.39,47.49,280,16.20,EMERALD+,support,2026-10-09T10:11Z
Vel'Koz,Bard,55.42,5.56,2.44,49.86,249,16.20,EMERALD+,support,2026-10-09T10:11Z
Vel'Koz,Swain,55.68,5.32,2.2,50.36,176,16.20,EMERALD+,support,2026-10-09T10:11Z
Vel'Koz,Sona,55.88,9.1,5.98,46.78,102,16.20,EMERALD+,support,2026-10-09T10:11Z
Vel'Koz,Milio,56.35,8.0,4.88,48.35,323,16.20,EMERALD+,support,2026-10-09T10:11Z
Vel'Koz,Seraphine,58.27,10.44,7.32,47.83,393,16.20,EMERALD+,support,2026-10-09T10:11Z
Vel'Koz,Brand,60.78,11.85,8.73,48.93,153,16.20,EMERALD+,support,2026-10-09T10:11Z
Xerath,Neeko,38.98,-9.78,-12.09,48.76,118,16.20,EMERALD+,support,2026-10-09T10:11Z
Xerath,Sylas,42.0,-8.78,-11.09,50.78,100,16.20,EMERALD+,support,2026-10-09T10:11Z
Xerath,Soraka,45.04,-2.82,-5.13,47.86,242,16.20,EMERALD+,support,2026-10-09T10:11Z
Xerath,Rell,45.91,-1.09,-3.4,47.0,159,16.20,EMERALD+,support,2026-10-09T10:11Z
Xerath,Yuumi,45.92,-5.25,-7.56,51.17,331,16.20,EMERALD+,support,2026-10-09T10:11Z
Xerath,Nautilus,46.12,-2.7,-5.01,48.82,644,16.20,EMERALD+,support,2026-10-09T10:11Z
Xerath,Janna,46.41,-0.63,-2.94,47.04,237,16.20,EMERALD+,support,2026-10-09T10:11Z
Xerath,Milio,46.67,-1.68,-3.99,48.35,315,16.20,EMERALD+,support,2026-10-09T10:11Z
Xerath,Lulu,48.18,-0.76,-3.07,48.94,685,16.20,EMERALD+,support,2026-10-09T10:11Z
Xerath,Nami,48.61,0.73,-1.58,47.88,395,16.20,EMERALD+,support,2026-10-09T10:11Z
Xerath,Blitzcrank,49.16,1.86,-0.45,47.3,533,16.20,EMERALD+,support,2026-10-09T10:11Z
Xerath,Bard,49.29,-0.57,-2.88,49.86,280,16.20,EMERALD+,support,2026-10-09T10:11Z
Xerath,Thresh,49.53,3.05,0.74,46.48,949,16.20,EMERALD+,support,2026-10-09T10:11Z
Xerath,Leona,49.64,3.42,1.11,46.22,413,16.20,EMERALD+,support,2026-10-09T10:11Z
Xerath,Sona,50.0,3.22,0.91,46.78,116,16.20,EMERALD+,support,2026-10-09T10:11Z
Xerath,Rakan,50.99,3.37,1.06,47.62,151,16.20,EMERALD+,support,2026-10-09T10:11Z
Xerath,Tahm Kench,51.16,3.5,1.19,47.66,129,16.20,EMERALD+,support,2026-10-09T10:11Z
Xerath,Karma,51.2,0.95,-1.36,50.25,457,16.20,EMERALD+,support,2026-10-09T10:11Z
Xerath,Braum,51.56,5.0,2.69,46.56,225,16.20,EMERALD+,support,2026-10-09T10:11Z
Xerath,Pyke,51.63,2.8,0.49,48.83,399,16.20,EMERALD+,support,2026-10-09T10:11Z
Xerath,Seraphine,52.04,4.21,1.9,47.83,417,16.20,EMERALD+,support,2026-10-09T10:11Z
Xerath,Pantheon,52.4,3.12,0.81,49.28,208,16.20,EMERALD+,support,2026-10-09T10:11Z
Xerath,Camille,52.52,0.79,-1.52,51.73,139,16.20,EMERALD+,support,2026-10-09T10:11Z
Xerath,Zyra,53.76,5.44,3.13,48.32,186,16.20,EMERALD+,support,2026-10-09T10:11Z
Xerath,Senna,54.15,6.66,4.35,47.49,301,16.20,EMERALD+,support,2026-10-09T10:11Z
Xerath,Lux,54.66,6.02,3.71,48.64,730,16.20,EMERALD+,support,2026-10-09T10:11Z
Xerath,Morgana,54.84,7.03,4.72,47.81,279,16.20,EMERALD+,support,2026-10-09T10:11Z
Xerath,Swain,55.29,4.93,2.62,50.36,208,16.20,EMERALD+,support,2026-10-09T10:11Z
Xerath,Alistar,55.45,7.56,5.25,47.89,202,16.20,EMERALD+,support,2026-10-09T10:11Z
Xerath,Brand,55.91,6.98,4.67,48.93,186,16.20,EMERALD+,support,2026-10-09T10:11Z
Xerath,Vel'Koz,57.27,8.93,6.62,48.34,220,16.20,EMERALD+,support,2026-10-09T10:11Z
Xerath,Zilean,57.96,10.53,8.22,47.43,157,16.20,EMERALD+,support,2026-10-09T10:11Z
Yuumi,Braum,42.34,-4.22,-4.52,46.56,529,16.20,EMERALD+,support,2026-10-09T10:11Z
Yuumi,Alistar,43.52,-4.37,-4.66,47.89,586,16.20,EMERALD+,support,2026-10-09T10:11Z
Yuumi,Rakan,44.1,-3.52,-3.81,47.62,424,16.20,EMERALD+,support,2026-10-09T10:11Z
Yuumi,Rell,44.57,-2.43,-2.73,47.0,451,16.20,EMERALD+,support,2026-10-09T10:11Z
Yuumi,Thresh,44.58,-1.9,-2.2,46.48,1568,16.20,EMERALD+,support,2026-10-09T10:11Z
Yuumi,Leona,44.75,-1.47,-1.77,46.22,905,16.20,EMERALD+,support,2026-10-09T10:11Z
Yuumi,Nautilus,44.98,-3.84,-4.13,48.82,1216,16.20,EMERALD+,support,2026-10-09T10:11Z
Yuumi,Tahm Kench,45.69,-1.97,-2.26,47.66,267,16.20,EMERALD+,support,2026-10-09T10:11Z
Yuumi,Blitzcrank,45.74,-1.56,-1.85,47.3,774,16.20,EMERALD+,support,2026-10-09T10:11Z
Yuumi,Janna,46.21,-0.83,-1.13,47.04,634,16.20,EMERALD+,support,2026-10-09T10:11Z
Yuumi,Milio,46.69,-1.66,-1.95,48.35,771,16.20,EMERALD+,support,2026-10-09T10:11Z
Yuumi,Sylas,47.65,-3.13,-3.42,50.78,149,16.20,EMERALD+,support,2026-10-09T10:11Z
Yuumi,Sona,47.78,1.0,0.7,46.78,316,16.20,EMERALD+,support,2026-10-09T10:11Z
Yuumi,Zilean,48.15,0.72,0.43,47.43,324,16.20,EMERALD+,support,2026-10-09T10:11Z
Yuumi,Senna,48.46,0.97,0.68,47.49,615,16.20,EMERALD+,support,2026-10-09T10:11Z
Yuumi,Nami,48.69,0.81,0.52,47.88,1031,16.20,EMERALD+,support,2026-10-09T10:11Z
Yuumi,Maokai,48.73,0.87,0.58,47.86,158,16.20,EMERALD+,support,2026-10-09T10:11Z
Yuumi,Renata Glasc,48.98,-0.43,-0.72,49.41,147,16.20,EMERALD+,support,2026-10-09T10:11Z
Yuumi,Soraka,48.98,1.12,0.83,47.86,635,16.20,EMERALD+,support,2026-10-09T10:11Z
Yuumi,Poppy,49.17,1.37,1.08,47.8,181,16.20,EMERALD+,support,2026-10-09T10:11Z
Yuumi,Pantheon,49.52,0.24,-0.05,49.28,517,16.20,EMERALD+,support,2026-10-09T10:11Z
Yuumi,Bard,49.62,-0.24,-0.53,49.86,520,16.20,EMERALD+,support,2026-10-09T10:11Z
Yuumi,Lulu,50.34,1.4,1.11,48.94,2068,16.20,EMERALD+,support,2026-10-09T10:11Z
Yuumi,Seraphine,50.54,2.71,2.42,47.83,645,16.20,EMERALD+,support,2026-10-09T10:11Z
Yuumi,Neeko,51.15,2.39,2.1,48.76,174,16.20,EMERALD+,support,2026-10-09T10:11Z
Yuumi,Pyke,51.94,3.11,2.82,48.83,722,16.20,EMERALD+,support,2026-10-09T10:11Z
Yuumi,Brand,52.02,3.09,2.8,48.93,198,16.20,EMERALD+,support,2026-10-09T10:11Z
Yuumi,Zyra,52.04,3.72,3.43,48.32,269,16.20,EMERALD+,support,2026-10-09T10:11Z
Yuumi,Camille,52.28,0.55,0.26,51.73,241,16.20,EMERALD+,support,2026-10-09T10:11Z
Yuumi,Karma,52.84,2.59,2.3,50.25,723,16.20,EMERALD+,support,2026-10-09T10:11Z
Yuumi,Morgana,52.94,5.13,4.84,47.81,306,16.20,EMERALD+,support,2026-10-09T10:11Z
Yuumi,Lux,53.68,5.04,4.75,48.64,693,16.20,EMERALD+,support,2026-10-09T10:11Z
Yuumi,Vel'Koz,55.85,7.51,7.22,48.34,265,16.20,EMERALD+,support,2026-10-09T10:11Z
Yuumi,Taric,56.25,10.54,10.24,45.71,112,16.20,EMERALD+,support,2026-10-09T10:11Z
Yuumi,Xerath,56.68,7.53,7.24,49.15,307,16.20,EMERALD+,support,2026-10-09T10:11Z
Yuumi,Shaco,57.64,6.17,5.88,51.47,144,16.20,EMERALD+,support,2026-10-09T10:11Z
Yuumi,Swain,58.0,7.64,7.35,50.36,300,16.20,EMERALD+,support,2026-10-09T10:11Z
Zilean,Sona,43.68,-3.1,-7.13,46.78,174,16.20,EMERALD+,support,2026-10-09T10:11Z
Zilean,Milio,46.5,-1.85,-5.88,48.35,443,16.20,EMERALD+,support,2026-10-09T10:11Z
Zilean,Tahm Kench,46.72,-0.94,-4.97,47.66,137,16.20,EMERALD+,support,2026-10-09T10:11Z
Zilean,Pyke,48.19,-0.64,-4.67,48.83,276,16.20,EMERALD+,support,2026-10-09T10:11Z
Zilean,Senna,48.4,0.91,-3.12,47.49,343,16.20,EMERALD+,support,2026-10-09T10:11Z
Zilean,Nautilus,49.42,0.6,-3.43,48.82,520,16.20,EMERALD+,support,2026-10-09T10:11Z
Zilean,Janna,50.12,3.08,-0.95,47.04,433,16.20,EMERALD+,support,2026-10-09T10:11Z
Zilean,Lulu,50.7,1.76,-2.27,48.94,854,16.20,EMERALD+,support,2026-10-09T10:11Z
Zilean,Nami,51.21,3.33,-0.7,47.88,578,16.20,EMERALD+,support,2026-10-09T10:11Z
Zilean,Thresh,51.93,5.45,1.42,46.48,828,16.20,EMERALD+,support,2026-10-09T10:11Z
Zilean,Karma,52.17,1.92,-2.11,50.25,437,16.20,EMERALD+,support,2026-10-09T10:11Z
Zilean,Soraka,52.23,4.37,0.34,47.86,314,16.20,EMERALD+,support,2026-10-09T10:11Z
Zilean,Xerath,52.47,3.32,-0.71,49.15,162,16.20,EMERALD+,support,2026-10-09T10:11Z
Zilean,Seraphine,52.49,4.66,0.63,47.83,402,16.20,EMERALD+,support,2026-10-09T10:11Z
Zilean,Pantheon,52.6,3.32,-0.71,49.28,154,16.20,EMERALD+,support,2026-10-09T10:11Z
Zilean,Morgana,52.83,5.02,0.99,47.81,212,16.20,EMERALD+,support,2026-10-09T10:11Z
Zilean,Braum,52.83,6.27,2.24,46.56,265,16.20,EMERALD+,support,2026-10-09T10:11Z
Zilean,Leona,52.87,6.65,2.62,46.22,401,16.20,EMERALD+,support,2026-10-09T10:11Z
Zilean,Blitzcrank,53.06,5.76,1.73,47.3,409,16.20,EMERALD+,support,2026-10-09T10:11Z
Zilean,Alistar,53.31,5.42,1.39,47.89,272,16.20,EMERALD+,support,2026-10-09T10:11Z
Zilean,Yuumi,53.78,2.61,-1.42,51.17,344,16.20,EMERALD+,support,2026-10-09T10:11Z
Zilean,Bard,55.06,5.2,1.17,49.86,316,16.20,EMERALD+,support,2026-10-09T10:11Z
Zilean,Lux,56.0,7.36,3.33,48.64,375,16.20,EMERALD+,support,2026-10-09T10:11Z
Zilean,Rakan,56.22,8.6,4.57,47.62,201,16.20,EMERALD+,support,2026-10-09T10:11Z
Zilean,Rell,57.55,10.55,6.52,47.0,212,16.20,EMERALD+,support,2026-10-09T10:11Z
Zilean,Zyra,58.39,10.07,6.04,48.32,149,16.20,EMERALD+,support,2026-10-09T10:11Z
Zilean,Swain,60.14,9.78,5.75,50.36,138,16.20,EMERALD+,support,2026-10-09T10:11Z
Zilean,Brand,61.9,12.97,8.94,48.93,126,16.20,EMERALD+,support,2026-10-09T10:11Z
Zilean,Vel'Koz,62.99,14.65,10.62,48.34,154,16.20,EMERALD+,support,2026-10-09T10:11Z
Zoe,Nautilus,42.07,-6.75,-8.04,48.82,164,16.20,EMERALD+,support,2026-10-09T10:11Z
Zoe,Lulu,44.55,-4.39,-5.68,48.94,202,16.20,EMERALD+,support,2026-10-09T10:11Z
Zoe,Janna,44.55,-2.49,-3.78,47.04,110,16.20,EMERALD+,support,2026-10-09T10:11Z
Zoe,Pyke,46.15,-2.68,-3.97,48.83,130,16.20,EMERALD+,support,2026-10-09T10:11Z
Zoe,Karma,47.15,-3.1,-4.39,50.25,123,16.20,EMERALD+,support,2026-10-09T10:11Z
Zoe,Blitzcrank,48.28,0.98,-0.31,47.3,116,16.20,EMERALD+,support,2026-10-09T10:11Z
Zoe,Thresh,51.84,5.36,4.07,46.48,245,16.20,EMERALD+,support,2026-10-09T10:11Z
Zoe,Leona,52.63,6.41,5.12,46.22,114,16.20,EMERALD+,support,2026-10-09T10:11Z
Zoe,Nami,52.94,5.06,3.77,47.88,153,16.20,EMERALD+,support,2026-10-09T10:11Z
Zoe,Lux,53.49,4.85,3.56,48.64,129,16.20,EMERALD+,support,2026-10-09T10:11Z
Zyra,Sona,43.59,-3.19,-6.33,46.78,117,16.20,EMERALD+,support,2026-10-09T10:11Z
Zyra,Zilean,44.6,-2.83,-5.97,47.43,139,16.20,EMERALD+,support,2026-10-09T10:11Z
Zyra,Blitzcrank,45.04,-2.26,-5.4,47.3,262,16.20,EMERALD+,support,2026-10-09T10:11Z
Zyra,Pyke,46.19,-2.64,-5.78,48.83,223,16.20,EMERALD+,support,2026-10-09T10:11Z
Zyra,Janna,47.43,0.39,-2.75,47.04,253,16.20,EMERALD+,support,2026-10-09T10:11Z
Zyra,Karma,48.12,-2.13,-5.27,50.25,372,16.20,EMERALD+,support,2026-10-09T10:11Z
Zyra,Bard,48.54,-1.32,-4.46,49.86,206,16.20,EMERALD+,support,2026-10-09T10:11Z
Zyra,Leona,49.73,3.51,0.38,46.22,372,16.20,EMERALD+,support,2026-10-09T10:11Z
Zyra,Milio,50.16,1.81,-1.33,48.35,319,16.20,EMERALD+,support,2026-10-09T10:11Z
Zyra,Alistar,50.26,2.37,-0.77,47.89,193,16.20,EMERALD+,support,2026-10-09T10:11Z
Zyra,Soraka,50.84,2.98,-0.16,47.86,299,16.20,EMERALD+,support,2026-10-09T10:11Z
Zyra,Neeko,50.91,2.15,-0.99,48.76,110,16.20,EMERALD+,support,2026-10-09T10:11Z
Zyra,Yuumi,51.05,-0.12,-3.26,51.17,286,16.20,EMERALD+,support,2026-10-09T10:11Z
Zyra,Lux,51.35,2.71,-0.43,48.64,370,16.20,EMERALD+,support,2026-10-09T10:11Z
Zyra,Nautilus,51.65,2.83,-0.31,48.82,395,16.20,EMERALD+,support,2026-10-09T10:11Z
Zyra,Seraphine,52.32,4.49,1.35,47.83,388,16.20,EMERALD+,support,2026-10-09T10:11Z
Zyra,Thresh,52.35,5.87,2.73,46.48,703,16.20,EMERALD+,support,2026-10-09T10:11Z
Zyra,Pantheon,52.98,3.7,0.56,49.28,151,16.20,EMERALD+,support,2026-10-09T10:11Z
Zyra,Swain,53.06,2.7,-0.44,50.36,147,16.20,EMERALD+,support,2026-10-09T10:11Z
Zyra,Rakan,53.79,6.17,3.03,47.62,145,16.20,EMERALD+,support,2026-10-09T10:11Z
Zyra,Nami,53.97,6.09,2.95,47.88,517,16.20,EMERALD+,support,2026-10-09T10:11Z
Zyra,Morgana,54.11,6.3,3.16,47.81,207,16.20,EMERALD+,support,2026-10-09T10:11Z
Zyra,Lulu,54.22,5.28,2.14,48.94,651,16.20,EMERALD+,support,2026-10-09T10:11Z
Zyra,Senna,55.09,7.6,4.46,47.49,265,16.20,EMERALD+,support,2026-10-09T10:11Z
Zyra,Xerath,55.19,6.04,2.9,49.15,183,16.20,EMERALD+,support,2026-10-09T10:11Z
Zyra,Tahm Kench,55.45,7.79,4.65,47.66,101,16.20,EMERALD+,support,2026-10-09T10:11Z
Zyra,Brand,55.63,6.7,3.56,48.93,151,16.20,EMERALD+,support,2026-10-09T10:11Z
Zyra,Braum,56.64,10.08,6.94,46.56,226,16.20,EMERALD+,support,2026-10-09T10:11Z
Zyra,Rell,57.89,10.89,7.75,47.0,190,16.20,EMERALD+,support,2026-10-09T10:11Z
Zyra,Vel'Koz,58.82,10.48,7.34,48.34,170,16.20,EMERALD+,support,2026-10-09T10:11Z
