champion,opponent,wr,delta_vs_avg,delta_norm,opp_avg_wr,games,patch,tier,lane,fetched_at
Aatrox,Vayne,43.64,-5.36,-7.87,49.0,165,16.20,EMERALD+,top,2026-10-09T10:04Z
Aatrox,Kennen,45.45,-3.5,-6.01,48.95,209,16.20,EMERALD+,top,2026-10-09T10:04Z
Aatrox,Singed,45.92,-0.59,-3.1,46.51,294,16.20,EMERALD+,top,2026-10-09T10:04Z
Aatrox,Fiora,46.7,-1.31,-3.82,48.01,728,16.20,EMERALD+,top,2026-10-09T10:04Z
Aatrox,Gragas,47.16,-2.4,-4.91,49.56,299,16.20,EMERALD+,top,2026-10-09T10:04Z
Aatrox,Gwen,47.39,-1.05,-3.56,48.44,249,16.20,EMERALD+,top,2026-10-09T10:04Z
Aatrox,Ornn,47.42,0.77,-1.74,46.65,407,16.20,EMERALD+,top,2026-10-09T10:04Z
Aatrox,Yasuo,48.05,-0.75,-3.26,48.8,410,16.20,EMERALD+,top,2026-10-09T10:04Z
Aatrox,Irelia,48.16,-0.26,-2.77,48.42,735,16.20,EMERALD+,top,2026-10-09T10:04Z
Aatrox,Pantheon,48.19,0.54,-1.97,47.65,469,16.20,EMERALD+,top,2026-10-09T10:04Z
Aatrox,Cho'Gath,48.47,1.01,-1.5,47.46,359,16.20,EMERALD+,top,2026-10-09T10:04Z
Aatrox,Jax,48.53,-0.27,-2.78,48.8,713,16.20,EMERALD+,top,2026-10-09T10:04Z
Aatrox,Camille,48.79,1.03,-1.48,47.76,535,16.20,EMERALD+,top,2026-10-09T10:04Z
Aatrox,Jayce,48.83,-1.91,-4.42,50.74,1022,16.20,EMERALD+,top,2026-10-09T10:04Z
Aatrox,Warwick,48.98,1.81,-0.7,47.17,196,16.20,EMERALD+,top,2026-10-09T10:04Z
Aatrox,Ambessa,49.8,-0.1,-2.61,49.9,510,16.20,EMERALD+,top,2026-10-09T10:04Z
Aatrox,Wukong,50.31,1.98,-0.53,48.33,163,16.20,EMERALD+,top,2026-10-09T10:04Z
Aatrox,Olaf,50.36,2.04,-0.47,48.32,274,16.20,EMERALD+,top,2026-10-09T10:04Z
Aatrox,Kled,50.4,0.99,-1.52,49.41,248,16.20,EMERALD+,top,2026-10-09T10:04Z
Aatrox,Yorick,50.66,1.77,-0.74,48.89,304,16.20,EMERALD+,top,2026-10-09T10:04Z
Aatrox,Urgot,50.68,3.9,1.39,46.78,367,16.20,EMERALD+,top,2026-10-09T10:04Z
Aatrox,Rumble,50.79,-1.07,-3.58,51.86,191,16.20,EMERALD+,top,2026-10-09T10:04Z
Aatrox,Kayle,51.08,3.76,1.25,47.32,231,16.20,EMERALD+,top,2026-10-09T10:04Z
Aatrox,Darius,51.17,2.49,-0.02,48.68,895,16.20,EMERALD+,top,2026-10-09T10:04Z
Aatrox,Gnar,51.32,1.75,-0.76,49.57,454,16.20,EMERALD+,top,2026-10-09T10:04Z
Aatrox,Renekton,51.36,2.32,-0.19,49.04,880,16.20,EMERALD+,top,2026-10-09T10:04Z
Aatrox,Nasus,51.54,3.45,0.94,48.09,617,16.20,EMERALD+,top,2026-10-09T10:04Z
Aatrox,Mordekaiser,51.55,3.95,1.44,47.6,772,16.20,EMERALD+,top,2026-10-09T10:04Z
Aatrox,Malphite,51.63,5.35,2.84,46.28,767,16.20,EMERALD+,top,2026-10-09T10:04Z
Aatrox,Riven,51.65,2.89,0.38,48.76,273,16.20,EMERALD+,top,2026-10-09T10:04Z
Aatrox,Yone,51.7,3.03,0.52,48.67,1356,16.20,EMERALD+,top,2026-10-09T10:04Z
Aatrox,Zaahen,51.94,3.39,0.88,48.55,335,16.20,EMERALD+,top,2026-10-09T10:04Z
Aatrox,Teemo,52.22,5.27,2.76,46.95,540,16.20,EMERALD+,top,2026-10-09T10:04Z
Aatrox,Illaoi,52.29,4.36,1.85,47.93,306,16.20,EMERALD+,top,2026-10-09T10:04Z
Aatrox,Gangplank,52.52,4.21,1.7,48.31,813,16.20,EMERALD+,top,2026-10-09T10:04Z
Aatrox,Trundle,53.02,3.48,0.97,49.54,149,16.20,EMERALD+,top,2026-10-09T10:04Z
Aatrox,Dr. Mundo,53.5,5.58,3.07,47.92,400,16.20,EMERALD+,top,2026-10-09T10:04Z
Aatrox,Vladimir,53.51,4.21,1.7,49.3,114,16.20,EMERALD+,top,2026-10-09T10:04Z
Aatrox,Garen,53.56,5.72,3.21,47.84,661,16.20,EMERALD+,top,2026-10-09T10:04Z
Aatrox,Shen,53.61,6.28,3.77,47.33,388,16.20,EMERALD+,top,2026-10-09T10:04Z
Aatrox,Sett,53.76,6.35,3.84,47.41,798,16.20,EMERALD+,top,2026-10-09T10:04Z
Aatrox,Tryndamere,53.94,5.68,3.17,48.26,432,16.20,EMERALD+,top,2026-10-09T10:04Z
Aatrox,K'Sante,54.02,2.18,-0.33,51.84,498,16.20,EMERALD+,top,2026-10-09T10:04Z
Aatrox,Sion,54.06,5.48,2.97,48.58,320,16.20,EMERALD+,top,2026-10-09T10:04Z
Aatrox,Tahm Kench,54.79,6.51,4.0,48.28,219,16.20,EMERALD+,top,2026-10-09T10:04Z
Aatrox,Volibear,55.46,5.48,2.97,49.98,586,16.20,EMERALD+,top,2026-10-09T10:04Z
Aatrox,Heimerdinger,55.47,6.86,4.35,48.61,137,16.20,EMERALD+,top,2026-10-09T10:04Z
Aatrox,Corki,56.36,2.84,0.34,53.52,110,16.20,EMERALD+,top,2026-10-09T10:04Z
Aatrox,Akali,56.77,8.04,5.53,48.73,266,16.20,EMERALD+,top,2026-10-09T10:04Z
Aatrox,Poppy,60.0,11.4,8.89,48.6,100,16.20,EMERALD+,top,2026-10-09T10:04Z
Akali,Nasus,42.64,-5.45,-8.18,48.09,258,16.20,EMERALD+,top,2026-10-09T10:04Z
Akali,Tryndamere,44.68,-3.58,-6.31,48.26,188,16.20,EMERALD+,top,2026-10-09T10:04Z
Akali,Shen,45.07,-2.26,-4.99,47.33,142,16.20,EMERALD+,top,2026-10-09T10:04Z
Akali,Jayce,45.79,-4.95,-7.68,50.74,321,16.20,EMERALD+,top,2026-10-09T10:04Z
Akali,Ornn,46.88,0.23,-2.5,46.65,128,16.20,EMERALD+,top,2026-10-09T10:04Z
Akali,Zaahen,47.41,-1.14,-3.87,48.55,116,16.20,EMERALD+,top,2026-10-09T10:04Z
Akali,Sion,47.44,-1.14,-3.87,48.58,156,16.20,EMERALD+,top,2026-10-09T10:04Z
Akali,Pantheon,47.79,0.14,-2.59,47.65,226,16.20,EMERALD+,top,2026-10-09T10:04Z
Akali,Riven,47.93,-0.83,-3.56,48.76,121,16.20,EMERALD+,top,2026-10-09T10:04Z
Akali,Fiora,48.42,0.41,-2.32,48.01,221,16.20,EMERALD+,top,2026-10-09T10:04Z
Akali,Renekton,48.46,-0.58,-3.31,49.04,293,16.20,EMERALD+,top,2026-10-09T10:04Z
Akali,Aatrox,48.68,-0.27,-3.0,48.95,265,16.20,EMERALD+,top,2026-10-09T10:04Z
Akali,Mordekaiser,48.82,1.22,-1.51,47.6,254,16.20,EMERALD+,top,2026-10-09T10:04Z
Akali,Gragas,48.99,-0.57,-3.3,49.56,149,16.20,EMERALD+,top,2026-10-09T10:04Z
Akali,Sett,49.03,1.62,-1.11,47.41,259,16.20,EMERALD+,top,2026-10-09T10:04Z
Akali,Irelia,49.85,1.43,-1.3,48.42,331,16.20,EMERALD+,top,2026-10-09T10:04Z
Akali,Jax,50.25,1.45,-1.28,48.8,396,16.20,EMERALD+,top,2026-10-09T10:04Z
Akali,Urgot,50.48,3.7,0.97,46.78,105,16.20,EMERALD+,top,2026-10-09T10:04Z
Akali,Cho'Gath,50.57,3.11,0.38,47.46,174,16.20,EMERALD+,top,2026-10-09T10:04Z
Akali,Ambessa,50.82,0.92,-1.81,49.9,183,16.20,EMERALD+,top,2026-10-09T10:04Z
Akali,Gangplank,51.1,2.79,0.06,48.31,272,16.20,EMERALD+,top,2026-10-09T10:04Z
Akali,Malphite,51.3,5.02,2.29,46.28,308,16.20,EMERALD+,top,2026-10-09T10:04Z
Akali,Garen,51.45,3.61,0.88,47.84,311,16.20,EMERALD+,top,2026-10-09T10:04Z
Akali,Yasuo,52.14,3.34,0.61,48.8,257,16.20,EMERALD+,top,2026-10-09T10:04Z
Akali,Darius,53.48,4.8,2.07,48.68,316,16.20,EMERALD+,top,2026-10-09T10:04Z
Akali,Olaf,53.67,5.35,2.62,48.32,177,16.20,EMERALD+,top,2026-10-09T10:04Z
Akali,Camille,54.84,7.08,4.35,47.76,217,16.20,EMERALD+,top,2026-10-09T10:04Z
Akali,Kennen,55.37,6.42,3.69,48.95,121,16.20,EMERALD+,top,2026-10-09T10:04Z
Akali,Yone,55.79,7.12,4.39,48.67,769,16.20,EMERALD+,top,2026-10-09T10:04Z
Akali,Teemo,56.14,9.19,6.46,46.95,285,16.20,EMERALD+,top,2026-10-09T10:04Z
Akali,Gnar,56.25,6.68,3.95,49.57,192,16.20,EMERALD+,top,2026-10-09T10:04Z
Akali,Dr. Mundo,56.72,8.8,6.07,47.92,134,16.20,EMERALD+,top,2026-10-09T10:04Z
Akali,Gwen,57.52,9.08,6.35,48.44,113,16.20,EMERALD+,top,2026-10-09T10:04Z
Akali,K'Sante,58.33,6.49,3.76,51.84,156,16.20,EMERALD+,top,2026-10-09T10:04Z
Akali,Volibear,60.0,10.02,7.29,49.98,220,16.20,EMERALD+,top,2026-10-09T10:04Z
Akali,Kayle,61.0,13.68,10.95,47.32,100,16.20,EMERALD+,top,2026-10-09T10:04Z
Ambessa,Riven,43.56,-5.2,-6.76,48.76,163,16.20,EMERALD+,top,2026-10-09T10:04Z
Ambessa,Gragas,44.44,-5.12,-6.68,49.56,180,16.20,EMERALD+,top,2026-10-09T10:04Z
Ambessa,Urgot,44.51,-2.27,-3.83,46.78,173,16.20,EMERALD+,top,2026-10-09T10:04Z
Ambessa,Sett,45.58,-1.83,-3.39,47.41,373,16.20,EMERALD+,top,2026-10-09T10:04Z
Ambessa,Tryndamere,45.64,-2.62,-4.18,48.26,241,16.20,EMERALD+,top,2026-10-09T10:04Z
Ambessa,Warwick,45.86,-1.31,-2.87,47.17,133,16.20,EMERALD+,top,2026-10-09T10:04Z
Ambessa,Kayle,45.97,-1.35,-2.91,47.32,124,16.20,EMERALD+,top,2026-10-09T10:04Z
Ambessa,Camille,46.15,-1.61,-3.17,47.76,403,16.20,EMERALD+,top,2026-10-09T10:04Z
Ambessa,Ornn,46.78,0.13,-1.43,46.65,233,16.20,EMERALD+,top,2026-10-09T10:04Z
Ambessa,Illaoi,46.86,-1.07,-2.63,47.93,175,16.20,EMERALD+,top,2026-10-09T10:04Z
Ambessa,Gangplank,46.87,-1.44,-3.0,48.31,335,16.20,EMERALD+,top,2026-10-09T10:04Z
Ambessa,Zaahen,47.2,-1.35,-2.91,48.55,250,16.20,EMERALD+,top,2026-10-09T10:04Z
Ambessa,Cho'Gath,47.6,0.14,-1.42,47.46,208,16.20,EMERALD+,top,2026-10-09T10:04Z
Ambessa,Renekton,47.83,-1.21,-2.77,49.04,761,16.20,EMERALD+,top,2026-10-09T10:04Z
Ambessa,Singed,48.39,1.88,0.32,46.51,155,16.20,EMERALD+,top,2026-10-09T10:04Z
Ambessa,Irelia,48.88,0.46,-1.1,48.42,313,16.20,EMERALD+,top,2026-10-09T10:04Z
Ambessa,Malphite,48.97,2.69,1.13,46.28,390,16.20,EMERALD+,top,2026-10-09T10:04Z
Ambessa,Jax,49.04,0.24,-1.32,48.8,363,16.20,EMERALD+,top,2026-10-09T10:04Z
Ambessa,Pantheon,49.1,1.45,-0.11,47.65,222,16.20,EMERALD+,top,2026-10-09T10:04Z
Ambessa,Yone,49.41,0.74,-0.82,48.67,593,16.20,EMERALD+,top,2026-10-09T10:04Z
Ambessa,Jayce,49.51,-1.23,-2.79,50.74,509,16.20,EMERALD+,top,2026-10-09T10:04Z
Ambessa,Akali,50.0,1.27,-0.29,48.73,184,16.20,EMERALD+,top,2026-10-09T10:04Z
Ambessa,Shen,50.0,2.67,1.11,47.33,204,16.20,EMERALD+,top,2026-10-09T10:04Z
Ambessa,Teemo,50.21,3.26,1.7,46.95,243,16.20,EMERALD+,top,2026-10-09T10:04Z
Ambessa,Dr. Mundo,50.27,2.35,0.79,47.92,185,16.20,EMERALD+,top,2026-10-09T10:04Z
Ambessa,Mordekaiser,50.28,2.68,1.12,47.6,352,16.20,EMERALD+,top,2026-10-09T10:04Z
Ambessa,Gnar,50.67,1.1,-0.46,49.57,223,16.20,EMERALD+,top,2026-10-09T10:04Z
Ambessa,Garen,51.03,3.19,1.63,47.84,388,16.20,EMERALD+,top,2026-10-09T10:04Z
Ambessa,Darius,51.35,2.67,1.11,48.68,407,16.20,EMERALD+,top,2026-10-09T10:04Z
Ambessa,Yasuo,51.48,2.68,1.12,48.8,237,16.20,EMERALD+,top,2026-10-09T10:04Z
Ambessa,Volibear,51.66,1.68,0.12,49.98,271,16.20,EMERALD+,top,2026-10-09T10:04Z
Ambessa,Rumble,51.75,-0.11,-1.67,51.86,114,16.20,EMERALD+,top,2026-10-09T10:04Z
Ambessa,Kennen,52.42,3.47,1.91,48.95,124,16.20,EMERALD+,top,2026-10-09T10:04Z
Ambessa,Fiora,52.53,4.52,2.96,48.01,375,16.20,EMERALD+,top,2026-10-09T10:04Z
Ambessa,Aatrox,53.0,4.05,2.49,48.95,517,16.20,EMERALD+,top,2026-10-09T10:04Z
Ambessa,K'Sante,53.07,1.23,-0.33,51.84,309,16.20,EMERALD+,top,2026-10-09T10:04Z
Ambessa,Kled,53.68,4.27,2.71,49.41,136,16.20,EMERALD+,top,2026-10-09T10:04Z
Ambessa,Yorick,54.6,5.71,4.15,48.89,163,16.20,EMERALD+,top,2026-10-09T10:04Z
Ambessa,Tahm Kench,54.92,6.64,5.08,48.28,122,16.20,EMERALD+,top,2026-10-09T10:04Z
Ambessa,Nasus,55.14,7.05,5.49,48.09,292,16.20,EMERALD+,top,2026-10-09T10:04Z
Ambessa,Olaf,57.29,8.97,7.41,48.32,192,16.20,EMERALD+,top,2026-10-09T10:04Z
Ambessa,Gwen,57.62,9.18,7.62,48.44,151,16.20,EMERALD+,top,2026-10-09T10:04Z
Ambessa,Sion,59.24,10.66,9.1,48.58,184,16.20,EMERALD+,top,2026-10-09T10:04Z
Camille,Yorick,44.0,-4.89,-8.59,48.89,175,16.20,EMERALD+,top,2026-10-09T10:04Z
Camille,Wukong,45.87,-2.46,-6.16,48.33,109,16.20,EMERALD+,top,2026-10-09T10:04Z
Camille,Pantheon,46.21,-1.44,-5.14,47.65,264,16.20,EMERALD+,top,2026-10-09T10:04Z
Camille,Warwick,47.22,0.05,-3.65,47.17,144,16.20,EMERALD+,top,2026-10-09T10:04Z
Camille,Kled,47.71,-1.7,-5.4,49.41,153,16.20,EMERALD+,top,2026-10-09T10:04Z
Camille,Teemo,48.42,1.47,-2.23,46.95,285,16.20,EMERALD+,top,2026-10-09T10:04Z
Camille,Ornn,48.43,1.78,-1.92,46.65,351,16.20,EMERALD+,top,2026-10-09T10:04Z
Camille,Kayle,48.45,1.13,-2.57,47.32,161,16.20,EMERALD+,top,2026-10-09T10:04Z
Camille,Fiora,48.81,0.8,-2.9,48.01,463,16.20,EMERALD+,top,2026-10-09T10:04Z
Camille,Akali,48.82,0.09,-3.61,48.73,211,16.20,EMERALD+,top,2026-10-09T10:04Z
Camille,Urgot,49.09,2.31,-1.39,46.78,220,16.20,EMERALD+,top,2026-10-09T10:04Z
Camille,Gangplank,49.45,1.14,-2.56,48.31,451,16.20,EMERALD+,top,2026-10-09T10:04Z
Camille,K'Sante,50.15,-1.69,-5.38,51.84,333,16.20,EMERALD+,top,2026-10-09T10:04Z
Camille,Nasus,50.58,2.49,-1.21,48.09,346,16.20,EMERALD+,top,2026-10-09T10:04Z
Camille,Yone,50.71,2.04,-1.66,48.67,704,16.20,EMERALD+,top,2026-10-09T10:04Z
Camille,Shen,51.4,4.07,0.37,47.33,321,16.20,EMERALD+,top,2026-10-09T10:04Z
Camille,Poppy,51.43,2.83,-0.87,48.6,105,16.20,EMERALD+,top,2026-10-09T10:04Z
Camille,Trundle,51.46,1.92,-1.78,49.54,103,16.20,EMERALD+,top,2026-10-09T10:04Z
Camille,Gnar,51.49,1.92,-1.78,49.57,268,16.20,EMERALD+,top,2026-10-09T10:04Z
Camille,Dr. Mundo,51.52,3.6,-0.1,47.92,198,16.20,EMERALD+,top,2026-10-09T10:04Z
Camille,Malphite,51.68,5.4,1.7,46.28,416,16.20,EMERALD+,top,2026-10-09T10:04Z
Camille,Illaoi,51.69,3.76,0.06,47.93,178,16.20,EMERALD+,top,2026-10-09T10:04Z
Camille,Mordekaiser,51.82,4.22,0.52,47.6,384,16.20,EMERALD+,top,2026-10-09T10:04Z
Camille,Renekton,52.12,3.08,-0.62,49.04,591,16.20,EMERALD+,top,2026-10-09T10:04Z
Camille,Olaf,52.26,3.94,0.24,48.32,287,16.20,EMERALD+,top,2026-10-09T10:04Z
Camille,Sett,52.29,4.88,1.18,47.41,480,16.20,EMERALD+,top,2026-10-09T10:04Z
Camille,Jax,52.5,3.7,-0.0,48.8,621,16.20,EMERALD+,top,2026-10-09T10:04Z
Camille,Gwen,52.54,4.1,0.4,48.44,236,16.20,EMERALD+,top,2026-10-09T10:04Z
Camille,Gragas,53.03,3.47,-0.23,49.56,198,16.20,EMERALD+,top,2026-10-09T10:04Z
Camille,Zaahen,53.33,4.78,1.08,48.55,255,16.20,EMERALD+,top,2026-10-09T10:04Z
Camille,Tahm Kench,53.42,5.14,1.44,48.28,161,16.20,EMERALD+,top,2026-10-09T10:04Z
Camille,Tryndamere,53.64,5.38,1.68,48.26,261,16.20,EMERALD+,top,2026-10-09T10:04Z
Camille,Darius,53.82,5.14,1.44,48.68,524,16.20,EMERALD+,top,2026-10-09T10:04Z
Camille,Volibear,53.94,3.96,0.26,49.98,393,16.20,EMERALD+,top,2026-10-09T10:04Z
Camille,Kennen,54.01,5.06,1.36,48.95,137,16.20,EMERALD+,top,2026-10-09T10:04Z
Camille,Aatrox,54.07,5.12,1.42,48.95,516,16.20,EMERALD+,top,2026-10-09T10:04Z
Camille,Irelia,54.09,5.67,1.97,48.42,342,16.20,EMERALD+,top,2026-10-09T10:04Z
Camille,Singed,54.39,7.88,4.18,46.51,239,16.20,EMERALD+,top,2026-10-09T10:04Z
Camille,Cho'Gath,54.73,7.27,3.57,47.46,243,16.20,EMERALD+,top,2026-10-09T10:04Z
Camille,Rumble,54.95,3.09,-0.6,51.86,111,16.20,EMERALD+,top,2026-10-09T10:04Z
Camille,Riven,55.75,6.99,3.29,48.76,226,16.20,EMERALD+,top,2026-10-09T10:04Z
Camille,Ambessa,56.36,6.46,2.76,49.9,401,16.20,EMERALD+,top,2026-10-09T10:04Z
Camille,Jayce,56.43,5.69,1.99,50.74,521,16.20,EMERALD+,top,2026-10-09T10:04Z
Camille,Garen,57.3,9.46,5.76,47.84,726,16.20,EMERALD+,top,2026-10-09T10:04Z
Camille,Sion,59.51,10.93,7.23,48.58,163,16.20,EMERALD+,top,2026-10-09T10:04Z
Camille,Yasuo,59.77,10.97,7.27,48.8,261,16.20,EMERALD+,top,2026-10-09T10:04Z
Cho'Gath,Tahm Kench,44.91,-3.37,-7.37,48.28,167,16.20,EMERALD+,top,2026-10-09T10:04Z
Cho'Gath,Camille,47.72,-0.04,-4.04,47.76,241,16.20,EMERALD+,top,2026-10-09T10:04Z
Cho'Gath,Shen,47.86,0.53,-3.47,47.33,234,16.20,EMERALD+,top,2026-10-09T10:04Z
Cho'Gath,Olaf,48.19,-0.13,-4.13,48.32,166,16.20,EMERALD+,top,2026-10-09T10:04Z
Cho'Gath,Illaoi,48.63,0.7,-3.3,47.93,146,16.20,EMERALD+,top,2026-10-09T10:04Z
Cho'Gath,Mordekaiser,49.23,1.63,-2.37,47.6,388,16.20,EMERALD+,top,2026-10-09T10:04Z
Cho'Gath,Sett,49.29,1.88,-2.12,47.41,420,16.20,EMERALD+,top,2026-10-09T10:04Z
Cho'Gath,Riven,49.38,0.62,-3.38,48.76,162,16.20,EMERALD+,top,2026-10-09T10:04Z
Cho'Gath,Tryndamere,49.43,1.17,-2.83,48.26,176,16.20,EMERALD+,top,2026-10-09T10:04Z
Cho'Gath,Dr. Mundo,49.8,1.88,-2.12,47.92,249,16.20,EMERALD+,top,2026-10-09T10:04Z
Cho'Gath,Yone,49.91,1.24,-2.76,48.67,575,16.20,EMERALD+,top,2026-10-09T10:04Z
Cho'Gath,Gragas,50.28,0.72,-3.28,49.56,181,16.20,EMERALD+,top,2026-10-09T10:04Z
Cho'Gath,Pantheon,50.58,2.93,-1.07,47.65,172,16.20,EMERALD+,top,2026-10-09T10:04Z
Cho'Gath,Darius,50.98,2.3,-1.7,48.68,357,16.20,EMERALD+,top,2026-10-09T10:04Z
Cho'Gath,Volibear,51.01,1.03,-2.97,49.98,296,16.20,EMERALD+,top,2026-10-09T10:04Z
Cho'Gath,Teemo,51.22,4.27,0.27,46.95,287,16.20,EMERALD+,top,2026-10-09T10:04Z
Cho'Gath,Urgot,51.23,4.45,0.45,46.78,162,16.20,EMERALD+,top,2026-10-09T10:04Z
Cho'Gath,Akali,51.43,2.7,-1.3,48.73,175,16.20,EMERALD+,top,2026-10-09T10:04Z
Cho'Gath,Aatrox,51.51,2.56,-1.44,48.95,365,16.20,EMERALD+,top,2026-10-09T10:04Z
Cho'Gath,Jayce,52.17,1.43,-2.57,50.74,322,16.20,EMERALD+,top,2026-10-09T10:04Z
Cho'Gath,Ornn,52.19,5.54,1.54,46.65,320,16.20,EMERALD+,top,2026-10-09T10:04Z
Cho'Gath,Garen,52.45,4.61,0.61,47.84,429,16.20,EMERALD+,top,2026-10-09T10:04Z
Cho'Gath,Sion,52.53,3.95,-0.05,48.58,217,16.20,EMERALD+,top,2026-10-09T10:04Z
Cho'Gath,Yorick,52.57,3.68,-0.32,48.89,272,16.20,EMERALD+,top,2026-10-09T10:04Z
Cho'Gath,Gwen,52.65,4.21,0.21,48.44,226,16.20,EMERALD+,top,2026-10-09T10:04Z
Cho'Gath,Irelia,53.36,4.94,0.94,48.42,253,16.20,EMERALD+,top,2026-10-09T10:04Z
Cho'Gath,K'Sante,53.85,2.01,-1.98,51.84,208,16.20,EMERALD+,top,2026-10-09T10:04Z
Cho'Gath,Nasus,54.14,6.05,2.05,48.09,338,16.20,EMERALD+,top,2026-10-09T10:04Z
Cho'Gath,Gnar,54.15,4.58,0.58,49.57,205,16.20,EMERALD+,top,2026-10-09T10:04Z
Cho'Gath,Ambessa,54.37,4.47,0.47,49.9,206,16.20,EMERALD+,top,2026-10-09T10:04Z
Cho'Gath,Zaahen,54.94,6.39,2.39,48.55,162,16.20,EMERALD+,top,2026-10-09T10:04Z
Cho'Gath,Yasuo,55.26,6.46,2.46,48.8,190,16.20,EMERALD+,top,2026-10-09T10:04Z
Cho'Gath,Gangplank,55.31,7.0,3.0,48.31,405,16.20,EMERALD+,top,2026-10-09T10:04Z
Cho'Gath,Fiora,55.85,7.84,3.84,48.01,265,16.20,EMERALD+,top,2026-10-09T10:04Z
Cho'Gath,Malphite,56.11,9.83,5.83,46.28,540,16.20,EMERALD+,top,2026-10-09T10:04Z
Cho'Gath,Singed,56.2,9.69,5.69,46.51,137,16.20,EMERALD+,top,2026-10-09T10:04Z
Cho'Gath,Jax,56.43,7.63,3.63,48.8,319,16.20,EMERALD+,top,2026-10-09T10:04Z
Cho'Gath,Kennen,57.48,8.53,4.53,48.95,127,16.20,EMERALD+,top,2026-10-09T10:04Z
Cho'Gath,Trundle,57.8,8.26,4.26,49.54,109,16.20,EMERALD+,top,2026-10-09T10:04Z
Cho'Gath,Renekton,58.76,9.72,5.72,49.04,354,16.20,EMERALD+,top,2026-10-09T10:04Z
Cho'Gath,Sylas,58.9,9.61,5.61,49.29,146,16.20,EMERALD+,top,2026-10-09T10:04Z
Cho'Gath,Kayle,65.55,18.23,14.23,47.32,119,16.20,EMERALD+,top,2026-10-09T10:04Z
Darius,Kayle,46.21,-1.11,-3.89,47.32,264,16.20,EMERALD+,top,2026-10-09T10:04Z
Darius,Wukong,46.31,-2.02,-4.8,48.33,203,16.20,EMERALD+,top,2026-10-09T10:04Z
Darius,Dr. Mundo,47.01,-0.91,-3.69,47.92,485,16.20,EMERALD+,top,2026-10-09T10:04Z
Darius,Camille,47.48,-0.28,-3.06,47.76,535,16.20,EMERALD+,top,2026-10-09T10:04Z
Darius,Riven,48.06,-0.7,-3.48,48.76,335,16.20,EMERALD+,top,2026-10-09T10:04Z
Darius,Varus,48.21,-3.0,-5.78,51.21,112,16.20,EMERALD+,top,2026-10-09T10:04Z
Darius,Gragas,48.47,-1.09,-3.87,49.56,326,16.20,EMERALD+,top,2026-10-09T10:04Z
Darius,Pantheon,48.59,0.94,-1.84,47.65,391,16.20,EMERALD+,top,2026-10-09T10:04Z
Darius,Sett,48.77,1.36,-1.42,47.41,1099,16.20,EMERALD+,top,2026-10-09T10:04Z
Darius,Singed,49.66,3.15,0.37,46.51,298,16.20,EMERALD+,top,2026-10-09T10:04Z
Darius,Urgot,49.85,3.07,0.29,46.78,329,16.20,EMERALD+,top,2026-10-09T10:04Z
Darius,Jax,49.86,1.06,-1.72,48.8,722,16.20,EMERALD+,top,2026-10-09T10:04Z
Darius,Vladimir,50.0,0.7,-2.08,49.3,134,16.20,EMERALD+,top,2026-10-09T10:04Z
Darius,Warwick,50.0,2.83,0.05,47.17,176,16.20,EMERALD+,top,2026-10-09T10:04Z
Darius,Gangplank,50.08,1.77,-1.01,48.31,619,16.20,EMERALD+,top,2026-10-09T10:04Z
Darius,Yasuo,50.12,1.32,-1.46,48.8,431,16.20,EMERALD+,top,2026-10-09T10:04Z
Darius,Jayce,50.35,-0.39,-3.17,50.74,570,16.20,EMERALD+,top,2026-10-09T10:04Z
Darius,Shen,50.37,3.04,0.26,47.33,405,16.20,EMERALD+,top,2026-10-09T10:04Z
Darius,Malphite,50.46,4.18,1.4,46.28,656,16.20,EMERALD+,top,2026-10-09T10:04Z
Darius,Mordekaiser,50.51,2.91,0.13,47.6,877,16.20,EMERALD+,top,2026-10-09T10:04Z
Darius,Teemo,50.58,3.63,0.85,46.95,516,16.20,EMERALD+,top,2026-10-09T10:04Z
Darius,Yorick,50.61,1.72,-1.06,48.89,330,16.20,EMERALD+,top,2026-10-09T10:04Z
Darius,Kennen,50.75,1.8,-0.98,48.95,268,16.20,EMERALD+,top,2026-10-09T10:04Z
Darius,Garen,50.94,3.1,0.32,47.84,1015,16.20,EMERALD+,top,2026-10-09T10:04Z
Darius,Akali,51.03,2.3,-0.48,48.73,339,16.20,EMERALD+,top,2026-10-09T10:04Z
Darius,Ornn,51.06,4.41,1.63,46.65,425,16.20,EMERALD+,top,2026-10-09T10:04Z
Darius,Ambessa,51.09,1.19,-1.59,49.9,411,16.20,EMERALD+,top,2026-10-09T10:04Z
Darius,Irelia,51.09,2.67,-0.11,48.42,505,16.20,EMERALD+,top,2026-10-09T10:04Z
Darius,Gnar,51.35,1.78,-1.0,49.57,407,16.20,EMERALD+,top,2026-10-09T10:04Z
Darius,Aatrox,51.62,2.67,-0.11,48.95,895,16.20,EMERALD+,top,2026-10-09T10:04Z
Darius,Vayne,51.69,2.69,-0.09,49.0,236,16.20,EMERALD+,top,2026-10-09T10:04Z
Darius,Renekton,51.94,2.9,0.12,49.04,645,16.20,EMERALD+,top,2026-10-09T10:04Z
Darius,Nasus,52.09,4.0,1.22,48.09,597,16.20,EMERALD+,top,2026-10-09T10:04Z
Darius,K'Sante,52.31,0.47,-2.31,51.84,520,16.20,EMERALD+,top,2026-10-09T10:04Z
Darius,Fiora,52.49,4.48,1.7,48.01,562,16.20,EMERALD+,top,2026-10-09T10:04Z
Darius,Zaahen,52.53,3.98,1.2,48.55,316,16.20,EMERALD+,top,2026-10-09T10:04Z
Darius,Volibear,52.78,2.8,0.02,49.98,665,16.20,EMERALD+,top,2026-10-09T10:04Z
Darius,Gwen,52.87,4.43,1.65,48.44,261,16.20,EMERALD+,top,2026-10-09T10:04Z
Darius,Illaoi,52.91,4.98,2.2,47.93,327,16.20,EMERALD+,top,2026-10-09T10:04Z
Darius,Yone,52.95,4.28,1.5,48.67,931,16.20,EMERALD+,top,2026-10-09T10:04Z
Darius,Tryndamere,53.22,4.96,2.18,48.26,404,16.20,EMERALD+,top,2026-10-09T10:04Z
Darius,Trundle,53.76,4.22,1.44,49.54,186,16.20,EMERALD+,top,2026-10-09T10:04Z
Darius,Olaf,53.8,5.48,2.7,48.32,316,16.20,EMERALD+,top,2026-10-09T10:04Z
Darius,Rumble,54.93,3.07,0.29,51.86,142,16.20,EMERALD+,top,2026-10-09T10:04Z
Darius,Cho'Gath,55.08,7.62,4.84,47.46,354,16.20,EMERALD+,top,2026-10-09T10:04Z
Darius,Heimerdinger,55.26,6.65,3.87,48.61,152,16.20,EMERALD+,top,2026-10-09T10:04Z
Darius,Tahm Kench,57.32,9.04,6.26,48.28,314,16.20,EMERALD+,top,2026-10-09T10:04Z
Darius,Sion,57.83,9.25,6.47,48.58,313,16.20,EMERALD+,top,2026-10-09T10:04Z
Darius,Kled,58.64,9.23,6.45,49.41,191,16.20,EMERALD+,top,2026-10-09T10:04Z
Dr. Mundo,Gwen,43.01,-5.43,-8.97,48.44,286,16.20,EMERALD+,top,2026-10-09T10:04Z
Dr. Mundo,Tahm Kench,43.31,-4.97,-8.51,48.28,127,16.20,EMERALD+,top,2026-10-09T10:04Z
Dr. Mundo,Akali,44.78,-3.95,-7.49,48.73,134,16.20,EMERALD+,top,2026-10-09T10:04Z
Dr. Mundo,Fiora,45.73,-2.28,-5.82,48.01,199,16.20,EMERALD+,top,2026-10-09T10:04Z
Dr. Mundo,Tryndamere,46.06,-2.2,-5.74,48.26,165,16.20,EMERALD+,top,2026-10-09T10:04Z
Dr. Mundo,Mordekaiser,46.76,-0.84,-4.38,47.6,355,16.20,EMERALD+,top,2026-10-09T10:04Z
Dr. Mundo,Trundle,47.06,-2.48,-6.02,49.54,136,16.20,EMERALD+,top,2026-10-09T10:04Z
Dr. Mundo,K'Sante,47.37,-4.47,-8.0,51.84,171,16.20,EMERALD+,top,2026-10-09T10:04Z
Dr. Mundo,Illaoi,47.4,-0.53,-4.07,47.93,154,16.20,EMERALD+,top,2026-10-09T10:04Z
Dr. Mundo,Urgot,47.4,0.62,-2.92,46.78,173,16.20,EMERALD+,top,2026-10-09T10:04Z
Dr. Mundo,Singed,48.03,1.52,-2.02,46.51,152,16.20,EMERALD+,top,2026-10-09T10:04Z
Dr. Mundo,Nasus,49.23,1.14,-2.4,48.09,325,16.20,EMERALD+,top,2026-10-09T10:04Z
Dr. Mundo,Riven,49.53,0.77,-2.77,48.76,107,16.20,EMERALD+,top,2026-10-09T10:04Z
Dr. Mundo,Ambessa,49.73,-0.17,-3.71,49.9,183,16.20,EMERALD+,top,2026-10-09T10:04Z
Dr. Mundo,Yasuo,50.0,1.2,-2.34,48.8,156,16.20,EMERALD+,top,2026-10-09T10:04Z
Dr. Mundo,Garen,50.16,2.32,-1.22,47.84,317,16.20,EMERALD+,top,2026-10-09T10:04Z
Dr. Mundo,Yorick,50.36,1.47,-2.07,48.89,137,16.20,EMERALD+,top,2026-10-09T10:04Z
Dr. Mundo,Aatrox,50.38,1.43,-2.11,48.95,399,16.20,EMERALD+,top,2026-10-09T10:04Z
Dr. Mundo,Yone,50.47,1.8,-1.74,48.67,529,16.20,EMERALD+,top,2026-10-09T10:04Z
Dr. Mundo,Irelia,50.62,2.2,-1.34,48.42,162,16.20,EMERALD+,top,2026-10-09T10:04Z
Dr. Mundo,Vayne,50.85,1.85,-1.69,49.0,118,16.20,EMERALD+,top,2026-10-09T10:04Z
Dr. Mundo,Camille,50.98,3.22,-0.32,47.76,204,16.20,EMERALD+,top,2026-10-09T10:04Z
Dr. Mundo,Teemo,51.23,4.28,0.74,46.95,244,16.20,EMERALD+,top,2026-10-09T10:04Z
Dr. Mundo,Shen,52.56,5.23,1.69,47.33,215,16.20,EMERALD+,top,2026-10-09T10:04Z
Dr. Mundo,Kayle,52.88,5.56,2.02,47.32,104,16.20,EMERALD+,top,2026-10-09T10:04Z
Dr. Mundo,Sett,53.05,5.64,2.1,47.41,328,16.20,EMERALD+,top,2026-10-09T10:04Z
Dr. Mundo,Sion,53.38,4.8,1.26,48.58,133,16.20,EMERALD+,top,2026-10-09T10:04Z
Dr. Mundo,Cho'Gath,53.68,6.22,2.68,47.46,231,16.20,EMERALD+,top,2026-10-09T10:04Z
Dr. Mundo,Kennen,54.27,5.32,1.78,48.95,164,16.20,EMERALD+,top,2026-10-09T10:04Z
Dr. Mundo,Ornn,54.5,7.85,4.31,46.65,222,16.20,EMERALD+,top,2026-10-09T10:04Z
Dr. Mundo,Pantheon,54.65,7.0,3.46,47.65,172,16.20,EMERALD+,top,2026-10-09T10:04Z
Dr. Mundo,Jayce,54.8,4.06,0.52,50.74,323,16.20,EMERALD+,top,2026-10-09T10:04Z
Dr. Mundo,Malphite,55.27,8.99,5.46,46.28,655,16.20,EMERALD+,top,2026-10-09T10:04Z
Dr. Mundo,Darius,55.31,6.63,3.09,48.68,499,16.20,EMERALD+,top,2026-10-09T10:04Z
Dr. Mundo,Gragas,55.67,6.11,2.57,49.56,203,16.20,EMERALD+,top,2026-10-09T10:04Z
Dr. Mundo,Volibear,56.34,6.36,2.82,49.98,268,16.20,EMERALD+,top,2026-10-09T10:04Z
Dr. Mundo,Gnar,56.35,6.78,3.24,49.57,181,16.20,EMERALD+,top,2026-10-09T10:04Z
Dr. Mundo,Renekton,57.54,8.5,4.96,49.04,391,16.20,EMERALD+,top,2026-10-09T10:04Z
Dr. Mundo,Gangplank,58.33,10.02,6.48,48.31,312,16.20,EMERALD+,top,2026-10-09T10:04Z
Dr. Mundo,Jax,59.11,10.31,6.77,48.8,384,16.20,EMERALD+,top,2026-10-09T10:04Z
Dr. Mundo,Zaahen,60.0,11.45,7.91,48.55,150,16.20,EMERALD+,top,2026-10-09T10:04Z
Fiora,Heimerdinger,43.93,-4.7,-8.14,48.63,107,16.20,EMERALD+,top,2026-10-09T10:04Z
Fiora,Urgot,44.36,-2.38,-5.82,46.74,257,16.20,EMERALD+,top,2026-10-09T10:04Z
Fiora,Malphite,44.41,-1.83,-5.26,46.24,662,16.20,EMERALD+,top,2026-10-09T10:04Z
Fiora,Tahm Kench,46.01,-2.17,-5.61,48.18,163,16.20,EMERALD+,top,2026-10-09T10:04Z
Fiora,Wukong,46.9,-1.48,-4.92,48.38,113,16.20,EMERALD+,top,2026-10-09T10:04Z
Fiora,Olaf,47.98,-0.37,-3.81,48.35,321,16.20,EMERALD+,top,2026-10-09T10:04Z
Fiora,Trundle,48.3,-1.3,-4.74,49.6,176,16.20,EMERALD+,top,2026-10-09T10:04Z
Fiora,Warwick,48.43,1.29,-2.15,47.14,159,16.20,EMERALD+,top,2026-10-09T10:04Z
Fiora,Shen,48.57,1.23,-2.21,47.34,315,16.20,EMERALD+,top,2026-10-09T10:04Z
Fiora,Sion,48.62,-0.04,-3.48,48.66,253,16.20,EMERALD+,top,2026-10-09T10:04Z
Fiora,Kayle,49.48,2.16,-1.28,47.32,192,16.20,EMERALD+,top,2026-10-09T10:04Z
Fiora,Cho'Gath,49.62,2.19,-1.25,47.43,266,16.20,EMERALD+,top,2026-10-09T10:04Z
Fiora,Gnar,49.68,0.14,-3.3,49.54,316,16.20,EMERALD+,top,2026-10-09T10:04Z
Fiora,Zaahen,49.82,1.26,-2.18,48.56,273,16.20,EMERALD+,top,2026-10-09T10:04Z
Fiora,Kennen,50.26,1.27,-2.17,48.99,191,16.20,EMERALD+,top,2026-10-09T10:04Z
Fiora,Singed,50.5,3.97,0.53,46.53,200,16.20,EMERALD+,top,2026-10-09T10:04Z
Fiora,Gragas,50.74,1.16,-2.28,49.58,203,16.20,EMERALD+,top,2026-10-09T10:04Z
Fiora,Ambessa,51.1,1.15,-2.29,49.95,364,16.20,EMERALD+,top,2026-10-09T10:04Z
Fiora,Teemo,51.11,4.13,0.69,46.98,315,16.20,EMERALD+,top,2026-10-09T10:04Z
Fiora,Vladimir,51.24,1.87,-1.57,49.37,121,16.20,EMERALD+,top,2026-10-09T10:04Z
Fiora,Sett,51.41,3.96,0.52,47.45,603,16.20,EMERALD+,top,2026-10-09T10:04Z
Fiora,Darius,51.57,2.89,-0.55,48.68,572,16.20,EMERALD+,top,2026-10-09T10:04Z
Fiora,Jayce,51.75,0.97,-2.47,50.78,456,16.20,EMERALD+,top,2026-10-09T10:04Z
Fiora,Rumble,52.07,0.23,-3.2,51.84,121,16.20,EMERALD+,top,2026-10-09T10:04Z
Fiora,Ornn,52.42,5.72,2.28,46.7,330,16.20,EMERALD+,top,2026-10-09T10:04Z
Fiora,Camille,52.55,4.76,1.32,47.79,470,16.20,EMERALD+,top,2026-10-09T10:04Z
Fiora,Riven,52.63,3.81,0.37,48.82,247,16.20,EMERALD+,top,2026-10-09T10:04Z
Fiora,Nasus,52.67,4.65,1.21,48.02,374,16.20,EMERALD+,top,2026-10-09T10:04Z
Fiora,Tryndamere,52.81,4.4,0.96,48.41,320,16.20,EMERALD+,top,2026-10-09T10:04Z
Fiora,Garen,52.88,5.02,1.58,47.86,520,16.20,EMERALD+,top,2026-10-09T10:04Z
Fiora,Gwen,52.91,4.49,1.05,48.42,223,16.20,EMERALD+,top,2026-10-09T10:04Z
Fiora,Irelia,53.02,4.57,1.13,48.45,430,16.20,EMERALD+,top,2026-10-09T10:04Z
Fiora,Akali,53.39,4.6,1.16,48.79,221,16.20,EMERALD+,top,2026-10-09T10:04Z
Fiora,Jax,53.54,4.72,1.28,48.82,594,16.20,EMERALD+,top,2026-10-09T10:04Z
Fiora,Volibear,53.56,3.65,0.21,49.91,379,16.20,EMERALD+,top,2026-10-09T10:04Z
Fiora,Renekton,53.8,4.76,1.32,49.04,474,16.20,EMERALD+,top,2026-10-09T10:04Z
Fiora,Pantheon,54.44,6.77,3.33,47.67,270,16.20,EMERALD+,top,2026-10-09T10:04Z
Fiora,Yone,54.82,6.15,2.71,48.67,830,16.20,EMERALD+,top,2026-10-09T10:04Z
Fiora,Aatrox,54.93,5.95,2.51,48.98,741,16.20,EMERALD+,top,2026-10-09T10:04Z
Fiora,Mordekaiser,55.0,7.39,3.95,47.61,540,16.20,EMERALD+,top,2026-10-09T10:04Z
Fiora,Gangplank,55.3,6.97,3.53,48.33,472,16.20,EMERALD+,top,2026-10-09T10:04Z
Fiora,Illaoi,56.4,8.41,4.97,47.99,250,16.20,EMERALD+,top,2026-10-09T10:04Z
Fiora,Kled,56.59,7.24,3.8,49.35,182,16.20,EMERALD+,top,2026-10-09T10:04Z
Fiora,Yasuo,56.96,8.16,4.72,48.8,309,16.20,EMERALD+,top,2026-10-09T10:04Z
Fiora,Dr. Mundo,57.14,9.26,5.82,47.88,210,16.20,EMERALD+,top,2026-10-09T10:04Z
Fiora,K'Sante,58.54,6.73,3.3,51.81,439,16.20,EMERALD+,top,2026-10-09T10:04Z
Fiora,Yorick,60.0,11.06,7.62,48.94,245,16.20,EMERALD+,top,2026-10-09T10:04Z
Gangplank,Dr. Mundo,42.06,-5.86,-9.01,47.92,321,16.20,EMERALD+,top,2026-10-09T10:04Z
Gangplank,Gwen,46.08,-2.36,-5.51,48.44,293,16.20,EMERALD+,top,2026-10-09T10:04Z
Gangplank,Kayle,46.4,-0.92,-4.07,47.32,222,16.20,EMERALD+,top,2026-10-09T10:04Z
Gangplank,Quinn,46.76,-0.25,-3.4,47.01,139,16.20,EMERALD+,top,2026-10-09T10:04Z
Gangplank,Cho'Gath,47.46,-0.0,-3.15,47.46,394,16.20,EMERALD+,top,2026-10-09T10:04Z
Gangplank,Malphite,47.63,1.35,-1.79,46.28,718,16.20,EMERALD+,top,2026-10-09T10:04Z
Gangplank,Urgot,47.99,1.21,-1.94,46.78,273,16.20,EMERALD+,top,2026-10-09T10:04Z
Gangplank,Sion,48.12,-0.46,-3.61,48.58,372,16.20,EMERALD+,top,2026-10-09T10:04Z
Gangplank,Olaf,48.41,0.09,-3.06,48.32,345,16.20,EMERALD+,top,2026-10-09T10:04Z
Gangplank,Wukong,48.72,0.39,-2.76,48.33,117,16.20,EMERALD+,top,2026-10-09T10:04Z
Gangplank,Aatrox,49.2,0.25,-2.9,48.95,809,16.20,EMERALD+,top,2026-10-09T10:04Z
Gangplank,Fiora,49.27,1.26,-1.89,48.01,479,16.20,EMERALD+,top,2026-10-09T10:04Z
Gangplank,Zaahen,49.36,0.81,-2.34,48.55,314,16.20,EMERALD+,top,2026-10-09T10:04Z
Gangplank,Sett,49.46,2.05,-1.1,47.41,558,16.20,EMERALD+,top,2026-10-09T10:04Z
Gangplank,Ornn,49.7,3.05,-0.1,46.65,328,16.20,EMERALD+,top,2026-10-09T10:04Z
Gangplank,Tahm Kench,49.76,1.48,-1.67,48.28,205,16.20,EMERALD+,top,2026-10-09T10:04Z
Gangplank,Mordekaiser,49.91,2.31,-0.84,47.6,531,16.20,EMERALD+,top,2026-10-09T10:04Z
Gangplank,Lucian,50.0,-1.69,-4.84,51.69,102,16.20,EMERALD+,top,2026-10-09T10:04Z
Gangplank,Shen,50.0,2.67,-0.48,47.33,376,16.20,EMERALD+,top,2026-10-09T10:04Z
Gangplank,Kennen,51.56,2.61,-0.54,48.95,192,16.20,EMERALD+,top,2026-10-09T10:04Z
Gangplank,Volibear,51.97,1.99,-1.16,49.98,381,16.20,EMERALD+,top,2026-10-09T10:04Z
Gangplank,Gnar,52.09,2.52,-0.63,49.57,359,16.20,EMERALD+,top,2026-10-09T10:04Z
Gangplank,Jayce,52.2,1.46,-1.69,50.74,659,16.20,EMERALD+,top,2026-10-09T10:04Z
Gangplank,Garen,52.24,4.4,1.25,47.84,536,16.20,EMERALD+,top,2026-10-09T10:04Z
Gangplank,Illaoi,52.26,4.33,1.18,47.93,199,16.20,EMERALD+,top,2026-10-09T10:04Z
Gangplank,Camille,52.3,4.54,1.39,47.76,457,16.20,EMERALD+,top,2026-10-09T10:04Z
Gangplank,Irelia,52.58,4.16,1.01,48.42,677,16.20,EMERALD+,top,2026-10-09T10:04Z
Gangplank,Darius,52.75,4.07,0.92,48.68,618,16.20,EMERALD+,top,2026-10-09T10:04Z
Gangplank,K'Sante,52.78,0.94,-2.21,51.84,396,16.20,EMERALD+,top,2026-10-09T10:04Z
Gangplank,Rumble,52.94,1.08,-2.07,51.86,187,16.20,EMERALD+,top,2026-10-09T10:04Z
Gangplank,Pantheon,52.96,5.31,2.16,47.65,321,16.20,EMERALD+,top,2026-10-09T10:04Z
Gangplank,Teemo,53.0,6.05,2.9,46.95,417,16.20,EMERALD+,top,2026-10-09T10:04Z
Gangplank,Yorick,53.15,4.26,1.11,48.89,333,16.20,EMERALD+,top,2026-10-09T10:04Z
Gangplank,Yasuo,53.25,4.45,1.3,48.8,400,16.20,EMERALD+,top,2026-10-09T10:04Z
Gangplank,Renekton,53.25,4.21,1.06,49.04,462,16.20,EMERALD+,top,2026-10-09T10:04Z
Gangplank,Akali,53.51,4.78,1.63,48.73,271,16.20,EMERALD+,top,2026-10-09T10:04Z
Gangplank,Riven,53.63,4.87,1.72,48.76,317,16.20,EMERALD+,top,2026-10-09T10:04Z
Gangplank,Ryze,53.64,1.38,-1.76,52.26,110,16.20,EMERALD+,top,2026-10-09T10:04Z
Gangplank,Singed,53.78,7.27,4.12,46.51,225,16.20,EMERALD+,top,2026-10-09T10:04Z
Gangplank,Nasus,53.83,5.74,2.59,48.09,418,16.20,EMERALD+,top,2026-10-09T10:04Z
Gangplank,Trundle,53.85,4.31,1.16,49.54,169,16.20,EMERALD+,top,2026-10-09T10:04Z
Gangplank,Tryndamere,54.77,6.51,3.36,48.26,440,16.20,EMERALD+,top,2026-10-09T10:04Z
Gangplank,Yone,55.02,6.35,3.2,48.67,867,16.20,EMERALD+,top,2026-10-09T10:04Z
Gangplank,Vladimir,55.05,5.75,2.6,49.3,198,16.20,EMERALD+,top,2026-10-09T10:04Z
Gangplank,Jax,55.1,6.3,3.15,48.8,539,16.20,EMERALD+,top,2026-10-09T10:04Z
Gangplank,Gragas,55.3,5.74,2.59,49.56,217,16.20,EMERALD+,top,2026-10-09T10:04Z
Gangplank,Ambessa,56.14,6.24,3.09,49.9,342,16.20,EMERALD+,top,2026-10-09T10:04Z
Gangplank,Kled,56.27,6.86,3.71,49.41,263,16.20,EMERALD+,top,2026-10-09T10:04Z
Gangplank,Warwick,58.33,11.16,8.01,47.17,108,16.20,EMERALD+,top,2026-10-09T10:04Z
Gangplank,Heimerdinger,59.38,10.77,7.62,48.61,128,16.20,EMERALD+,top,2026-10-09T10:04Z
Garen,Kennen,44.6,-4.35,-7.97,48.95,213,16.20,EMERALD+,top,2026-10-09T10:04Z
Garen,Camille,45.05,-2.71,-6.33,47.76,717,16.20,EMERALD+,top,2026-10-09T10:04Z
Garen,Kayle,46.51,-0.81,-4.43,47.32,415,16.20,EMERALD+,top,2026-10-09T10:04Z
Garen,Heimerdinger,46.56,-2.05,-5.67,48.61,131,16.20,EMERALD+,top,2026-10-09T10:04Z
Garen,Rumble,47.15,-4.71,-8.32,51.86,123,16.20,EMERALD+,top,2026-10-09T10:04Z
Garen,Teemo,47.86,0.91,-2.71,46.95,514,16.20,EMERALD+,top,2026-10-09T10:04Z
Garen,Mordekaiser,47.89,0.29,-3.33,47.6,783,16.20,EMERALD+,top,2026-10-09T10:04Z
Garen,Aatrox,47.99,-0.96,-4.58,48.95,671,16.20,EMERALD+,top,2026-10-09T10:04Z
Garen,Sett,48.95,1.54,-2.08,47.41,854,16.20,EMERALD+,top,2026-10-09T10:04Z
Garen,Yorick,49.33,0.44,-3.18,48.89,300,16.20,EMERALD+,top,2026-10-09T10:04Z
Garen,Trundle,49.42,-0.12,-3.74,49.54,259,16.20,EMERALD+,top,2026-10-09T10:04Z
Garen,Tryndamere,49.46,1.2,-2.42,48.26,467,16.20,EMERALD+,top,2026-10-09T10:04Z
Garen,Quinn,49.61,2.6,-1.02,47.01,127,16.20,EMERALD+,top,2026-10-09T10:04Z
Garen,Vayne,49.79,0.79,-2.83,49.0,235,16.20,EMERALD+,top,2026-10-09T10:04Z
Garen,Tahm Kench,49.83,1.55,-2.07,48.28,293,16.20,EMERALD+,top,2026-10-09T10:04Z
Garen,Fiora,50.19,2.18,-1.44,48.01,528,16.20,EMERALD+,top,2026-10-09T10:04Z
Garen,Gangplank,50.28,1.97,-1.65,48.31,529,16.20,EMERALD+,top,2026-10-09T10:04Z
Garen,Warwick,50.97,3.8,0.18,47.17,155,16.20,EMERALD+,top,2026-10-09T10:04Z
Garen,Gnar,51.1,1.53,-2.09,49.57,456,16.20,EMERALD+,top,2026-10-09T10:04Z
Garen,Ambessa,51.32,1.42,-2.2,49.9,378,16.20,EMERALD+,top,2026-10-09T10:04Z
Garen,Yone,51.49,2.82,-0.8,48.67,907,16.20,EMERALD+,top,2026-10-09T10:04Z
Garen,Pantheon,51.51,3.86,0.24,47.65,365,16.20,EMERALD+,top,2026-10-09T10:04Z
Garen,Akali,52.32,3.59,-0.03,48.73,302,16.20,EMERALD+,top,2026-10-09T10:04Z
Garen,Volibear,52.39,2.41,-1.21,49.98,586,16.20,EMERALD+,top,2026-10-09T10:04Z
Garen,Cho'Gath,52.59,5.13,1.51,47.46,405,16.20,EMERALD+,top,2026-10-09T10:04Z
Garen,Singed,52.61,6.1,2.48,46.51,287,16.20,EMERALD+,top,2026-10-09T10:04Z
Garen,Irelia,52.67,4.25,0.63,48.42,431,16.20,EMERALD+,top,2026-10-09T10:04Z
Garen,Zaahen,52.87,4.32,0.7,48.55,314,16.20,EMERALD+,top,2026-10-09T10:04Z
Garen,Malphite,52.98,6.7,3.09,46.28,604,16.20,EMERALD+,top,2026-10-09T10:04Z
Garen,Illaoi,53.0,5.07,1.45,47.93,300,16.20,EMERALD+,top,2026-10-09T10:04Z
Garen,Shen,53.11,5.78,2.16,47.33,499,16.20,EMERALD+,top,2026-10-09T10:04Z
Garen,Dr. Mundo,53.14,5.22,1.6,47.92,318,16.20,EMERALD+,top,2026-10-09T10:04Z
Garen,K'Sante,53.36,1.52,-2.09,51.84,521,16.20,EMERALD+,top,2026-10-09T10:04Z
Garen,Kled,53.46,4.05,0.43,49.41,217,16.20,EMERALD+,top,2026-10-09T10:04Z
Garen,Ornn,53.54,6.89,3.27,46.65,424,16.20,EMERALD+,top,2026-10-09T10:04Z
Garen,Renekton,53.62,4.58,0.96,49.04,580,16.20,EMERALD+,top,2026-10-09T10:04Z
Garen,Olaf,53.76,5.44,1.82,48.32,279,16.20,EMERALD+,top,2026-10-09T10:04Z
Garen,Nasus,53.91,5.82,2.2,48.09,920,16.20,EMERALD+,top,2026-10-09T10:04Z
Garen,Wukong,54.05,5.72,2.1,48.33,111,16.20,EMERALD+,top,2026-10-09T10:04Z
Garen,Urgot,54.4,7.62,4.0,46.78,318,16.20,EMERALD+,top,2026-10-09T10:04Z
Garen,Jayce,54.48,3.74,0.12,50.74,402,16.20,EMERALD+,top,2026-10-09T10:04Z
Garen,Darius,54.54,5.86,2.24,48.68,1003,16.20,EMERALD+,top,2026-10-09T10:04Z
Garen,Vladimir,55.15,5.85,2.23,49.3,136,16.20,EMERALD+,top,2026-10-09T10:04Z
Garen,Gwen,55.56,7.12,3.5,48.44,288,16.20,EMERALD+,top,2026-10-09T10:04Z
Garen,Yasuo,56.13,7.33,3.71,48.8,367,16.20,EMERALD+,top,2026-10-09T10:04Z
Garen,Sion,56.36,7.78,4.16,48.58,275,16.20,EMERALD+,top,2026-10-09T10:04Z
Garen,Gragas,56.38,6.82,3.2,49.56,298,16.20,EMERALD+,top,2026-10-09T10:04Z
Garen,Jax,57.27,8.47,4.85,48.8,1238,16.20,EMERALD+,top,2026-10-09T10:04Z
Garen,Riven,59.43,10.67,7.05,48.76,419,16.20,EMERALD+,top,2026-10-09T10:04Z
Gnar,Ornn,41.61,-5.04,-6.93,46.65,322,16.20,EMERALD+,top,2026-10-09T10:04Z
Gnar,Akali,43.08,-5.65,-7.54,48.73,195,16.20,EMERALD+,top,2026-10-09T10:04Z
Gnar,Malphite,43.33,-2.95,-4.84,46.28,637,16.20,EMERALD+,top,2026-10-09T10:04Z
Gnar,Sylas,44.0,-5.29,-7.18,49.29,200,16.20,EMERALD+,top,2026-10-09T10:04Z
Gnar,Yasuo,45.59,-3.21,-5.1,48.8,272,16.20,EMERALD+,top,2026-10-09T10:04Z
Gnar,Urgot,46.57,-0.21,-2.1,46.78,204,16.20,EMERALD+,top,2026-10-09T10:04Z
Gnar,Tahm Kench,46.93,-1.35,-3.24,48.28,179,16.20,EMERALD+,top,2026-10-09T10:04Z
Gnar,Sion,47.46,-1.12,-3.01,48.58,177,16.20,EMERALD+,top,2026-10-09T10:04Z
Gnar,Gragas,47.54,-2.02,-3.91,49.56,183,16.20,EMERALD+,top,2026-10-09T10:04Z
Gnar,Irelia,47.55,-0.87,-2.76,48.42,408,16.20,EMERALD+,top,2026-10-09T10:04Z
Gnar,Shen,47.92,0.59,-1.3,47.33,240,16.20,EMERALD+,top,2026-10-09T10:04Z
Gnar,Kennen,49.06,0.11,-1.78,48.95,159,16.20,EMERALD+,top,2026-10-09T10:04Z
Gnar,Cho'Gath,49.54,2.08,0.19,47.46,218,16.20,EMERALD+,top,2026-10-09T10:04Z
Gnar,Rumble,49.55,-2.31,-4.2,51.86,111,16.20,EMERALD+,top,2026-10-09T10:04Z
Gnar,Ambessa,49.56,-0.34,-2.23,49.9,226,16.20,EMERALD+,top,2026-10-09T10:04Z
Gnar,Riven,49.59,0.83,-1.06,48.76,121,16.20,EMERALD+,top,2026-10-09T10:04Z
Gnar,Jax,49.69,0.89,-1.0,48.8,318,16.20,EMERALD+,top,2026-10-09T10:04Z
Gnar,Renekton,49.75,0.71,-1.18,49.04,398,16.20,EMERALD+,top,2026-10-09T10:04Z
Gnar,Dr. Mundo,50.0,2.08,0.19,47.92,178,16.20,EMERALD+,top,2026-10-09T10:04Z
Gnar,Nasus,50.18,2.09,0.2,48.09,275,16.20,EMERALD+,top,2026-10-09T10:04Z
Gnar,Teemo,50.51,3.56,1.67,46.95,297,16.20,EMERALD+,top,2026-10-09T10:04Z
Gnar,Camille,50.57,2.81,0.92,47.76,261,16.20,EMERALD+,top,2026-10-09T10:04Z
Gnar,Pantheon,50.71,3.06,1.17,47.65,211,16.20,EMERALD+,top,2026-10-09T10:04Z
Gnar,Sett,50.79,3.38,1.49,47.41,441,16.20,EMERALD+,top,2026-10-09T10:04Z
Gnar,Yorick,50.79,1.9,0.01,48.89,191,16.20,EMERALD+,top,2026-10-09T10:04Z
Gnar,Gangplank,50.89,2.58,0.69,48.31,338,16.20,EMERALD+,top,2026-10-09T10:04Z
Gnar,Mordekaiser,50.99,3.39,1.5,47.6,355,16.20,EMERALD+,top,2026-10-09T10:04Z
Gnar,Yone,51.27,2.6,0.71,48.67,552,16.20,EMERALD+,top,2026-10-09T10:04Z
Gnar,Fiora,51.52,3.51,1.62,48.01,328,16.20,EMERALD+,top,2026-10-09T10:04Z
Gnar,Vayne,51.79,2.79,0.9,49.0,112,16.20,EMERALD+,top,2026-10-09T10:04Z
Gnar,Jayce,51.82,1.08,-0.81,50.74,467,16.20,EMERALD+,top,2026-10-09T10:04Z
Gnar,Garen,51.83,3.99,2.1,47.84,438,16.20,EMERALD+,top,2026-10-09T10:04Z
Gnar,Kayle,51.85,4.53,2.64,47.32,135,16.20,EMERALD+,top,2026-10-09T10:04Z
Gnar,Olaf,51.91,3.59,1.7,48.32,183,16.20,EMERALD+,top,2026-10-09T10:04Z
Gnar,Aatrox,51.97,3.02,1.13,48.95,456,16.20,EMERALD+,top,2026-10-09T10:04Z
Gnar,Gwen,52.1,3.66,1.77,48.44,119,16.20,EMERALD+,top,2026-10-09T10:04Z
Gnar,Darius,52.16,3.48,1.59,48.68,416,16.20,EMERALD+,top,2026-10-09T10:04Z
Gnar,Vladimir,52.25,2.95,1.06,49.3,111,16.20,EMERALD+,top,2026-10-09T10:04Z
Gnar,Singed,52.32,5.81,3.92,46.51,151,16.20,EMERALD+,top,2026-10-09T10:04Z
Gnar,Kled,52.42,3.01,1.12,49.41,124,16.20,EMERALD+,top,2026-10-09T10:04Z
Gnar,Zaahen,55.48,6.93,5.04,48.55,155,16.20,EMERALD+,top,2026-10-09T10:04Z
Gnar,Tryndamere,56.1,7.84,5.95,48.26,164,16.20,EMERALD+,top,2026-10-09T10:04Z
Gnar,Volibear,56.35,6.37,4.48,49.98,323,16.20,EMERALD+,top,2026-10-09T10:04Z
Gnar,Illaoi,57.62,9.69,7.8,47.93,151,16.20,EMERALD+,top,2026-10-09T10:04Z
Gnar,K'Sante,58.26,6.42,4.53,51.84,448,16.20,EMERALD+,top,2026-10-09T10:04Z
Gnar,Trundle,64.17,14.63,12.74,49.54,120,16.20,EMERALD+,top,2026-10-09T10:04Z
Gragas,Ornn,40.91,-5.79,-7.66,46.7,154,16.20,EMERALD+,top,2026-10-09T10:04Z
Gragas,Yorick,41.86,-7.08,-8.95,48.94,129,16.20,EMERALD+,top,2026-10-09T10:04Z
Gragas,Yasuo,41.92,-6.88,-8.75,48.8,167,16.20,EMERALD+,top,2026-10-09T10:04Z
Gragas,Pantheon,44.78,-2.89,-4.76,47.67,134,16.20,EMERALD+,top,2026-10-09T10:04Z
Gragas,Illaoi,45.13,-2.86,-4.73,47.99,113,16.20,EMERALD+,top,2026-10-09T10:04Z
Gragas,Zaahen,45.54,-3.02,-4.89,48.56,112,16.20,EMERALD+,top,2026-10-09T10:04Z
Gragas,Teemo,46.12,-0.86,-2.73,46.98,219,16.20,EMERALD+,top,2026-10-09T10:04Z
Gragas,Sion,46.62,-2.04,-3.91,48.66,133,16.20,EMERALD+,top,2026-10-09T10:04Z
Gragas,Riven,46.67,-2.15,-4.02,48.82,150,16.20,EMERALD+,top,2026-10-09T10:04Z
Gragas,Shen,46.85,-0.49,-2.36,47.34,143,16.20,EMERALD+,top,2026-10-09T10:04Z
Gragas,Gangplank,47.76,-0.57,-2.44,48.33,201,16.20,EMERALD+,top,2026-10-09T10:04Z
Gragas,Nasus,48.1,0.08,-1.79,48.02,237,16.20,EMERALD+,top,2026-10-09T10:04Z
Gragas,Dr. Mundo,48.13,0.25,-1.62,47.88,187,16.20,EMERALD+,top,2026-10-09T10:04Z
Gragas,Garen,48.37,0.51,-1.36,47.86,306,16.20,EMERALD+,top,2026-10-09T10:04Z
Gragas,Irelia,48.42,-0.03,-1.9,48.45,190,16.20,EMERALD+,top,2026-10-09T10:04Z
Gragas,Renekton,48.51,-0.53,-2.4,49.04,268,16.20,EMERALD+,top,2026-10-09T10:04Z
Gragas,Camille,49.25,1.46,-0.41,47.79,201,16.20,EMERALD+,top,2026-10-09T10:04Z
Gragas,Sett,49.64,2.19,0.32,47.45,280,16.20,EMERALD+,top,2026-10-09T10:04Z
Gragas,Mordekaiser,50.0,2.39,0.52,47.61,266,16.20,EMERALD+,top,2026-10-09T10:04Z
Gragas,Malphite,50.16,3.92,2.05,46.24,313,16.20,EMERALD+,top,2026-10-09T10:04Z
Gragas,Fiora,50.51,2.5,0.63,48.01,196,16.20,EMERALD+,top,2026-10-09T10:04Z
Gragas,Gnar,50.57,1.03,-0.84,49.54,176,16.20,EMERALD+,top,2026-10-09T10:04Z
Gragas,Volibear,50.85,0.94,-0.93,49.91,177,16.20,EMERALD+,top,2026-10-09T10:04Z
Gragas,Yone,51.42,2.75,0.88,48.67,424,16.20,EMERALD+,top,2026-10-09T10:04Z
Gragas,Cho'Gath,51.67,4.24,2.37,47.43,180,16.20,EMERALD+,top,2026-10-09T10:04Z
Gragas,Jax,51.74,2.92,1.05,48.82,547,16.20,EMERALD+,top,2026-10-09T10:04Z
Gragas,Gwen,51.89,3.47,1.6,48.42,106,16.20,EMERALD+,top,2026-10-09T10:04Z
Gragas,K'Sante,53.49,1.68,-0.19,51.81,172,16.20,EMERALD+,top,2026-10-09T10:04Z
Gragas,Akali,53.64,4.85,2.98,48.79,151,16.20,EMERALD+,top,2026-10-09T10:04Z
Gragas,Darius,53.99,5.31,3.44,48.68,326,16.20,EMERALD+,top,2026-10-09T10:04Z
Gragas,Olaf,54.89,6.54,4.67,48.35,133,16.20,EMERALD+,top,2026-10-09T10:04Z
Gragas,Jayce,55.07,4.29,2.42,50.78,365,16.20,EMERALD+,top,2026-10-09T10:04Z
Gragas,Aatrox,55.89,6.91,5.04,48.98,297,16.20,EMERALD+,top,2026-10-09T10:04Z
Gragas,Ambessa,56.73,6.78,4.91,49.95,171,16.20,EMERALD+,top,2026-10-09T10:04Z
Gragas,Tryndamere,58.37,9.96,8.09,48.41,209,16.20,EMERALD+,top,2026-10-09T10:04Z
Gwen,Tryndamere,41.82,-6.59,-9.62,48.41,165,16.20,EMERALD+,top,2026-10-09T10:04Z
Gwen,Olaf,41.94,-6.41,-9.44,48.35,124,16.20,EMERALD+,top,2026-10-09T10:04Z
Gwen,Ornn,44.34,-2.36,-5.39,46.7,309,16.20,EMERALD+,top,2026-10-09T10:04Z
Gwen,Ambessa,44.52,-5.43,-8.46,49.95,155,16.20,EMERALD+,top,2026-10-09T10:04Z
Gwen,Jax,44.7,-4.12,-7.15,48.82,264,16.20,EMERALD+,top,2026-10-09T10:04Z
Gwen,Yasuo,45.65,-3.15,-6.18,48.8,138,16.20,EMERALD+,top,2026-10-09T10:04Z
Gwen,Riven,45.79,-3.03,-6.06,48.82,107,16.20,EMERALD+,top,2026-10-09T10:04Z
Gwen,Akali,46.55,-2.24,-5.27,48.79,116,16.20,EMERALD+,top,2026-10-09T10:04Z
Gwen,Teemo,48.84,1.86,-1.17,46.98,129,16.20,EMERALD+,top,2026-10-09T10:04Z
Gwen,Garen,48.94,1.08,-1.95,47.86,284,16.20,EMERALD+,top,2026-10-09T10:04Z
Gwen,Yone,49.2,0.53,-2.5,48.67,374,16.20,EMERALD+,top,2026-10-09T10:04Z
Gwen,Singed,49.21,2.68,-0.35,46.53,126,16.20,EMERALD+,top,2026-10-09T10:04Z
Gwen,K'Sante,49.39,-2.42,-5.45,51.81,245,16.20,EMERALD+,top,2026-10-09T10:04Z
Gwen,Camille,49.58,1.79,-1.24,47.79,238,16.20,EMERALD+,top,2026-10-09T10:04Z
Gwen,Jayce,49.64,-1.14,-4.17,50.78,139,16.20,EMERALD+,top,2026-10-09T10:04Z
Gwen,Urgot,49.66,2.92,-0.11,46.74,149,16.20,EMERALD+,top,2026-10-09T10:04Z
Gwen,Gragas,50.0,0.42,-2.61,49.58,102,16.20,EMERALD+,top,2026-10-09T10:04Z
Gwen,Malphite,50.41,4.17,1.15,46.24,367,16.20,EMERALD+,top,2026-10-09T10:04Z
Gwen,Fiora,50.45,2.44,-0.59,48.01,220,16.20,EMERALD+,top,2026-10-09T10:04Z
Gwen,Irelia,50.97,2.52,-0.51,48.45,155,16.20,EMERALD+,top,2026-10-09T10:04Z
Gwen,Darius,51.13,2.45,-0.58,48.68,266,16.20,EMERALD+,top,2026-10-09T10:04Z
Gwen,Gnar,51.33,1.79,-1.24,49.54,113,16.20,EMERALD+,top,2026-10-09T10:04Z
Gwen,Renekton,51.71,2.67,-0.36,49.04,205,16.20,EMERALD+,top,2026-10-09T10:04Z
Gwen,Cho'Gath,51.75,4.32,1.29,47.43,228,16.20,EMERALD+,top,2026-10-09T10:04Z
Gwen,Aatrox,52.14,3.16,0.13,48.98,234,16.20,EMERALD+,top,2026-10-09T10:04Z
Gwen,Sion,53.41,4.75,1.72,48.66,264,16.20,EMERALD+,top,2026-10-09T10:04Z
Gwen,Pantheon,53.52,5.85,2.82,47.67,142,16.20,EMERALD+,top,2026-10-09T10:04Z
Gwen,Illaoi,53.53,5.54,2.51,47.99,170,16.20,EMERALD+,top,2026-10-09T10:04Z
Gwen,Volibear,53.6,3.69,0.66,49.91,222,16.20,EMERALD+,top,2026-10-09T10:04Z
Gwen,Shen,53.94,6.6,3.57,47.34,241,16.20,EMERALD+,top,2026-10-09T10:04Z
Gwen,Nasus,54.58,6.56,3.53,48.02,251,16.20,EMERALD+,top,2026-10-09T10:04Z
Gwen,Sett,55.17,7.72,4.69,47.45,290,16.20,EMERALD+,top,2026-10-09T10:04Z
Gwen,Gangplank,56.07,7.74,4.71,48.33,305,16.20,EMERALD+,top,2026-10-09T10:04Z
Gwen,Mordekaiser,56.78,9.17,6.14,47.61,317,16.20,EMERALD+,top,2026-10-09T10:04Z
Gwen,Zaahen,56.8,8.24,5.21,48.56,125,16.20,EMERALD+,top,2026-10-09T10:04Z
Gwen,Tahm Kench,57.35,9.17,6.14,48.18,136,16.20,EMERALD+,top,2026-10-09T10:04Z
Gwen,Dr. Mundo,60.14,12.26,9.23,47.88,291,16.20,EMERALD+,top,2026-10-09T10:04Z
Gwen,Yorick,62.8,13.86,10.83,48.94,164,16.20,EMERALD+,top,2026-10-09T10:04Z
Heimerdinger,Malphite,43.26,-2.98,-5.8,46.24,141,16.20,EMERALD+,top,2026-10-09T10:04Z
Heimerdinger,Aatrox,46.72,-2.26,-5.08,48.98,137,16.20,EMERALD+,top,2026-10-09T10:04Z
Heimerdinger,Yone,46.77,-1.9,-4.72,48.67,201,16.20,EMERALD+,top,2026-10-09T10:04Z
Heimerdinger,Gangplank,46.77,-1.56,-4.38,48.33,124,16.20,EMERALD+,top,2026-10-09T10:04Z
Heimerdinger,Yasuo,47.01,-1.79,-4.61,48.8,117,16.20,EMERALD+,top,2026-10-09T10:04Z
Heimerdinger,Teemo,47.11,0.13,-2.69,46.98,121,16.20,EMERALD+,top,2026-10-09T10:04Z
Heimerdinger,Nasus,47.79,-0.23,-3.05,48.02,136,16.20,EMERALD+,top,2026-10-09T10:04Z
Heimerdinger,Darius,48.0,-0.68,-3.5,48.68,150,16.20,EMERALD+,top,2026-10-09T10:04Z
Heimerdinger,Jax,52.1,3.28,0.46,48.82,119,16.20,EMERALD+,top,2026-10-09T10:04Z
Heimerdinger,Irelia,56.95,8.5,5.68,48.45,151,16.20,EMERALD+,top,2026-10-09T10:04Z
Heimerdinger,Mordekaiser,57.76,10.15,7.33,47.61,116,16.20,EMERALD+,top,2026-10-09T10:04Z
Heimerdinger,Garen,58.02,10.16,7.34,47.86,131,16.20,EMERALD+,top,2026-10-09T10:04Z
Heimerdinger,Jayce,60.0,9.22,6.4,50.78,105,16.20,EMERALD+,top,2026-10-09T10:04Z
Heimerdinger,Sett,62.4,14.95,12.13,47.45,125,16.20,EMERALD+,top,2026-10-09T10:04Z
Illaoi,Gnar,44.97,-4.6,-8.13,49.57,149,16.20,EMERALD+,top,2026-10-09T10:04Z
Illaoi,Kayle,45.45,-1.87,-5.4,47.32,165,16.20,EMERALD+,top,2026-10-09T10:04Z
Illaoi,Yasuo,45.59,-3.21,-6.74,48.8,136,16.20,EMERALD+,top,2026-10-09T10:04Z
Illaoi,Fiora,46.77,-1.24,-4.77,48.01,248,16.20,EMERALD+,top,2026-10-09T10:04Z
Illaoi,Teemo,47.62,0.67,-2.86,46.95,168,16.20,EMERALD+,top,2026-10-09T10:04Z
Illaoi,Urgot,48.57,1.79,-1.74,46.78,175,16.20,EMERALD+,top,2026-10-09T10:04Z
Illaoi,Tryndamere,48.63,0.37,-3.16,48.26,146,16.20,EMERALD+,top,2026-10-09T10:04Z
Illaoi,Volibear,49.65,-0.33,-3.86,49.98,282,16.20,EMERALD+,top,2026-10-09T10:04Z
Illaoi,Sett,50.0,2.59,-0.94,47.41,354,16.20,EMERALD+,top,2026-10-09T10:04Z
Illaoi,Yone,50.25,1.58,-1.95,48.67,400,16.20,EMERALD+,top,2026-10-09T10:04Z
Illaoi,Yorick,50.28,1.39,-2.14,48.89,179,16.20,EMERALD+,top,2026-10-09T10:04Z
Illaoi,Ornn,50.67,4.02,0.49,46.65,223,16.20,EMERALD+,top,2026-10-09T10:04Z
Illaoi,Darius,51.1,2.42,-1.11,48.68,319,16.20,EMERALD+,top,2026-10-09T10:04Z
Illaoi,Malphite,51.33,5.05,1.53,46.28,300,16.20,EMERALD+,top,2026-10-09T10:04Z
Illaoi,Irelia,51.41,2.99,-0.54,48.42,177,16.20,EMERALD+,top,2026-10-09T10:04Z
Illaoi,Gangplank,51.55,3.24,-0.29,48.31,194,16.20,EMERALD+,top,2026-10-09T10:04Z
Illaoi,Gwen,51.68,3.24,-0.29,48.44,149,16.20,EMERALD+,top,2026-10-09T10:04Z
Illaoi,Camille,51.85,4.09,0.56,47.76,189,16.20,EMERALD+,top,2026-10-09T10:04Z
Illaoi,Tahm Kench,51.85,3.57,0.04,48.28,135,16.20,EMERALD+,top,2026-10-09T10:04Z
Illaoi,Mordekaiser,52.37,4.77,1.24,47.6,359,16.20,EMERALD+,top,2026-10-09T10:04Z
Illaoi,Garen,52.82,4.98,1.45,47.84,284,16.20,EMERALD+,top,2026-10-09T10:04Z
Illaoi,Singed,53.21,6.7,3.17,46.51,109,16.20,EMERALD+,top,2026-10-09T10:04Z
Illaoi,Olaf,53.25,4.93,1.4,48.32,154,16.20,EMERALD+,top,2026-10-09T10:04Z
Illaoi,Aatrox,53.25,4.3,0.77,48.95,308,16.20,EMERALD+,top,2026-10-09T10:04Z
Illaoi,Pantheon,53.28,5.63,2.1,47.65,137,16.20,EMERALD+,top,2026-10-09T10:04Z
Illaoi,Cho'Gath,53.64,6.18,2.65,47.46,151,16.20,EMERALD+,top,2026-10-09T10:04Z
Illaoi,Jayce,53.65,2.91,-0.62,50.74,192,16.20,EMERALD+,top,2026-10-09T10:04Z
Illaoi,Nasus,54.11,6.02,2.49,48.09,316,16.20,EMERALD+,top,2026-10-09T10:04Z
Illaoi,Riven,54.21,5.45,1.92,48.76,107,16.20,EMERALD+,top,2026-10-09T10:04Z
Illaoi,Dr. Mundo,54.38,6.46,2.93,47.92,160,16.20,EMERALD+,top,2026-10-09T10:04Z
Illaoi,Jax,54.69,5.89,2.36,48.8,320,16.20,EMERALD+,top,2026-10-09T10:04Z
Illaoi,Sion,54.73,6.15,2.62,48.58,148,16.20,EMERALD+,top,2026-10-09T10:04Z
Illaoi,Ambessa,54.75,4.85,1.32,49.9,179,16.20,EMERALD+,top,2026-10-09T10:04Z
Illaoi,Gragas,56.25,6.69,3.16,49.56,128,16.20,EMERALD+,top,2026-10-09T10:04Z
Illaoi,Shen,56.72,9.39,5.86,47.33,201,16.20,EMERALD+,top,2026-10-09T10:04Z
Illaoi,Zaahen,57.62,9.07,5.54,48.55,151,16.20,EMERALD+,top,2026-10-09T10:04Z
Illaoi,Renekton,57.83,8.79,5.26,49.04,332,16.20,EMERALD+,top,2026-10-09T10:04Z
Illaoi,K'Sante,59.52,7.68,4.16,51.84,210,16.20,EMERALD+,top,2026-10-09T10:04Z
Irelia,Warwick,39.05,-8.12,-11.16,47.17,169,16.20,EMERALD+,top,2026-10-09T10:04Z
Irelia,Tryndamere,43.56,-4.7,-7.74,48.26,303,16.20,EMERALD+,top,2026-10-09T10:04Z
Irelia,Malphite,43.68,-2.6,-5.63,46.28,657,16.20,EMERALD+,top,2026-10-09T10:04Z
Irelia,Heimerdinger,45.64,-2.97,-6.01,48.61,149,16.20,EMERALD+,top,2026-10-09T10:04Z
Irelia,Zaahen,46.06,-2.49,-5.53,48.55,241,16.20,EMERALD+,top,2026-10-09T10:04Z
Irelia,Volibear,46.88,-3.1,-6.14,49.98,497,16.20,EMERALD+,top,2026-10-09T10:04Z
Irelia,Jax,47.12,-1.68,-4.72,48.8,626,16.20,EMERALD+,top,2026-10-09T10:04Z
Irelia,Wukong,47.62,-0.71,-3.75,48.33,105,16.20,EMERALD+,top,2026-10-09T10:04Z
Irelia,Camille,47.99,0.23,-2.81,47.76,348,16.20,EMERALD+,top,2026-10-09T10:04Z
Irelia,Singed,48.19,1.68,-1.36,46.51,193,16.20,EMERALD+,top,2026-10-09T10:04Z
Irelia,Riven,48.25,-0.51,-3.55,48.76,228,16.20,EMERALD+,top,2026-10-09T10:04Z
Irelia,Kled,48.48,-0.93,-3.97,49.41,132,16.20,EMERALD+,top,2026-10-09T10:04Z
Irelia,Fiora,48.84,0.83,-2.21,48.01,432,16.20,EMERALD+,top,2026-10-09T10:04Z
Irelia,Mordekaiser,48.88,1.28,-1.76,47.6,403,16.20,EMERALD+,top,2026-10-09T10:04Z
Irelia,Renekton,49.12,0.08,-2.96,49.04,566,16.20,EMERALD+,top,2026-10-09T10:04Z
Irelia,K'Sante,49.18,-2.66,-5.7,51.84,305,16.20,EMERALD+,top,2026-10-09T10:04Z
Irelia,Cho'Gath,49.42,1.96,-1.08,47.46,257,16.20,EMERALD+,top,2026-10-09T10:04Z
Irelia,Sett,49.67,2.26,-0.78,47.41,608,16.20,EMERALD+,top,2026-10-09T10:04Z
Irelia,Sion,49.73,1.15,-1.89,48.58,183,16.20,EMERALD+,top,2026-10-09T10:04Z
Irelia,Trundle,50.0,0.46,-2.58,49.54,166,16.20,EMERALD+,top,2026-10-09T10:04Z
Irelia,Illaoi,50.54,2.61,-0.43,47.93,184,16.20,EMERALD+,top,2026-10-09T10:04Z
Irelia,Garen,50.66,2.82,-0.22,47.84,452,16.20,EMERALD+,top,2026-10-09T10:04Z
Irelia,Tahm Kench,50.69,2.41,-0.63,48.28,144,16.20,EMERALD+,top,2026-10-09T10:04Z
Irelia,Shen,51.0,3.67,0.63,47.33,251,16.20,EMERALD+,top,2026-10-09T10:04Z
Irelia,Darius,51.08,2.4,-0.64,48.68,509,16.20,EMERALD+,top,2026-10-09T10:04Z
Irelia,Yasuo,51.55,2.75,-0.29,48.8,355,16.20,EMERALD+,top,2026-10-09T10:04Z
Irelia,Akali,51.62,2.89,-0.15,48.73,308,16.20,EMERALD+,top,2026-10-09T10:04Z
Irelia,Teemo,51.96,5.01,1.97,46.95,358,16.20,EMERALD+,top,2026-10-09T10:04Z
Irelia,Ornn,52.78,6.13,3.09,46.65,216,16.20,EMERALD+,top,2026-10-09T10:04Z
Irelia,Gwen,53.29,4.85,1.81,48.44,152,16.20,EMERALD+,top,2026-10-09T10:04Z
Irelia,Gangplank,53.3,4.99,1.95,48.31,681,16.20,EMERALD+,top,2026-10-09T10:04Z
Irelia,Aatrox,53.62,4.67,1.63,48.95,746,16.20,EMERALD+,top,2026-10-09T10:04Z
Irelia,Jayce,53.74,3.0,-0.04,50.74,988,16.20,EMERALD+,top,2026-10-09T10:04Z
Irelia,Nasus,53.82,5.73,2.69,48.09,327,16.20,EMERALD+,top,2026-10-09T10:04Z
Irelia,Ambessa,53.89,3.99,0.95,49.9,321,16.20,EMERALD+,top,2026-10-09T10:04Z
Irelia,Olaf,53.92,5.6,2.56,48.32,204,16.20,EMERALD+,top,2026-10-09T10:04Z
Irelia,Kayle,54.02,6.7,3.66,47.32,224,16.20,EMERALD+,top,2026-10-09T10:04Z
Irelia,Urgot,54.12,7.34,4.3,46.78,170,16.20,EMERALD+,top,2026-10-09T10:04Z
Irelia,Gragas,54.19,4.63,1.59,49.56,203,16.20,EMERALD+,top,2026-10-09T10:04Z
Irelia,Yone,54.41,5.74,2.7,48.67,908,16.20,EMERALD+,top,2026-10-09T10:04Z
Irelia,Vayne,55.24,6.24,3.2,49.0,105,16.20,EMERALD+,top,2026-10-09T10:04Z
Irelia,Varus,55.45,4.24,1.2,51.21,110,16.20,EMERALD+,top,2026-10-09T10:04Z
Irelia,Corki,55.64,2.12,-0.91,53.52,133,16.20,EMERALD+,top,2026-10-09T10:04Z
Irelia,Dr. Mundo,55.75,7.83,4.79,47.92,174,16.20,EMERALD+,top,2026-10-09T10:04Z
Irelia,Gnar,56.35,6.78,3.74,49.57,394,16.20,EMERALD+,top,2026-10-09T10:04Z
Irelia,Yorick,56.37,7.48,4.44,48.89,314,16.20,EMERALD+,top,2026-10-09T10:04Z
Irelia,Rumble,56.43,4.57,1.53,51.86,140,16.20,EMERALD+,top,2026-10-09T10:04Z
Irelia,Kennen,56.5,7.55,4.51,48.95,223,16.20,EMERALD+,top,2026-10-09T10:04Z
Irelia,Pantheon,58.1,10.45,7.41,47.65,284,16.20,EMERALD+,top,2026-10-09T10:04Z
Irelia,Vladimir,60.0,10.7,7.66,49.3,170,16.20,EMERALD+,top,2026-10-09T10:04Z
Jax,Sion,44.13,-4.45,-7.11,48.58,213,16.20,EMERALD+,top,2026-10-09T10:04Z
Jax,Singed,45.42,-1.09,-3.75,46.51,262,16.20,EMERALD+,top,2026-10-09T10:04Z
Jax,Dr. Mundo,45.55,-2.37,-5.03,47.92,371,16.20,EMERALD+,top,2026-10-09T10:04Z
Jax,Garen,46.39,-1.45,-4.11,47.84,1218,16.20,EMERALD+,top,2026-10-09T10:04Z
Jax,Vladimir,46.45,-2.85,-5.51,49.3,211,16.20,EMERALD+,top,2026-10-09T10:04Z
Jax,Rumble,46.62,-5.24,-7.9,51.86,133,16.20,EMERALD+,top,2026-10-09T10:04Z
Jax,Illaoi,47.56,-0.37,-3.03,47.93,307,16.20,EMERALD+,top,2026-10-09T10:04Z
Jax,Kayle,47.75,0.43,-2.23,47.32,222,16.20,EMERALD+,top,2026-10-09T10:04Z
Jax,Poppy,48.03,-0.57,-3.23,48.6,127,16.20,EMERALD+,top,2026-10-09T10:04Z
Jax,K'Sante,48.07,-3.77,-6.43,51.84,414,16.20,EMERALD+,top,2026-10-09T10:04Z
Jax,Cho'Gath,48.09,0.63,-2.03,47.46,314,16.20,EMERALD+,top,2026-10-09T10:04Z
Jax,Olaf,48.3,-0.02,-2.68,48.32,441,16.20,EMERALD+,top,2026-10-09T10:04Z
Jax,Gangplank,48.37,0.06,-2.6,48.31,523,16.20,EMERALD+,top,2026-10-09T10:04Z
Jax,Urgot,48.57,1.79,-0.87,46.78,280,16.20,EMERALD+,top,2026-10-09T10:04Z
Jax,Pantheon,49.11,1.46,-1.2,47.65,395,16.20,EMERALD+,top,2026-10-09T10:04Z
Jax,Malphite,49.55,3.27,0.61,46.28,674,16.20,EMERALD+,top,2026-10-09T10:04Z
Jax,Teemo,50.16,3.21,0.55,46.95,321,16.20,EMERALD+,top,2026-10-09T10:04Z
Jax,Fiora,50.17,2.16,-0.5,48.01,592,16.20,EMERALD+,top,2026-10-09T10:04Z
Jax,Zaahen,50.41,1.86,-0.8,48.55,365,16.20,EMERALD+,top,2026-10-09T10:04Z
Jax,Sett,50.42,3.01,0.35,47.41,601,16.20,EMERALD+,top,2026-10-09T10:04Z
Jax,Heimerdinger,50.43,1.82,-0.84,48.61,115,16.20,EMERALD+,top,2026-10-09T10:04Z
Jax,Ambessa,50.56,0.66,-2.0,49.9,356,16.20,EMERALD+,top,2026-10-09T10:04Z
Jax,Camille,50.73,2.97,0.31,47.76,619,16.20,EMERALD+,top,2026-10-09T10:04Z
Jax,Jayce,50.74,-0.0,-2.66,50.74,605,16.20,EMERALD+,top,2026-10-09T10:04Z
Jax,Shen,50.81,3.48,0.82,47.33,370,16.20,EMERALD+,top,2026-10-09T10:04Z
Jax,Akali,50.88,2.15,-0.51,48.73,399,16.20,EMERALD+,top,2026-10-09T10:04Z
Jax,Renekton,50.99,1.95,-0.71,49.04,555,16.20,EMERALD+,top,2026-10-09T10:04Z
Jax,Kennen,51.01,2.06,-0.6,48.95,298,16.20,EMERALD+,top,2026-10-09T10:04Z
Jax,Yasuo,51.19,2.39,-0.27,48.8,463,16.20,EMERALD+,top,2026-10-09T10:04Z
Jax,Gragas,51.2,1.64,-1.02,49.56,541,16.20,EMERALD+,top,2026-10-09T10:04Z
Jax,Warwick,51.37,4.2,1.54,47.17,183,16.20,EMERALD+,top,2026-10-09T10:04Z
Jax,Ornn,51.61,4.96,2.3,46.65,279,16.20,EMERALD+,top,2026-10-09T10:04Z
Jax,Gnar,51.62,2.05,-0.61,49.57,308,16.20,EMERALD+,top,2026-10-09T10:04Z
Jax,Mordekaiser,51.83,4.23,1.57,47.6,602,16.20,EMERALD+,top,2026-10-09T10:04Z
Jax,Darius,51.94,3.26,0.6,48.68,722,16.20,EMERALD+,top,2026-10-09T10:04Z
Jax,Tahm Kench,52.02,3.74,1.08,48.28,173,16.20,EMERALD+,top,2026-10-09T10:04Z
Jax,Nasus,52.38,4.29,1.63,48.09,399,16.20,EMERALD+,top,2026-10-09T10:04Z
Jax,Yone,52.65,3.98,1.32,48.67,1341,16.20,EMERALD+,top,2026-10-09T10:04Z
Jax,Tryndamere,52.76,4.5,1.84,48.26,525,16.20,EMERALD+,top,2026-10-09T10:04Z
Jax,Vayne,54.05,5.05,2.39,49.0,111,16.20,EMERALD+,top,2026-10-09T10:04Z
Jax,Aatrox,54.12,5.17,2.51,48.95,704,16.20,EMERALD+,top,2026-10-09T10:04Z
Jax,Riven,54.82,6.06,3.4,48.76,228,16.20,EMERALD+,top,2026-10-09T10:04Z
Jax,Yorick,55.18,6.29,3.63,48.89,328,16.20,EMERALD+,top,2026-10-09T10:04Z
Jax,Gwen,55.19,6.75,4.09,48.44,270,16.20,EMERALD+,top,2026-10-09T10:04Z
Jax,Kled,55.91,6.5,3.84,49.41,220,16.20,EMERALD+,top,2026-10-09T10:04Z
Jax,Corki,56.0,2.48,-0.17,53.52,100,16.20,EMERALD+,top,2026-10-09T10:04Z
Jax,Volibear,56.21,6.23,3.57,49.98,749,16.20,EMERALD+,top,2026-10-09T10:04Z
Jax,Varus,57.52,6.31,3.65,51.21,113,16.20,EMERALD+,top,2026-10-09T10:04Z
Jax,Irelia,58.11,9.69,7.03,48.42,623,16.20,EMERALD+,top,2026-10-09T10:04Z
Jax,Trundle,58.43,8.89,6.23,49.54,255,16.20,EMERALD+,top,2026-10-09T10:04Z
Jax,Wukong,59.26,10.93,8.27,48.33,108,16.20,EMERALD+,top,2026-10-09T10:04Z
Jayce,Poppy,34.78,-13.92,-14.59,48.7,115,16.20,EMERALD+,top,2026-10-09T10:04Z
Jayce,Warwick,42.0,-5.14,-5.81,47.14,100,16.20,EMERALD+,top,2026-10-09T10:04Z
Jayce,Vladimir,42.86,-6.51,-7.18,49.37,161,16.20,EMERALD+,top,2026-10-09T10:04Z
Jayce,Sion,42.86,-5.8,-6.47,48.66,308,16.20,EMERALD+,top,2026-10-09T10:04Z
Jayce,Malphite,43.29,-2.95,-3.63,46.24,1587,16.20,EMERALD+,top,2026-10-09T10:04Z
Jayce,Ornn,43.34,-3.36,-4.03,46.7,353,16.20,EMERALD+,top,2026-10-09T10:04Z
Jayce,Kled,43.75,-5.6,-6.27,49.35,160,16.20,EMERALD+,top,2026-10-09T10:04Z
Jayce,Tahm Kench,43.93,-4.25,-4.92,48.18,173,16.20,EMERALD+,top,2026-10-09T10:04Z
Jayce,Olaf,45.1,-3.25,-3.92,48.35,439,16.20,EMERALD+,top,2026-10-09T10:04Z
Jayce,Camille,45.4,-2.39,-3.06,47.79,511,16.20,EMERALD+,top,2026-10-09T10:04Z
Jayce,Zaahen,46.19,-2.37,-3.04,48.56,223,16.20,EMERALD+,top,2026-10-09T10:04Z
Jayce,Pantheon,46.28,-1.39,-2.06,47.67,471,16.20,EMERALD+,top,2026-10-09T10:04Z
Jayce,Wukong,46.93,-1.45,-2.12,48.38,179,16.20,EMERALD+,top,2026-10-09T10:04Z
Jayce,Heimerdinger,47.0,-1.63,-2.3,48.63,100,16.20,EMERALD+,top,2026-10-09T10:04Z
Jayce,Illaoi,47.12,-0.87,-1.54,47.99,191,16.20,EMERALD+,top,2026-10-09T10:04Z
Jayce,Gragas,47.17,-2.41,-3.08,49.58,371,16.20,EMERALD+,top,2026-10-09T10:04Z
Jayce,Singed,47.4,0.87,0.2,46.53,192,16.20,EMERALD+,top,2026-10-09T10:04Z
Jayce,Volibear,47.42,-2.49,-3.16,49.91,291,16.20,EMERALD+,top,2026-10-09T10:04Z
Jayce,Dr. Mundo,47.73,-0.15,-0.82,47.88,331,16.20,EMERALD+,top,2026-10-09T10:04Z
Jayce,Kennen,48.18,-0.81,-1.48,48.99,247,16.20,EMERALD+,top,2026-10-09T10:04Z
Jayce,Mordekaiser,48.37,0.76,0.09,47.61,430,16.20,EMERALD+,top,2026-10-09T10:04Z
Jayce,Yasuo,48.49,-0.31,-0.98,48.8,497,16.20,EMERALD+,top,2026-10-09T10:04Z
Jayce,Irelia,48.6,0.15,-0.52,48.45,965,16.20,EMERALD+,top,2026-10-09T10:04Z
Jayce,Cho'Gath,48.86,1.43,0.76,47.43,307,16.20,EMERALD+,top,2026-10-09T10:04Z
Jayce,Nasus,49.01,0.99,0.32,48.02,504,16.20,EMERALD+,top,2026-10-09T10:04Z
Jayce,Rumble,49.19,-2.65,-3.32,51.84,246,16.20,EMERALD+,top,2026-10-09T10:04Z
Jayce,Garen,49.25,1.39,0.72,47.86,400,16.20,EMERALD+,top,2026-10-09T10:04Z
Jayce,Shen,49.26,1.92,1.25,47.34,272,16.20,EMERALD+,top,2026-10-09T10:04Z
Jayce,Sett,49.29,1.84,1.17,47.45,420,16.20,EMERALD+,top,2026-10-09T10:04Z
Jayce,Gnar,49.56,0.02,-0.65,49.54,454,16.20,EMERALD+,top,2026-10-09T10:04Z
Jayce,Gangplank,49.77,1.44,0.77,48.33,659,16.20,EMERALD+,top,2026-10-09T10:04Z
Jayce,Fiora,50.43,2.42,1.75,48.01,468,16.20,EMERALD+,top,2026-10-09T10:04Z
Jayce,Jax,50.49,1.67,1.0,48.82,616,16.20,EMERALD+,top,2026-10-09T10:04Z
Jayce,Yorick,50.6,1.66,0.99,48.94,417,16.20,EMERALD+,top,2026-10-09T10:04Z
Jayce,Riven,51.05,2.23,1.56,48.82,239,16.20,EMERALD+,top,2026-10-09T10:04Z
Jayce,Kayle,51.11,3.79,3.12,47.32,180,16.20,EMERALD+,top,2026-10-09T10:04Z
Jayce,Ambessa,51.28,1.33,0.66,49.95,507,16.20,EMERALD+,top,2026-10-09T10:04Z
Jayce,Vayne,51.33,2.38,1.71,48.95,113,16.20,EMERALD+,top,2026-10-09T10:04Z
Jayce,Urgot,51.44,4.7,4.03,46.74,243,16.20,EMERALD+,top,2026-10-09T10:04Z
Jayce,Teemo,51.93,4.95,4.28,46.98,362,16.20,EMERALD+,top,2026-10-09T10:04Z
Jayce,Tryndamere,52.47,4.06,3.39,48.41,425,16.20,EMERALD+,top,2026-10-09T10:04Z
Jayce,Renekton,52.51,3.47,2.8,49.04,518,16.20,EMERALD+,top,2026-10-09T10:04Z
Jayce,K'Sante,52.55,0.74,0.07,51.81,609,16.20,EMERALD+,top,2026-10-09T10:04Z
Jayce,Varus,52.63,1.43,0.76,51.2,114,16.20,EMERALD+,top,2026-10-09T10:04Z
Jayce,Darius,52.72,4.04,3.37,48.68,552,16.20,EMERALD+,top,2026-10-09T10:04Z
Jayce,Aatrox,52.96,3.98,3.31,48.98,1029,16.20,EMERALD+,top,2026-10-09T10:04Z
Jayce,Gwen,53.19,4.77,4.1,48.42,141,16.20,EMERALD+,top,2026-10-09T10:04Z
Jayce,Yone,53.31,4.64,3.97,48.67,1088,16.20,EMERALD+,top,2026-10-09T10:04Z
Jayce,Trundle,54.13,4.53,3.86,49.6,109,16.20,EMERALD+,top,2026-10-09T10:04Z
Jayce,Sylas,55.17,5.92,5.25,49.25,116,16.20,EMERALD+,top,2026-10-09T10:04Z
Jayce,Corki,55.28,1.64,0.97,53.64,123,16.20,EMERALD+,top,2026-10-09T10:04Z
Jayce,Akali,55.42,6.63,5.96,48.79,332,16.20,EMERALD+,top,2026-10-09T10:04Z
K'Sante,Warwick,36.45,-10.72,-10.35,47.17,107,16.20,EMERALD+,top,2026-10-09T10:04Z
K'Sante,Fiora,40.23,-7.78,-7.41,48.01,435,16.20,EMERALD+,top,2026-10-09T10:04Z
K'Sante,Singed,41.07,-5.44,-5.07,46.51,168,16.20,EMERALD+,top,2026-10-09T10:04Z
K'Sante,Vayne,42.04,-6.96,-6.58,49.0,245,16.20,EMERALD+,top,2026-10-09T10:04Z
K'Sante,Gnar,42.33,-7.24,-6.86,49.57,437,16.20,EMERALD+,top,2026-10-09T10:04Z
K'Sante,Kayle,42.74,-4.58,-4.21,47.32,234,16.20,EMERALD+,top,2026-10-09T10:04Z
K'Sante,Yorick,43.15,-5.74,-5.36,48.89,197,16.20,EMERALD+,top,2026-10-09T10:04Z
K'Sante,Illaoi,43.56,-4.37,-4.0,47.93,202,16.20,EMERALD+,top,2026-10-09T10:04Z
K'Sante,Urgot,43.72,-3.06,-2.69,46.78,183,16.20,EMERALD+,top,2026-10-09T10:04Z
K'Sante,Sett,43.78,-3.63,-3.26,47.41,402,16.20,EMERALD+,top,2026-10-09T10:04Z
K'Sante,Shen,43.84,-3.49,-3.12,47.33,219,16.20,EMERALD+,top,2026-10-09T10:04Z
K'Sante,Akali,44.0,-4.73,-4.35,48.73,150,16.20,EMERALD+,top,2026-10-09T10:04Z
K'Sante,Malphite,44.22,-2.06,-1.7,46.28,294,16.20,EMERALD+,top,2026-10-09T10:04Z
K'Sante,Yasuo,44.44,-4.36,-3.98,48.8,225,16.20,EMERALD+,top,2026-10-09T10:04Z
K'Sante,Zaahen,46.12,-2.43,-2.05,48.55,206,16.20,EMERALD+,top,2026-10-09T10:04Z
K'Sante,Cho'Gath,46.45,-1.01,-0.64,47.46,211,16.20,EMERALD+,top,2026-10-09T10:04Z
K'Sante,Yone,46.6,-2.07,-1.69,48.67,676,16.20,EMERALD+,top,2026-10-09T10:04Z
K'Sante,Tryndamere,46.98,-1.28,-0.9,48.26,232,16.20,EMERALD+,top,2026-10-09T10:04Z
K'Sante,Olaf,47.29,-1.03,-0.65,48.32,203,16.20,EMERALD+,top,2026-10-09T10:04Z
K'Sante,Rumble,47.3,-4.56,-4.18,51.86,148,16.20,EMERALD+,top,2026-10-09T10:04Z
K'Sante,Mordekaiser,47.73,0.13,0.5,47.6,484,16.20,EMERALD+,top,2026-10-09T10:04Z
K'Sante,Aatrox,48.16,-0.79,-0.41,48.95,515,16.20,EMERALD+,top,2026-10-09T10:04Z
K'Sante,Ambessa,48.53,-1.37,-0.99,49.9,307,16.20,EMERALD+,top,2026-10-09T10:04Z
K'Sante,Ornn,48.62,1.97,2.34,46.65,253,16.20,EMERALD+,top,2026-10-09T10:04Z
K'Sante,Jayce,48.72,-2.02,-1.64,50.74,626,16.20,EMERALD+,top,2026-10-09T10:04Z
K'Sante,Garen,48.76,0.92,1.29,47.84,525,16.20,EMERALD+,top,2026-10-09T10:04Z
K'Sante,Teemo,48.77,1.82,2.19,46.95,244,16.20,EMERALD+,top,2026-10-09T10:04Z
K'Sante,Gragas,49.11,-0.45,-0.07,49.56,169,16.20,EMERALD+,top,2026-10-09T10:04Z
K'Sante,Darius,49.14,0.46,0.84,48.68,523,16.20,EMERALD+,top,2026-10-09T10:04Z
K'Sante,Riven,49.18,0.42,0.8,48.76,183,16.20,EMERALD+,top,2026-10-09T10:04Z
K'Sante,Sion,49.19,0.61,0.99,48.58,124,16.20,EMERALD+,top,2026-10-09T10:04Z
K'Sante,Pantheon,49.48,1.83,2.2,47.65,289,16.20,EMERALD+,top,2026-10-09T10:04Z
K'Sante,Gangplank,49.75,1.44,1.82,48.31,400,16.20,EMERALD+,top,2026-10-09T10:04Z
K'Sante,Poppy,50.0,1.4,1.78,48.6,104,16.20,EMERALD+,top,2026-10-09T10:04Z
K'Sante,Renekton,50.0,0.96,1.34,49.04,366,16.20,EMERALD+,top,2026-10-09T10:04Z
K'Sante,Varus,50.43,-0.78,-0.4,51.21,115,16.20,EMERALD+,top,2026-10-09T10:04Z
K'Sante,Volibear,50.91,0.93,1.31,49.98,330,16.20,EMERALD+,top,2026-10-09T10:04Z
K'Sante,Camille,51.68,3.92,4.29,47.76,327,16.20,EMERALD+,top,2026-10-09T10:04Z
K'Sante,Gwen,51.82,3.38,3.76,48.44,247,16.20,EMERALD+,top,2026-10-09T10:04Z
K'Sante,Irelia,52.16,3.74,4.12,48.42,301,16.20,EMERALD+,top,2026-10-09T10:04Z
K'Sante,Trundle,52.48,2.94,3.32,49.54,101,16.20,EMERALD+,top,2026-10-09T10:04Z
K'Sante,Jax,52.53,3.73,4.11,48.8,415,16.20,EMERALD+,top,2026-10-09T10:04Z
K'Sante,Dr. Mundo,54.39,6.47,6.84,47.92,171,16.20,EMERALD+,top,2026-10-09T10:04Z
K'Sante,Nasus,55.27,7.18,7.55,48.09,313,16.20,EMERALD+,top,2026-10-09T10:04Z
K'Sante,Kennen,55.46,6.51,6.89,48.95,119,16.20,EMERALD+,top,2026-10-09T10:04Z
K'Sante,Kled,56.82,7.41,7.79,49.41,132,16.20,EMERALD+,top,2026-10-09T10:04Z
K'Sante,Tahm Kench,58.73,10.45,10.83,48.28,126,16.20,EMERALD+,top,2026-10-09T10:04Z
Kayle,Cho'Gath,41.27,-6.19,-10.33,47.46,126,16.20,EMERALD+,top,2026-10-09T10:04Z
Kayle,Akali,41.28,-7.45,-11.59,48.73,109,16.20,EMERALD+,top,2026-10-09T10:04Z
Kayle,Malphite,43.31,-2.97,-7.11,46.28,254,16.20,EMERALD+,top,2026-10-09T10:04Z
Kayle,Irelia,47.93,-0.49,-4.63,48.42,217,16.20,EMERALD+,top,2026-10-09T10:04Z
Kayle,Tahm Kench,48.25,-0.03,-4.17,48.28,114,16.20,EMERALD+,top,2026-10-09T10:04Z
Kayle,Gnar,48.95,-0.62,-4.76,49.57,143,16.20,EMERALD+,top,2026-10-09T10:04Z
Kayle,Teemo,49.07,2.12,-2.02,46.95,161,16.20,EMERALD+,top,2026-10-09T10:04Z
Kayle,Ornn,49.3,2.65,-1.49,46.65,215,16.20,EMERALD+,top,2026-10-09T10:04Z
Kayle,Dr. Mundo,49.53,1.61,-2.53,47.92,107,16.20,EMERALD+,top,2026-10-09T10:04Z
Kayle,Yone,49.85,1.18,-2.96,48.67,343,16.20,EMERALD+,top,2026-10-09T10:04Z
Kayle,Aatrox,50.0,1.05,-3.09,48.95,238,16.20,EMERALD+,top,2026-10-09T10:04Z
Kayle,Sett,50.47,3.06,-1.08,47.41,317,16.20,EMERALD+,top,2026-10-09T10:04Z
Kayle,Riven,51.4,2.64,-1.5,48.76,107,16.20,EMERALD+,top,2026-10-09T10:04Z
Kayle,Fiora,51.49,3.48,-0.66,48.01,202,16.20,EMERALD+,top,2026-10-09T10:04Z
Kayle,Nasus,51.59,3.5,-0.64,48.09,283,16.20,EMERALD+,top,2026-10-09T10:04Z
Kayle,Jayce,51.67,0.93,-3.21,50.74,180,16.20,EMERALD+,top,2026-10-09T10:04Z
Kayle,Shen,52.33,5.0,0.86,47.33,193,16.20,EMERALD+,top,2026-10-09T10:04Z
Kayle,Renekton,52.45,3.41,-0.73,49.04,204,16.20,EMERALD+,top,2026-10-09T10:04Z
Kayle,Sion,52.73,4.15,0.01,48.58,110,16.20,EMERALD+,top,2026-10-09T10:04Z
Kayle,Volibear,53.15,3.17,-0.97,49.98,222,16.20,EMERALD+,top,2026-10-09T10:04Z
Kayle,Pantheon,53.45,5.8,1.66,47.65,116,16.20,EMERALD+,top,2026-10-09T10:04Z
Kayle,Camille,53.8,6.04,1.9,47.76,158,16.20,EMERALD+,top,2026-10-09T10:04Z
Kayle,Yasuo,55.03,6.23,2.09,48.8,149,16.20,EMERALD+,top,2026-10-09T10:04Z
Kayle,Garen,55.09,7.25,3.11,47.84,432,16.20,EMERALD+,top,2026-10-09T10:04Z
Kayle,Singed,55.41,8.9,4.76,46.51,222,16.20,EMERALD+,top,2026-10-09T10:04Z
Kayle,Urgot,55.42,8.64,4.5,46.78,166,16.20,EMERALD+,top,2026-10-09T10:04Z
Kayle,Illaoi,55.43,7.5,3.36,47.93,175,16.20,EMERALD+,top,2026-10-09T10:04Z
Kayle,Mordekaiser,55.44,7.84,3.7,47.6,193,16.20,EMERALD+,top,2026-10-09T10:04Z
Kayle,Zaahen,55.45,6.9,2.76,48.55,101,16.20,EMERALD+,top,2026-10-09T10:04Z
Kayle,Gangplank,55.56,7.25,3.11,48.31,234,16.20,EMERALD+,top,2026-10-09T10:04Z
Kayle,Jax,56.12,7.32,3.18,48.8,237,16.20,EMERALD+,top,2026-10-09T10:04Z
Kayle,Ambessa,57.69,7.79,3.65,49.9,130,16.20,EMERALD+,top,2026-10-09T10:04Z
Kayle,Tryndamere,57.98,9.72,5.58,48.26,119,16.20,EMERALD+,top,2026-10-09T10:04Z
Kayle,Darius,60.81,12.13,7.99,48.68,273,16.20,EMERALD+,top,2026-10-09T10:04Z
Kayle,K'Sante,61.18,9.34,5.21,51.84,237,16.20,EMERALD+,top,2026-10-09T10:04Z
Kennen,Cho'Gath,44.93,-2.5,-4.96,47.43,138,16.20,EMERALD+,top,2026-10-09T10:04Z
Kennen,Malphite,45.0,-1.24,-3.7,46.24,300,16.20,EMERALD+,top,2026-10-09T10:04Z
Kennen,Urgot,46.15,-0.59,-3.05,46.74,117,16.20,EMERALD+,top,2026-10-09T10:04Z
Kennen,K'Sante,46.28,-5.53,-7.99,51.81,121,16.20,EMERALD+,top,2026-10-09T10:04Z
Kennen,Akali,46.51,-2.28,-4.74,48.79,129,16.20,EMERALD+,top,2026-10-09T10:04Z
Kennen,Olaf,46.62,-1.73,-4.19,48.35,133,16.20,EMERALD+,top,2026-10-09T10:04Z
Kennen,Mordekaiser,46.95,-0.66,-3.12,47.61,164,16.20,EMERALD+,top,2026-10-09T10:04Z
Kennen,Irelia,47.2,-1.25,-3.71,48.45,214,16.20,EMERALD+,top,2026-10-09T10:04Z
Kennen,Teemo,47.26,0.28,-2.18,46.98,201,16.20,EMERALD+,top,2026-10-09T10:04Z
Kennen,Dr. Mundo,48.78,0.9,-1.56,47.88,164,16.20,EMERALD+,top,2026-10-09T10:04Z
Kennen,Camille,49.62,1.83,-0.63,47.79,131,16.20,EMERALD+,top,2026-10-09T10:04Z
Kennen,Ornn,50.0,3.3,0.84,46.7,130,16.20,EMERALD+,top,2026-10-09T10:04Z
Kennen,Shen,50.41,3.07,0.61,47.34,123,16.20,EMERALD+,top,2026-10-09T10:04Z
Kennen,Gangplank,51.4,3.07,0.61,48.33,179,16.20,EMERALD+,top,2026-10-09T10:04Z
Kennen,Darius,51.57,2.89,0.43,48.68,287,16.20,EMERALD+,top,2026-10-09T10:04Z
Kennen,Jayce,51.64,0.86,-1.6,50.78,244,16.20,EMERALD+,top,2026-10-09T10:04Z
Kennen,Jax,51.82,3.0,0.54,48.82,303,16.20,EMERALD+,top,2026-10-09T10:04Z
Kennen,Fiora,52.02,4.01,1.55,48.01,198,16.20,EMERALD+,top,2026-10-09T10:04Z
Kennen,Yone,52.03,3.36,0.9,48.67,296,16.20,EMERALD+,top,2026-10-09T10:04Z
Kennen,Ambessa,52.1,2.15,-0.31,49.95,119,16.20,EMERALD+,top,2026-10-09T10:04Z
Kennen,Nasus,52.29,4.27,1.81,48.02,218,16.20,EMERALD+,top,2026-10-09T10:04Z
Kennen,Riven,52.48,3.66,1.2,48.82,101,16.20,EMERALD+,top,2026-10-09T10:04Z
Kennen,Pantheon,52.94,5.27,2.81,47.67,119,16.20,EMERALD+,top,2026-10-09T10:04Z
Kennen,Yasuo,53.08,4.28,1.82,48.8,130,16.20,EMERALD+,top,2026-10-09T10:04Z
Kennen,Gnar,53.33,3.79,1.33,49.54,165,16.20,EMERALD+,top,2026-10-09T10:04Z
Kennen,Yorick,54.21,5.27,2.81,48.94,107,16.20,EMERALD+,top,2026-10-09T10:04Z
Kennen,Sett,54.25,6.8,4.34,47.45,212,16.20,EMERALD+,top,2026-10-09T10:04Z
Kennen,Aatrox,54.95,5.97,3.51,48.98,222,16.20,EMERALD+,top,2026-10-09T10:04Z
Kennen,Volibear,55.62,5.71,3.25,49.91,178,16.20,EMERALD+,top,2026-10-09T10:04Z
Kennen,Garen,56.82,8.96,6.5,47.86,220,16.20,EMERALD+,top,2026-10-09T10:04Z
Kennen,Renekton,57.65,8.61,6.15,49.04,196,16.20,EMERALD+,top,2026-10-09T10:04Z
Kennen,Tryndamere,59.05,10.64,8.18,48.41,105,16.20,EMERALD+,top,2026-10-09T10:04Z
Kled,K'Sante,42.31,-9.5,-11.6,51.81,130,16.20,EMERALD+,top,2026-10-09T10:04Z
Kled,Olaf,43.41,-4.94,-7.04,48.35,129,16.20,EMERALD+,top,2026-10-09T10:04Z
Kled,Tryndamere,44.55,-3.86,-5.96,48.41,101,16.20,EMERALD+,top,2026-10-09T10:04Z
Kled,Darius,46.0,-2.68,-4.78,48.68,200,16.20,EMERALD+,top,2026-10-09T10:04Z
Kled,Garen,46.76,-1.1,-3.2,47.86,216,16.20,EMERALD+,top,2026-10-09T10:04Z
Kled,Fiora,47.34,-0.67,-2.77,48.01,169,16.20,EMERALD+,top,2026-10-09T10:04Z
Kled,Ambessa,47.83,-2.12,-4.22,49.95,138,16.20,EMERALD+,top,2026-10-09T10:04Z
Kled,Pantheon,47.86,0.19,-1.91,47.67,117,16.20,EMERALD+,top,2026-10-09T10:04Z
Kled,Gangplank,48.24,-0.09,-2.19,48.33,255,16.20,EMERALD+,top,2026-10-09T10:04Z
Kled,Yone,49.21,0.54,-1.56,48.67,252,16.20,EMERALD+,top,2026-10-09T10:04Z
Kled,Irelia,49.24,0.79,-1.31,48.45,132,16.20,EMERALD+,top,2026-10-09T10:04Z
Kled,Mordekaiser,49.48,1.87,-0.23,47.61,192,16.20,EMERALD+,top,2026-10-09T10:04Z
Kled,Gnar,49.59,0.05,-2.05,49.54,121,16.20,EMERALD+,top,2026-10-09T10:04Z
Kled,Jax,49.77,0.95,-1.15,48.82,217,16.20,EMERALD+,top,2026-10-09T10:04Z
Kled,Ornn,50.0,3.3,1.2,46.7,114,16.20,EMERALD+,top,2026-10-09T10:04Z
Kled,Aatrox,51.05,2.07,-0.03,48.98,239,16.20,EMERALD+,top,2026-10-09T10:04Z
Kled,Nasus,51.24,3.22,1.12,48.02,121,16.20,EMERALD+,top,2026-10-09T10:04Z
Kled,Renekton,51.7,2.66,0.56,49.04,176,16.20,EMERALD+,top,2026-10-09T10:04Z
Kled,Zaahen,51.94,3.38,1.28,48.56,129,16.20,EMERALD+,top,2026-10-09T10:04Z
Kled,Camille,51.95,4.16,2.06,47.79,154,16.20,EMERALD+,top,2026-10-09T10:04Z
Kled,Urgot,52.43,5.69,3.59,46.74,103,16.20,EMERALD+,top,2026-10-09T10:04Z
Kled,Teemo,53.0,6.02,3.92,46.98,100,16.20,EMERALD+,top,2026-10-09T10:04Z
Kled,Volibear,53.38,3.47,1.37,49.91,148,16.20,EMERALD+,top,2026-10-09T10:04Z
Kled,Shen,53.79,6.45,4.35,47.34,132,16.20,EMERALD+,top,2026-10-09T10:04Z
Kled,Malphite,55.68,9.44,7.34,46.24,185,16.20,EMERALD+,top,2026-10-09T10:04Z
Kled,Jayce,58.28,7.5,5.4,50.78,163,16.20,EMERALD+,top,2026-10-09T10:04Z
Kled,Sett,59.24,11.79,9.69,47.45,211,16.20,EMERALD+,top,2026-10-09T10:04Z
Malphite,Shen,44.81,-2.52,-7.7,47.33,424,16.20,EMERALD+,top,2026-10-09T10:04Z
Malphite,Dr. Mundo,45.76,-2.16,-7.35,47.92,660,16.20,EMERALD+,top,2026-10-09T10:04Z
Malphite,Cho'Gath,45.86,-1.6,-6.78,47.46,495,16.20,EMERALD+,top,2026-10-09T10:04Z
Malphite,Sylas,47.17,-2.12,-7.3,49.29,1185,16.20,EMERALD+,top,2026-10-09T10:04Z
Malphite,Kled,47.18,-2.23,-7.41,49.41,195,16.20,EMERALD+,top,2026-10-09T10:04Z
Malphite,Wukong,47.27,-1.06,-6.25,48.33,110,16.20,EMERALD+,top,2026-10-09T10:04Z
Malphite,Mordekaiser,47.47,-0.13,-5.31,47.6,891,16.20,EMERALD+,top,2026-10-09T10:04Z
Malphite,Tahm Kench,47.76,-0.52,-5.71,48.28,312,16.20,EMERALD+,top,2026-10-09T10:04Z
Malphite,Ornn,48.36,1.71,-3.47,46.65,397,16.20,EMERALD+,top,2026-10-09T10:04Z
Malphite,Sion,48.59,0.01,-5.17,48.58,391,16.20,EMERALD+,top,2026-10-09T10:04Z
Malphite,Camille,48.83,1.07,-4.11,47.76,426,16.20,EMERALD+,top,2026-10-09T10:04Z
Malphite,Vladimir,49.54,0.24,-4.94,49.3,216,16.20,EMERALD+,top,2026-10-09T10:04Z
Malphite,Nasus,50.49,2.4,-2.79,48.09,721,16.20,EMERALD+,top,2026-10-09T10:04Z
Malphite,Yorick,50.71,1.82,-3.36,48.89,280,16.20,EMERALD+,top,2026-10-09T10:04Z
Malphite,Swain,50.89,2.61,-2.58,48.28,112,16.20,EMERALD+,top,2026-10-09T10:04Z
Malphite,Gragas,51.43,1.87,-3.31,49.56,315,16.20,EMERALD+,top,2026-10-09T10:04Z
Malphite,Renekton,51.9,2.86,-2.32,49.04,526,16.20,EMERALD+,top,2026-10-09T10:04Z
Malphite,Jax,51.95,3.15,-2.03,48.8,693,16.20,EMERALD+,top,2026-10-09T10:04Z
Malphite,Garen,52.03,4.19,-1.0,47.84,592,16.20,EMERALD+,top,2026-10-09T10:04Z
Malphite,Urgot,52.24,5.46,0.28,46.78,268,16.20,EMERALD+,top,2026-10-09T10:04Z
Malphite,Yasuo,52.3,3.5,-1.68,48.8,543,16.20,EMERALD+,top,2026-10-09T10:04Z
Malphite,Varus,52.31,1.1,-4.07,51.21,130,16.20,EMERALD+,top,2026-10-09T10:04Z
Malphite,Olaf,52.67,4.35,-0.84,48.32,262,16.20,EMERALD+,top,2026-10-09T10:04Z
Malphite,Akali,52.68,3.95,-1.23,48.73,317,16.20,EMERALD+,top,2026-10-09T10:04Z
Malphite,Aatrox,52.7,3.75,-1.43,48.95,795,16.20,EMERALD+,top,2026-10-09T10:04Z
Malphite,Singed,52.86,6.35,1.17,46.51,210,16.20,EMERALD+,top,2026-10-09T10:04Z
Malphite,Darius,53.04,4.36,-0.82,48.68,658,16.20,EMERALD+,top,2026-10-09T10:04Z
Malphite,Illaoi,53.36,5.43,0.24,47.93,298,16.20,EMERALD+,top,2026-10-09T10:04Z
Malphite,Sett,53.44,6.03,0.85,47.41,668,16.20,EMERALD+,top,2026-10-09T10:04Z
Malphite,Trundle,53.92,4.38,-0.8,49.54,204,16.20,EMERALD+,top,2026-10-09T10:04Z
Malphite,Zaahen,53.95,5.4,0.22,48.55,304,16.20,EMERALD+,top,2026-10-09T10:04Z
Malphite,Yone,54.2,5.53,0.35,48.67,1345,16.20,EMERALD+,top,2026-10-09T10:04Z
Malphite,Ambessa,54.25,4.35,-0.83,49.9,400,16.20,EMERALD+,top,2026-10-09T10:04Z
Malphite,Volibear,54.39,4.41,-0.77,49.98,456,16.20,EMERALD+,top,2026-10-09T10:04Z
Malphite,Gwen,54.44,6.0,0.81,48.44,349,16.20,EMERALD+,top,2026-10-09T10:04Z
Malphite,Riven,55.26,6.5,1.32,48.76,304,16.20,EMERALD+,top,2026-10-09T10:04Z
Malphite,Teemo,56.24,9.29,4.11,46.95,914,16.20,EMERALD+,top,2026-10-09T10:04Z
Malphite,Kennen,57.19,8.24,3.06,48.95,306,16.20,EMERALD+,top,2026-10-09T10:04Z
Malphite,Gangplank,57.37,9.06,3.87,48.31,746,16.20,EMERALD+,top,2026-10-09T10:04Z
Malphite,Pantheon,57.45,9.8,4.62,47.65,423,16.20,EMERALD+,top,2026-10-09T10:04Z
Malphite,Gnar,57.85,8.28,3.1,49.57,643,16.20,EMERALD+,top,2026-10-09T10:04Z
Malphite,Rumble,58.24,6.38,1.22,51.86,170,16.20,EMERALD+,top,2026-10-09T10:04Z
Malphite,Jayce,58.54,7.8,2.62,50.74,1621,16.20,EMERALD+,top,2026-10-09T10:04Z
Malphite,K'Sante,58.82,6.98,1.82,51.84,306,16.20,EMERALD+,top,2026-10-09T10:04Z
Malphite,Fiora,58.89,10.88,5.69,48.01,664,16.20,EMERALD+,top,2026-10-09T10:04Z
Malphite,Zed,59.22,13.06,7.88,46.16,103,16.20,EMERALD+,top,2026-10-09T10:04Z
Malphite,Irelia,59.8,11.38,6.19,48.42,684,16.20,EMERALD+,top,2026-10-09T10:04Z
Malphite,Heimerdinger,60.43,11.82,6.64,48.61,139,16.20,EMERALD+,top,2026-10-09T10:04Z
Malphite,Tryndamere,61.19,12.93,7.74,48.26,657,16.20,EMERALD+,top,2026-10-09T10:04Z
Malphite,Kayle,61.66,14.34,9.16,47.32,253,16.20,EMERALD+,top,2026-10-09T10:04Z
Malphite,Corki,61.72,8.2,3.06,53.52,128,16.20,EMERALD+,top,2026-10-09T10:04Z
Malphite,Quinn,63.01,16.0,10.82,47.01,146,16.20,EMERALD+,top,2026-10-09T10:04Z
Malphite,Warwick,63.79,16.62,11.44,47.17,116,16.20,EMERALD+,top,2026-10-09T10:04Z
Malphite,Vayne,65.09,16.09,10.91,49.0,232,16.20,EMERALD+,top,2026-10-09T10:04Z
Mordekaiser,Gwen,44.22,-4.22,-8.08,48.44,303,16.20,EMERALD+,top,2026-10-09T10:04Z
Mordekaiser,Kayle,45.81,-1.51,-5.37,47.32,179,16.20,EMERALD+,top,2026-10-09T10:04Z
Mordekaiser,Teemo,46.83,-0.12,-3.98,46.95,457,16.20,EMERALD+,top,2026-10-09T10:04Z
Mordekaiser,Yasuo,46.83,-1.97,-5.83,48.8,331,16.20,EMERALD+,top,2026-10-09T10:04Z
Mordekaiser,Warwick,47.16,-0.01,-3.87,47.17,229,16.20,EMERALD+,top,2026-10-09T10:04Z
Mordekaiser,Fiora,47.99,-0.02,-3.88,48.01,546,16.20,EMERALD+,top,2026-10-09T10:04Z
Mordekaiser,Tryndamere,48.62,0.36,-3.5,48.26,325,16.20,EMERALD+,top,2026-10-09T10:04Z
Mordekaiser,Heimerdinger,49.21,0.6,-3.26,48.61,126,16.20,EMERALD+,top,2026-10-09T10:04Z
Mordekaiser,Yone,49.22,0.55,-3.31,48.67,894,16.20,EMERALD+,top,2026-10-09T10:04Z
Mordekaiser,Urgot,49.52,2.74,-1.12,46.78,313,16.20,EMERALD+,top,2026-10-09T10:04Z
Mordekaiser,Shen,49.91,2.58,-1.28,47.33,553,16.20,EMERALD+,top,2026-10-09T10:04Z
Mordekaiser,Singed,50.21,3.7,-0.16,46.51,235,16.20,EMERALD+,top,2026-10-09T10:04Z
Mordekaiser,Ambessa,50.7,0.8,-3.06,49.9,359,16.20,EMERALD+,top,2026-10-09T10:04Z
Mordekaiser,Camille,50.76,3.0,-0.86,47.76,396,16.20,EMERALD+,top,2026-10-09T10:04Z
Mordekaiser,Volibear,50.94,0.96,-2.9,49.98,748,16.20,EMERALD+,top,2026-10-09T10:04Z
Mordekaiser,Aatrox,50.94,1.99,-1.87,48.95,744,16.20,EMERALD+,top,2026-10-09T10:04Z
Mordekaiser,Gnar,51.02,1.45,-2.41,49.57,343,16.20,EMERALD+,top,2026-10-09T10:04Z
Mordekaiser,Gragas,51.17,1.61,-2.25,49.56,256,16.20,EMERALD+,top,2026-10-09T10:04Z
Mordekaiser,Nasus,51.24,3.15,-0.71,48.09,525,16.20,EMERALD+,top,2026-10-09T10:04Z
Mordekaiser,Vladimir,51.26,1.96,-1.9,49.3,119,16.20,EMERALD+,top,2026-10-09T10:04Z
Mordekaiser,Jax,51.49,2.69,-1.17,48.8,606,16.20,EMERALD+,top,2026-10-09T10:04Z
Mordekaiser,Yorick,51.56,2.67,-1.19,48.89,384,16.20,EMERALD+,top,2026-10-09T10:04Z
Mordekaiser,Pantheon,51.63,3.98,0.12,47.65,337,16.20,EMERALD+,top,2026-10-09T10:04Z
Mordekaiser,Darius,52.15,3.47,-0.39,48.68,882,16.20,EMERALD+,top,2026-10-09T10:04Z
Mordekaiser,Vayne,52.36,3.36,-0.5,49.0,191,16.20,EMERALD+,top,2026-10-09T10:04Z
Mordekaiser,Riven,52.42,3.66,-0.2,48.76,227,16.20,EMERALD+,top,2026-10-09T10:04Z
Mordekaiser,Olaf,52.93,4.61,0.75,48.32,546,16.20,EMERALD+,top,2026-10-09T10:04Z
Mordekaiser,Sett,53.02,5.61,1.75,47.41,843,16.20,EMERALD+,top,2026-10-09T10:04Z
Mordekaiser,K'Sante,53.25,1.41,-2.44,51.84,477,16.20,EMERALD+,top,2026-10-09T10:04Z
Mordekaiser,Zaahen,53.42,4.87,1.01,48.55,307,16.20,EMERALD+,top,2026-10-09T10:04Z
Mordekaiser,Gangplank,53.67,5.36,1.5,48.31,531,16.20,EMERALD+,top,2026-10-09T10:04Z
Mordekaiser,Illaoi,53.72,5.79,1.93,47.93,363,16.20,EMERALD+,top,2026-10-09T10:04Z
Mordekaiser,Ornn,54.02,7.37,3.51,46.65,535,16.20,EMERALD+,top,2026-10-09T10:04Z
Mordekaiser,Irelia,54.32,5.9,2.04,48.42,405,16.20,EMERALD+,top,2026-10-09T10:04Z
Mordekaiser,Cho'Gath,54.41,6.95,3.09,47.46,408,16.20,EMERALD+,top,2026-10-09T10:04Z
Mordekaiser,Jayce,54.95,4.21,0.35,50.74,424,16.20,EMERALD+,top,2026-10-09T10:04Z
Mordekaiser,Malphite,54.95,8.67,4.81,46.28,910,16.20,EMERALD+,top,2026-10-09T10:04Z
Mordekaiser,Renekton,54.98,5.94,2.08,49.04,653,16.20,EMERALD+,top,2026-10-09T10:04Z
Mordekaiser,Kled,55.44,6.03,2.17,49.41,193,16.20,EMERALD+,top,2026-10-09T10:04Z
Mordekaiser,Garen,55.85,8.01,4.15,47.84,795,16.20,EMERALD+,top,2026-10-09T10:04Z
Mordekaiser,Kennen,56.0,7.05,3.19,48.95,150,16.20,EMERALD+,top,2026-10-09T10:04Z
Mordekaiser,Trundle,56.12,6.58,2.72,49.54,196,16.20,EMERALD+,top,2026-10-09T10:04Z
Mordekaiser,Akali,56.47,7.74,3.88,48.73,255,16.20,EMERALD+,top,2026-10-09T10:04Z
Mordekaiser,Sion,57.0,8.42,4.56,48.58,293,16.20,EMERALD+,top,2026-10-09T10:04Z
Mordekaiser,Tahm Kench,57.1,8.82,4.96,48.28,317,16.20,EMERALD+,top,2026-10-09T10:04Z
Mordekaiser,Dr. Mundo,59.32,11.4,7.54,47.92,354,16.20,EMERALD+,top,2026-10-09T10:04Z
Mordekaiser,Rumble,60.13,8.27,4.42,51.86,153,16.20,EMERALD+,top,2026-10-09T10:04Z
Mordekaiser,Wukong,60.58,12.25,8.39,48.33,104,16.20,EMERALD+,top,2026-10-09T10:04Z
Nasus,Tahm Kench,42.15,-6.13,-9.5,48.28,223,16.20,EMERALD+,top,2026-10-09T10:04Z
Nasus,Shen,46.13,-1.2,-4.57,47.33,284,16.20,EMERALD+,top,2026-10-09T10:04Z
Nasus,Ambessa,46.83,-3.07,-6.44,49.9,284,16.20,EMERALD+,top,2026-10-09T10:04Z
Nasus,Urgot,47.56,0.78,-2.59,46.78,225,16.20,EMERALD+,top,2026-10-09T10:04Z
Nasus,K'Sante,47.83,-4.01,-7.37,51.84,322,16.20,EMERALD+,top,2026-10-09T10:04Z
Nasus,Zaahen,48.22,-0.33,-3.7,48.55,197,16.20,EMERALD+,top,2026-10-09T10:04Z
Nasus,Gwen,48.59,0.15,-3.22,48.44,249,16.20,EMERALD+,top,2026-10-09T10:04Z
Nasus,Darius,48.72,0.04,-3.33,48.68,585,16.20,EMERALD+,top,2026-10-09T10:04Z
Nasus,Cho'Gath,49.25,1.79,-1.58,47.46,333,16.20,EMERALD+,top,2026-10-09T10:04Z
Nasus,Yone,49.34,0.67,-2.7,48.67,829,16.20,EMERALD+,top,2026-10-09T10:04Z
Nasus,Gangplank,49.39,1.08,-2.29,48.31,413,16.20,EMERALD+,top,2026-10-09T10:04Z
Nasus,Ornn,49.39,2.74,-0.63,46.65,328,16.20,EMERALD+,top,2026-10-09T10:04Z
Nasus,Garen,49.77,1.93,-1.44,47.84,888,16.20,EMERALD+,top,2026-10-09T10:04Z
Nasus,Jax,50.0,1.2,-2.17,48.8,400,16.20,EMERALD+,top,2026-10-09T10:04Z
Nasus,Kayle,50.0,2.68,-0.69,47.32,282,16.20,EMERALD+,top,2026-10-09T10:04Z
Nasus,Rumble,50.0,-1.86,-5.22,51.86,112,16.20,EMERALD+,top,2026-10-09T10:04Z
Nasus,Irelia,50.3,1.88,-1.49,48.42,338,16.20,EMERALD+,top,2026-10-09T10:04Z
Nasus,Fiora,50.38,2.37,-1.0,48.01,399,16.20,EMERALD+,top,2026-10-09T10:04Z
Nasus,Sion,50.38,1.8,-1.57,48.58,262,16.20,EMERALD+,top,2026-10-09T10:04Z
Nasus,Aatrox,50.65,1.7,-1.67,48.95,612,16.20,EMERALD+,top,2026-10-09T10:04Z
Nasus,Illaoi,51.02,3.09,-0.28,47.93,294,16.20,EMERALD+,top,2026-10-09T10:04Z
Nasus,Olaf,51.09,2.77,-0.6,48.32,276,16.20,EMERALD+,top,2026-10-09T10:04Z
Nasus,Kennen,51.15,2.2,-1.17,48.95,217,16.20,EMERALD+,top,2026-10-09T10:04Z
Nasus,Malphite,51.85,5.57,2.21,46.28,758,16.20,EMERALD+,top,2026-10-09T10:04Z
Nasus,Riven,51.9,3.14,-0.23,48.76,158,16.20,EMERALD+,top,2026-10-09T10:04Z
Nasus,Singed,52.0,5.49,2.12,46.51,350,16.20,EMERALD+,top,2026-10-09T10:04Z
Nasus,Mordekaiser,52.0,4.4,1.03,47.6,525,16.20,EMERALD+,top,2026-10-09T10:04Z
Nasus,Camille,52.17,4.41,1.04,47.76,345,16.20,EMERALD+,top,2026-10-09T10:04Z
Nasus,Kled,52.94,3.53,0.16,49.41,119,16.20,EMERALD+,top,2026-10-09T10:04Z
Nasus,Yasuo,53.3,4.5,1.13,48.8,379,16.20,EMERALD+,top,2026-10-09T10:04Z
Nasus,Renekton,53.43,4.39,1.02,49.04,408,16.20,EMERALD+,top,2026-10-09T10:04Z
Nasus,Jayce,53.83,3.09,-0.28,50.74,509,16.20,EMERALD+,top,2026-10-09T10:04Z
Nasus,Volibear,53.88,3.9,0.53,49.98,412,16.20,EMERALD+,top,2026-10-09T10:04Z
Nasus,Gnar,53.99,4.42,1.05,49.57,276,16.20,EMERALD+,top,2026-10-09T10:04Z
Nasus,Teemo,54.34,7.39,4.02,46.95,346,16.20,EMERALD+,top,2026-10-09T10:04Z
Nasus,Gragas,54.39,4.83,1.46,49.56,239,16.20,EMERALD+,top,2026-10-09T10:04Z
Nasus,Pantheon,54.58,6.93,3.56,47.65,240,16.20,EMERALD+,top,2026-10-09T10:04Z
Nasus,Sett,54.82,7.41,4.04,47.41,467,16.20,EMERALD+,top,2026-10-09T10:04Z
Nasus,Dr. Mundo,55.18,7.26,3.89,47.92,328,16.20,EMERALD+,top,2026-10-09T10:04Z
Nasus,Yorick,55.9,7.01,3.64,48.89,322,16.20,EMERALD+,top,2026-10-09T10:04Z
Nasus,Tryndamere,57.58,9.32,5.95,48.26,363,16.20,EMERALD+,top,2026-10-09T10:04Z
Nasus,Akali,59.23,10.5,7.13,48.73,260,16.20,EMERALD+,top,2026-10-09T10:04Z
Nasus,Heimerdinger,59.85,11.24,7.87,48.61,137,16.20,EMERALD+,top,2026-10-09T10:04Z
Nasus,Vladimir,60.0,10.7,7.33,49.3,115,16.20,EMERALD+,top,2026-10-09T10:04Z
Nasus,Vayne,62.71,13.71,10.34,49.0,118,16.20,EMERALD+,top,2026-10-09T10:04Z
Nasus,Trundle,62.77,13.23,9.86,49.54,188,16.20,EMERALD+,top,2026-10-09T10:04Z
Olaf,Sett,43.71,-3.7,-6.84,47.41,302,16.20,EMERALD+,top,2026-10-09T10:04Z
Olaf,Shen,44.7,-2.63,-5.77,47.33,217,16.20,EMERALD+,top,2026-10-09T10:04Z
Olaf,Tryndamere,45.26,-3.0,-6.14,48.26,232,16.20,EMERALD+,top,2026-10-09T10:04Z
Olaf,Ambessa,46.91,-2.99,-6.13,49.9,194,16.20,EMERALD+,top,2026-10-09T10:04Z
Olaf,Darius,47.28,-1.4,-4.54,48.68,313,16.20,EMERALD+,top,2026-10-09T10:04Z
Olaf,Camille,48.25,0.49,-2.65,47.76,286,16.20,EMERALD+,top,2026-10-09T10:04Z
Olaf,Gragas,48.59,-0.97,-4.11,49.56,142,16.20,EMERALD+,top,2026-10-09T10:04Z
Olaf,Akali,48.84,0.11,-3.03,48.73,172,16.20,EMERALD+,top,2026-10-09T10:04Z
Olaf,Irelia,49.01,0.59,-2.55,48.42,202,16.20,EMERALD+,top,2026-10-09T10:04Z
Olaf,Yasuo,49.19,0.39,-2.75,48.8,124,16.20,EMERALD+,top,2026-10-09T10:04Z
Olaf,Ornn,49.4,2.75,-0.39,46.65,166,16.20,EMERALD+,top,2026-10-09T10:04Z
Olaf,Gnar,49.47,-0.1,-3.24,49.57,190,16.20,EMERALD+,top,2026-10-09T10:04Z
Olaf,Trundle,50.0,0.46,-2.68,49.54,222,16.20,EMERALD+,top,2026-10-09T10:04Z
Olaf,Volibear,50.18,0.2,-2.94,49.98,277,16.20,EMERALD+,top,2026-10-09T10:04Z
Olaf,Singed,50.36,3.85,0.71,46.51,139,16.20,EMERALD+,top,2026-10-09T10:04Z
Olaf,Gangplank,50.72,2.41,-0.73,48.31,345,16.20,EMERALD+,top,2026-10-09T10:04Z
Olaf,Illaoi,50.98,3.05,-0.09,47.93,153,16.20,EMERALD+,top,2026-10-09T10:04Z
Olaf,Garen,51.05,3.21,0.07,47.84,286,16.20,EMERALD+,top,2026-10-09T10:04Z
Olaf,Mordekaiser,51.15,3.55,0.41,47.6,565,16.20,EMERALD+,top,2026-10-09T10:04Z
Olaf,Sion,52.25,3.67,0.53,48.58,111,16.20,EMERALD+,top,2026-10-09T10:04Z
Olaf,Renekton,52.46,3.42,0.28,49.04,244,16.20,EMERALD+,top,2026-10-09T10:04Z
Olaf,Aatrox,52.51,3.56,0.42,48.95,259,16.20,EMERALD+,top,2026-10-09T10:04Z
Olaf,Nasus,52.6,4.51,1.37,48.09,289,16.20,EMERALD+,top,2026-10-09T10:04Z
Olaf,Malphite,52.83,6.55,3.42,46.28,265,16.20,EMERALD+,top,2026-10-09T10:04Z
Olaf,Yone,53.27,4.6,1.46,48.67,413,16.20,EMERALD+,top,2026-10-09T10:04Z
Olaf,Yorick,53.57,4.68,1.54,48.89,112,16.20,EMERALD+,top,2026-10-09T10:04Z
Olaf,Pantheon,53.93,6.28,3.14,47.65,178,16.20,EMERALD+,top,2026-10-09T10:04Z
Olaf,Cho'Gath,54.39,6.93,3.79,47.46,171,16.20,EMERALD+,top,2026-10-09T10:04Z
Olaf,Zaahen,54.42,5.87,2.73,48.55,147,16.20,EMERALD+,top,2026-10-09T10:04Z
Olaf,Urgot,54.66,7.88,4.74,46.78,236,16.20,EMERALD+,top,2026-10-09T10:04Z
Olaf,Teemo,54.77,7.82,4.68,46.95,325,16.20,EMERALD+,top,2026-10-09T10:04Z
Olaf,K'Sante,54.9,3.06,-0.08,51.84,204,16.20,EMERALD+,top,2026-10-09T10:04Z
Olaf,Jax,55.16,6.36,3.22,48.8,446,16.20,EMERALD+,top,2026-10-09T10:04Z
Olaf,Fiora,55.17,7.16,4.02,48.01,319,16.20,EMERALD+,top,2026-10-09T10:04Z
Olaf,Kennen,55.64,6.69,3.55,48.95,133,16.20,EMERALD+,top,2026-10-09T10:04Z
Olaf,Kled,56.69,7.28,4.14,49.41,127,16.20,EMERALD+,top,2026-10-09T10:04Z
Olaf,Jayce,56.92,6.18,3.04,50.74,448,16.20,EMERALD+,top,2026-10-09T10:04Z
Olaf,Warwick,59.0,11.83,8.69,47.17,100,16.20,EMERALD+,top,2026-10-09T10:04Z
Olaf,Varus,59.05,7.84,4.7,51.21,105,16.20,EMERALD+,top,2026-10-09T10:04Z
Olaf,Gwen,62.71,14.27,11.13,48.44,118,16.20,EMERALD+,top,2026-10-09T10:04Z
Ornn,Singed,44.44,-2.09,-6.84,46.53,153,16.20,EMERALD+,top,2026-10-09T10:04Z
Ornn,Dr. Mundo,46.73,-1.15,-5.9,47.88,214,16.20,EMERALD+,top,2026-10-09T10:04Z
Ornn,Pantheon,47.09,-0.58,-5.33,47.67,189,16.20,EMERALD+,top,2026-10-09T10:04Z
Ornn,Kennen,47.15,-1.84,-6.59,48.99,123,16.20,EMERALD+,top,2026-10-09T10:04Z
Ornn,Yasuo,48.58,-0.22,-4.97,48.8,212,16.20,EMERALD+,top,2026-10-09T10:04Z
Ornn,Garen,48.77,0.91,-3.84,47.86,406,16.20,EMERALD+,top,2026-10-09T10:04Z
Ornn,Yone,49.59,0.92,-3.83,48.67,603,16.20,EMERALD+,top,2026-10-09T10:04Z
Ornn,Fiora,50.15,2.14,-2.61,48.01,329,16.20,EMERALD+,top,2026-10-09T10:04Z
Ornn,Cho'Gath,50.3,2.87,-1.88,47.43,328,16.20,EMERALD+,top,2026-10-09T10:04Z
Ornn,Mordekaiser,50.47,2.86,-1.89,47.61,531,16.20,EMERALD+,top,2026-10-09T10:04Z
Ornn,Irelia,50.68,2.23,-2.52,48.45,219,16.20,EMERALD+,top,2026-10-09T10:04Z
Ornn,Darius,50.73,2.05,-2.7,48.68,410,16.20,EMERALD+,top,2026-10-09T10:04Z
Ornn,Riven,51.13,2.31,-2.44,48.82,133,16.20,EMERALD+,top,2026-10-09T10:04Z
Ornn,Shen,51.26,3.92,-0.83,47.34,277,16.20,EMERALD+,top,2026-10-09T10:04Z
Ornn,Nasus,51.54,3.52,-1.23,48.02,324,16.20,EMERALD+,top,2026-10-09T10:04Z
Ornn,Yorick,52.24,3.3,-1.45,48.94,201,16.20,EMERALD+,top,2026-10-09T10:04Z
Ornn,Illaoi,52.43,4.44,-0.31,47.99,206,16.20,EMERALD+,top,2026-10-09T10:04Z
Ornn,Olaf,52.5,4.15,-0.6,48.35,160,16.20,EMERALD+,top,2026-10-09T10:04Z
Ornn,Ambessa,52.61,2.66,-2.09,49.95,230,16.20,EMERALD+,top,2026-10-09T10:04Z
Ornn,Jax,52.69,3.87,-0.88,48.82,279,16.20,EMERALD+,top,2026-10-09T10:04Z
Ornn,Camille,52.79,5.0,0.25,47.79,341,16.20,EMERALD+,top,2026-10-09T10:04Z
Ornn,Kayle,52.88,5.56,0.81,47.32,208,16.20,EMERALD+,top,2026-10-09T10:04Z
Ornn,Rumble,53.21,1.37,-3.37,51.84,109,16.20,EMERALD+,top,2026-10-09T10:04Z
Ornn,Aatrox,53.81,4.83,0.08,48.98,394,16.20,EMERALD+,top,2026-10-09T10:04Z
Ornn,Tahm Kench,53.85,5.67,0.92,48.18,143,16.20,EMERALD+,top,2026-10-09T10:04Z
Ornn,Volibear,53.9,3.99,-0.76,49.91,308,16.20,EMERALD+,top,2026-10-09T10:04Z
Ornn,Malphite,54.45,8.21,3.46,46.24,382,16.20,EMERALD+,top,2026-10-09T10:04Z
Ornn,Gangplank,54.6,6.27,1.52,48.33,315,16.20,EMERALD+,top,2026-10-09T10:04Z
Ornn,Renekton,54.6,5.56,0.81,49.04,326,16.20,EMERALD+,top,2026-10-09T10:04Z
Ornn,Teemo,54.61,7.63,2.88,46.98,293,16.20,EMERALD+,top,2026-10-09T10:04Z
Ornn,Vayne,54.69,5.74,0.99,48.95,128,16.20,EMERALD+,top,2026-10-09T10:04Z
Ornn,Urgot,54.72,7.98,3.23,46.74,159,16.20,EMERALD+,top,2026-10-09T10:04Z
Ornn,Sion,54.97,6.31,1.56,48.66,191,16.20,EMERALD+,top,2026-10-09T10:04Z
Ornn,Akali,55.12,6.33,1.58,48.79,127,16.20,EMERALD+,top,2026-10-09T10:04Z
Ornn,Warwick,55.24,8.1,3.35,47.14,105,16.20,EMERALD+,top,2026-10-09T10:04Z
Ornn,Sett,55.29,7.84,3.09,47.45,416,16.20,EMERALD+,top,2026-10-09T10:04Z
Ornn,Kled,55.36,6.01,1.26,49.35,112,16.20,EMERALD+,top,2026-10-09T10:04Z
Ornn,K'Sante,55.42,3.61,-1.13,51.81,249,16.20,EMERALD+,top,2026-10-09T10:04Z
Ornn,Zaahen,56.67,8.11,3.36,48.56,210,16.20,EMERALD+,top,2026-10-09T10:04Z
Ornn,Gwen,57.57,9.15,4.4,48.42,304,16.20,EMERALD+,top,2026-10-09T10:04Z
Ornn,Jayce,58.47,7.69,2.94,50.78,366,16.20,EMERALD+,top,2026-10-09T10:04Z
Ornn,Tryndamere,58.91,10.5,5.75,48.41,202,16.20,EMERALD+,top,2026-10-09T10:04Z
Ornn,Trundle,59.49,9.89,5.14,49.6,158,16.20,EMERALD+,top,2026-10-09T10:04Z
Ornn,Gragas,60.13,10.55,5.8,49.58,158,16.20,EMERALD+,top,2026-10-09T10:04Z
Ornn,Gnar,60.7,11.16,6.41,49.54,313,16.20,EMERALD+,top,2026-10-09T10:04Z
Pantheon,Irelia,44.79,-3.63,-7.44,48.42,288,16.20,EMERALD+,top,2026-10-09T10:04Z
Pantheon,Malphite,45.01,-1.27,-5.08,46.28,411,16.20,EMERALD+,top,2026-10-09T10:04Z
Pantheon,Sion,45.12,-3.46,-7.27,48.58,164,16.20,EMERALD+,top,2026-10-09T10:04Z
Pantheon,Dr. Mundo,46.74,-1.18,-4.99,47.92,184,16.20,EMERALD+,top,2026-10-09T10:04Z
Pantheon,Rumble,46.85,-5.01,-8.81,51.86,111,16.20,EMERALD+,top,2026-10-09T10:04Z
Pantheon,Fiora,47.46,-0.55,-4.36,48.01,276,16.20,EMERALD+,top,2026-10-09T10:04Z
Pantheon,Nasus,47.76,-0.33,-4.14,48.09,245,16.20,EMERALD+,top,2026-10-09T10:04Z
Pantheon,Olaf,48.37,0.05,-3.76,48.32,184,16.20,EMERALD+,top,2026-10-09T10:04Z
Pantheon,Renekton,48.5,-0.54,-4.35,49.04,367,16.20,EMERALD+,top,2026-10-09T10:04Z
Pantheon,Gangplank,48.6,0.29,-3.52,48.31,321,16.20,EMERALD+,top,2026-10-09T10:04Z
Pantheon,Gwen,48.61,0.17,-3.64,48.44,144,16.20,EMERALD+,top,2026-10-09T10:04Z
Pantheon,Garen,50.14,2.3,-1.51,47.84,363,16.20,EMERALD+,top,2026-10-09T10:04Z
Pantheon,Cho'Gath,50.6,3.14,-0.67,47.46,166,16.20,EMERALD+,top,2026-10-09T10:04Z
Pantheon,Kayle,50.93,3.61,-0.2,47.32,108,16.20,EMERALD+,top,2026-10-09T10:04Z
Pantheon,Urgot,51.26,4.48,0.67,46.78,119,16.20,EMERALD+,top,2026-10-09T10:04Z
Pantheon,Mordekaiser,51.3,3.7,-0.11,47.6,347,16.20,EMERALD+,top,2026-10-09T10:04Z
Pantheon,Tahm Kench,51.49,3.21,-0.6,48.28,101,16.20,EMERALD+,top,2026-10-09T10:04Z
Pantheon,Kled,52.1,2.69,-1.12,49.41,119,16.20,EMERALD+,top,2026-10-09T10:04Z
Pantheon,Illaoi,52.42,4.49,0.68,47.93,124,16.20,EMERALD+,top,2026-10-09T10:04Z
Pantheon,Ambessa,52.47,2.57,-1.24,49.9,223,16.20,EMERALD+,top,2026-10-09T10:04Z
Pantheon,Volibear,52.65,2.67,-1.14,49.98,245,16.20,EMERALD+,top,2026-10-09T10:04Z
Pantheon,Gnar,52.78,3.21,-0.6,49.57,216,16.20,EMERALD+,top,2026-10-09T10:04Z
Pantheon,K'Sante,53.15,1.31,-2.49,51.84,286,16.20,EMERALD+,top,2026-10-09T10:04Z
Pantheon,Jax,53.22,4.42,0.61,48.8,404,16.20,EMERALD+,top,2026-10-09T10:04Z
Pantheon,Zaahen,53.22,4.67,0.86,48.55,171,16.20,EMERALD+,top,2026-10-09T10:04Z
Pantheon,Yorick,53.37,4.48,0.67,48.89,163,16.20,EMERALD+,top,2026-10-09T10:04Z
Pantheon,Akali,53.51,4.78,0.97,48.73,228,16.20,EMERALD+,top,2026-10-09T10:04Z
Pantheon,Sett,53.66,6.25,2.44,47.41,410,16.20,EMERALD+,top,2026-10-09T10:04Z
Pantheon,Kennen,53.72,4.77,0.96,48.95,121,16.20,EMERALD+,top,2026-10-09T10:04Z
Pantheon,Shen,54.07,6.74,2.93,47.33,209,16.20,EMERALD+,top,2026-10-09T10:04Z
Pantheon,Ornn,54.65,8.0,4.19,46.65,172,16.20,EMERALD+,top,2026-10-09T10:04Z
Pantheon,Yone,55.17,6.5,2.69,48.67,658,16.20,EMERALD+,top,2026-10-09T10:04Z
Pantheon,Jayce,55.36,4.62,0.81,50.74,457,16.20,EMERALD+,top,2026-10-09T10:04Z
Pantheon,Riven,55.47,6.71,2.9,48.76,128,16.20,EMERALD+,top,2026-10-09T10:04Z
Pantheon,Gragas,55.56,6.0,2.19,49.56,144,16.20,EMERALD+,top,2026-10-09T10:04Z
Pantheon,Aatrox,55.72,6.77,2.96,48.95,463,16.20,EMERALD+,top,2026-10-09T10:04Z
Pantheon,Camille,56.32,8.56,4.75,47.76,261,16.20,EMERALD+,top,2026-10-09T10:04Z
Pantheon,Teemo,56.49,9.54,5.73,46.95,262,16.20,EMERALD+,top,2026-10-09T10:04Z
Pantheon,Darius,56.57,7.89,4.08,48.68,396,16.20,EMERALD+,top,2026-10-09T10:04Z
Pantheon,Tryndamere,57.79,9.53,5.72,48.26,154,16.20,EMERALD+,top,2026-10-09T10:04Z
Pantheon,Yasuo,58.63,9.83,6.02,48.8,249,16.20,EMERALD+,top,2026-10-09T10:04Z
Poppy,Mordekaiser,43.56,-4.05,-6.8,47.61,101,16.20,EMERALD+,top,2026-10-09T10:04Z
Poppy,Aatrox,44.0,-4.98,-7.73,48.98,100,16.20,EMERALD+,top,2026-10-09T10:04Z
Poppy,Malphite,46.08,-0.16,-2.91,46.24,102,16.20,EMERALD+,top,2026-10-09T10:04Z
Poppy,Ambessa,48.0,-1.95,-4.7,49.95,100,16.20,EMERALD+,top,2026-10-09T10:04Z
Poppy,Camille,50.88,3.09,0.34,47.79,114,16.20,EMERALD+,top,2026-10-09T10:04Z
Poppy,K'Sante,51.4,-0.41,-3.16,51.81,107,16.20,EMERALD+,top,2026-10-09T10:04Z
Poppy,Nasus,52.88,4.86,2.11,48.02,104,16.20,EMERALD+,top,2026-10-09T10:04Z
Poppy,Jax,53.85,5.03,2.28,48.82,117,16.20,EMERALD+,top,2026-10-09T10:04Z
Poppy,Yone,59.62,10.95,8.2,48.67,104,16.20,EMERALD+,top,2026-10-09T10:04Z
Poppy,Jayce,65.6,14.82,12.07,50.78,125,16.20,EMERALD+,top,2026-10-09T10:04Z
Quinn,Malphite,40.88,-5.4,-9.85,46.28,137,16.20,EMERALD+,top,2026-10-09T10:04Z
Quinn,Jayce,50.93,0.19,-4.26,50.74,108,16.20,EMERALD+,top,2026-10-09T10:04Z
Quinn,Yone,52.46,3.79,-0.66,48.67,122,16.20,EMERALD+,top,2026-10-09T10:04Z
Quinn,Garen,55.64,7.8,3.35,47.84,133,16.20,EMERALD+,top,2026-10-09T10:04Z
Quinn,Gangplank,56.43,8.12,3.67,48.31,140,16.20,EMERALD+,top,2026-10-09T10:04Z
Quinn,Renekton,57.14,8.1,3.65,49.04,112,16.20,EMERALD+,top,2026-10-09T10:04Z
Renekton,Kennen,43.07,-5.88,-8.3,48.95,202,16.20,EMERALD+,top,2026-10-09T10:04Z
Renekton,Wukong,43.93,-4.4,-6.82,48.33,107,16.20,EMERALD+,top,2026-10-09T10:04Z
Renekton,Warwick,44.36,-2.81,-5.23,47.17,133,16.20,EMERALD+,top,2026-10-09T10:04Z
Renekton,Cho'Gath,44.64,-2.82,-5.24,47.46,336,16.20,EMERALD+,top,2026-10-09T10:04Z
Renekton,Dr. Mundo,44.7,-3.22,-5.64,47.92,387,16.20,EMERALD+,top,2026-10-09T10:04Z
Renekton,Tryndamere,46.44,-1.82,-4.24,48.26,267,16.20,EMERALD+,top,2026-10-09T10:04Z
Renekton,Singed,46.7,0.19,-2.23,46.51,197,16.20,EMERALD+,top,2026-10-09T10:04Z
Renekton,Trundle,46.98,-2.56,-4.98,49.54,149,16.20,EMERALD+,top,2026-10-09T10:04Z
Renekton,Quinn,47.37,0.36,-2.06,47.01,114,16.20,EMERALD+,top,2026-10-09T10:04Z
Renekton,Teemo,47.48,0.53,-1.89,46.95,377,16.20,EMERALD+,top,2026-10-09T10:04Z
Renekton,Illaoi,47.69,-0.24,-2.66,47.93,325,16.20,EMERALD+,top,2026-10-09T10:04Z
Renekton,Varus,47.75,-3.46,-5.88,51.21,111,16.20,EMERALD+,top,2026-10-09T10:04Z
Renekton,Mordekaiser,47.84,0.24,-2.18,47.6,671,16.20,EMERALD+,top,2026-10-09T10:04Z
Renekton,Gwen,48.1,-0.34,-2.76,48.44,210,16.20,EMERALD+,top,2026-10-09T10:04Z
Renekton,Urgot,48.33,1.55,-0.87,46.78,269,16.20,EMERALD+,top,2026-10-09T10:04Z
Renekton,Gangplank,48.36,0.05,-2.37,48.31,457,16.20,EMERALD+,top,2026-10-09T10:04Z
Renekton,Zaahen,48.49,-0.06,-2.48,48.55,299,16.20,EMERALD+,top,2026-10-09T10:04Z
Renekton,Jayce,48.85,-1.89,-4.31,50.74,520,16.20,EMERALD+,top,2026-10-09T10:04Z
Renekton,Malphite,48.97,2.69,0.27,46.28,535,16.20,EMERALD+,top,2026-10-09T10:04Z
Renekton,Kayle,49.03,1.71,-0.71,47.32,206,16.20,EMERALD+,top,2026-10-09T10:04Z
Renekton,Shen,49.06,1.73,-0.69,47.33,318,16.20,EMERALD+,top,2026-10-09T10:04Z
Renekton,Fiora,49.08,1.07,-1.35,48.01,489,16.20,EMERALD+,top,2026-10-09T10:04Z
Renekton,Ornn,49.12,2.47,0.05,46.65,342,16.20,EMERALD+,top,2026-10-09T10:04Z
Renekton,Camille,49.41,1.65,-0.77,47.76,597,16.20,EMERALD+,top,2026-10-09T10:04Z
Renekton,Nasus,49.51,1.42,-1.0,48.09,406,16.20,EMERALD+,top,2026-10-09T10:04Z
Renekton,Kled,49.73,0.32,-2.1,49.41,183,16.20,EMERALD+,top,2026-10-09T10:04Z
Renekton,Heimerdinger,50.0,1.39,-1.03,48.61,104,16.20,EMERALD+,top,2026-10-09T10:04Z
Renekton,Garen,50.09,2.25,-0.17,47.84,569,16.20,EMERALD+,top,2026-10-09T10:04Z
Renekton,Jax,50.97,2.17,-0.25,48.8,565,16.20,EMERALD+,top,2026-10-09T10:04Z
Renekton,Olaf,51.04,2.72,0.3,48.32,241,16.20,EMERALD+,top,2026-10-09T10:04Z
Renekton,Vayne,51.11,2.11,-0.31,49.0,135,16.20,EMERALD+,top,2026-10-09T10:04Z
Renekton,Darius,51.29,2.61,0.19,48.68,659,16.20,EMERALD+,top,2026-10-09T10:04Z
Renekton,Sett,51.36,3.95,1.53,47.41,806,16.20,EMERALD+,top,2026-10-09T10:04Z
Renekton,Aatrox,51.37,2.42,-0.0,48.95,876,16.20,EMERALD+,top,2026-10-09T10:04Z
Renekton,Sion,51.47,2.89,0.47,48.58,204,16.20,EMERALD+,top,2026-10-09T10:04Z
Renekton,Rumble,51.55,-0.31,-2.73,51.86,161,16.20,EMERALD+,top,2026-10-09T10:04Z
Renekton,K'Sante,51.58,-0.26,-2.68,51.84,349,16.20,EMERALD+,top,2026-10-09T10:04Z
Renekton,Gragas,51.69,2.13,-0.29,49.56,267,16.20,EMERALD+,top,2026-10-09T10:04Z
Renekton,Yone,52.03,3.36,0.94,48.67,1380,16.20,EMERALD+,top,2026-10-09T10:04Z
Renekton,Volibear,52.35,2.37,-0.05,49.98,510,16.20,EMERALD+,top,2026-10-09T10:04Z
Renekton,Gnar,52.87,3.3,0.88,49.57,401,16.20,EMERALD+,top,2026-10-09T10:04Z
Renekton,Pantheon,53.01,5.36,2.94,47.65,366,16.20,EMERALD+,top,2026-10-09T10:04Z
Renekton,Irelia,53.67,5.25,2.83,48.42,559,16.20,EMERALD+,top,2026-10-09T10:04Z
Renekton,Akali,53.72,4.99,2.57,48.73,296,16.20,EMERALD+,top,2026-10-09T10:04Z
Renekton,Riven,55.27,6.51,4.09,48.76,351,16.20,EMERALD+,top,2026-10-09T10:04Z
Renekton,Ambessa,55.41,5.51,3.09,49.9,767,16.20,EMERALD+,top,2026-10-09T10:04Z
Renekton,Tahm Kench,56.87,8.59,6.17,48.28,211,16.20,EMERALD+,top,2026-10-09T10:04Z
Renekton,Yorick,57.55,8.66,6.24,48.89,318,16.20,EMERALD+,top,2026-10-09T10:04Z
Renekton,Yasuo,57.78,8.98,6.56,48.8,694,16.20,EMERALD+,top,2026-10-09T10:04Z
Riven,Garen,42.27,-5.57,-8.27,47.84,388,16.20,EMERALD+,top,2026-10-09T10:04Z
Riven,Zaahen,45.0,-3.55,-6.25,48.55,140,16.20,EMERALD+,top,2026-10-09T10:04Z
Riven,Renekton,45.72,-3.32,-6.02,49.04,339,16.20,EMERALD+,top,2026-10-09T10:04Z
Riven,Camille,46.52,-1.24,-3.94,47.76,230,16.20,EMERALD+,top,2026-10-09T10:04Z
Riven,Yasuo,47.02,-1.78,-4.48,48.8,168,16.20,EMERALD+,top,2026-10-09T10:04Z
Riven,Malphite,47.06,0.78,-1.92,46.28,306,16.20,EMERALD+,top,2026-10-09T10:04Z
Riven,Kennen,47.12,-1.83,-4.53,48.95,104,16.20,EMERALD+,top,2026-10-09T10:04Z
Riven,Tryndamere,47.48,-0.78,-3.48,48.26,139,16.20,EMERALD+,top,2026-10-09T10:04Z
Riven,Ornn,47.62,0.97,-1.73,46.65,126,16.20,EMERALD+,top,2026-10-09T10:04Z
Riven,Jax,47.74,-1.06,-3.76,48.8,243,16.20,EMERALD+,top,2026-10-09T10:04Z
Riven,Teemo,48.54,1.59,-1.11,46.95,171,16.20,EMERALD+,top,2026-10-09T10:04Z
Riven,Kayle,48.54,1.22,-1.48,47.32,103,16.20,EMERALD+,top,2026-10-09T10:04Z
Riven,Volibear,48.66,-1.32,-4.02,49.98,187,16.20,EMERALD+,top,2026-10-09T10:04Z
Riven,Gangplank,48.73,0.42,-2.28,48.31,316,16.20,EMERALD+,top,2026-10-09T10:04Z
Riven,Illaoi,49.55,1.62,-1.08,47.93,111,16.20,EMERALD+,top,2026-10-09T10:04Z
Riven,Pantheon,49.59,1.94,-0.76,47.65,123,16.20,EMERALD+,top,2026-10-09T10:04Z
Riven,Aatrox,49.64,0.69,-2.01,48.95,276,16.20,EMERALD+,top,2026-10-09T10:04Z
Riven,Cho'Gath,50.32,2.86,0.16,47.46,157,16.20,EMERALD+,top,2026-10-09T10:04Z
Riven,Urgot,50.37,3.59,0.89,46.78,135,16.20,EMERALD+,top,2026-10-09T10:04Z
Riven,Nasus,50.62,2.53,-0.17,48.09,162,16.20,EMERALD+,top,2026-10-09T10:04Z
Riven,Mordekaiser,51.09,3.49,0.79,47.6,229,16.20,EMERALD+,top,2026-10-09T10:04Z
Riven,Fiora,51.25,3.24,0.54,48.01,240,16.20,EMERALD+,top,2026-10-09T10:04Z
Riven,Jayce,51.32,0.58,-2.12,50.74,228,16.20,EMERALD+,top,2026-10-09T10:04Z
Riven,Dr. Mundo,51.96,4.04,1.34,47.92,102,16.20,EMERALD+,top,2026-10-09T10:04Z
Riven,Akali,52.07,3.34,0.64,48.73,121,16.20,EMERALD+,top,2026-10-09T10:04Z
Riven,Darius,52.74,4.06,1.36,48.68,328,16.20,EMERALD+,top,2026-10-09T10:04Z
Riven,Sett,52.9,5.49,2.79,47.41,259,16.20,EMERALD+,top,2026-10-09T10:04Z
Riven,Sion,52.94,4.36,1.66,48.58,119,16.20,EMERALD+,top,2026-10-09T10:04Z
Riven,Gnar,53.66,4.09,1.39,49.57,123,16.20,EMERALD+,top,2026-10-09T10:04Z
Riven,Shen,53.79,6.46,3.76,47.33,145,16.20,EMERALD+,top,2026-10-09T10:04Z
Riven,K'Sante,54.14,2.3,-0.4,51.84,181,16.20,EMERALD+,top,2026-10-09T10:04Z
Riven,Gragas,54.19,4.63,1.93,49.56,155,16.20,EMERALD+,top,2026-10-09T10:04Z
Riven,Gwen,54.72,6.28,3.58,48.44,106,16.20,EMERALD+,top,2026-10-09T10:04Z
Riven,Tahm Kench,54.72,6.44,3.74,48.28,106,16.20,EMERALD+,top,2026-10-09T10:04Z
Riven,Irelia,56.88,8.46,5.76,48.42,218,16.20,EMERALD+,top,2026-10-09T10:04Z
Riven,Yone,59.45,10.78,8.08,48.67,397,16.20,EMERALD+,top,2026-10-09T10:04Z
Riven,Ambessa,60.4,10.5,7.8,49.9,149,16.20,EMERALD+,top,2026-10-09T10:04Z
Riven,Singed,60.71,14.2,11.5,46.51,112,16.20,EMERALD+,top,2026-10-09T10:04Z
Rumble,Teemo,39.86,-7.09,-6.7,46.95,143,16.20,EMERALD+,top,2026-10-09T10:04Z
Rumble,Yone,40.66,-8.01,-7.61,48.67,273,16.20,EMERALD+,top,2026-10-09T10:04Z
Rumble,Mordekaiser,41.89,-5.71,-5.32,47.6,148,16.20,EMERALD+,top,2026-10-09T10:04Z
Rumble,Sett,43.45,-3.96,-3.57,47.41,145,16.20,EMERALD+,top,2026-10-09T10:04Z
Rumble,Camille,45.54,-2.22,-1.83,47.76,112,16.20,EMERALD+,top,2026-10-09T10:04Z
Rumble,Irelia,45.75,-2.67,-2.27,48.42,153,16.20,EMERALD+,top,2026-10-09T10:04Z
Rumble,Malphite,46.43,0.15,0.53,46.28,168,16.20,EMERALD+,top,2026-10-09T10:04Z
Rumble,Gangplank,47.25,-1.06,-0.66,48.31,182,16.20,EMERALD+,top,2026-10-09T10:04Z
Rumble,Volibear,47.9,-2.08,-1.68,49.98,119,16.20,EMERALD+,top,2026-10-09T10:04Z
Rumble,Fiora,49.25,1.24,1.63,48.01,134,16.20,EMERALD+,top,2026-10-09T10:04Z
Rumble,Darius,50.0,1.32,1.72,48.68,142,16.20,EMERALD+,top,2026-10-09T10:04Z
Rumble,Ambessa,50.43,0.53,0.93,49.9,115,16.20,EMERALD+,top,2026-10-09T10:04Z
Rumble,Ornn,50.5,3.85,4.24,46.65,101,16.20,EMERALD+,top,2026-10-09T10:04Z
Rumble,Aatrox,51.65,2.7,3.1,48.95,182,16.20,EMERALD+,top,2026-10-09T10:04Z
Rumble,Pantheon,51.82,4.17,4.56,47.65,110,16.20,EMERALD+,top,2026-10-09T10:04Z
Rumble,Jayce,51.9,1.16,1.56,50.74,237,16.20,EMERALD+,top,2026-10-09T10:04Z
Rumble,Renekton,52.47,3.43,3.83,49.04,162,16.20,EMERALD+,top,2026-10-09T10:04Z
Rumble,Shen,52.63,5.3,5.69,47.33,114,16.20,EMERALD+,top,2026-10-09T10:04Z
Rumble,Gnar,53.27,3.7,4.1,49.57,107,16.20,EMERALD+,top,2026-10-09T10:04Z
Rumble,K'Sante,53.79,1.95,2.35,51.84,145,16.20,EMERALD+,top,2026-10-09T10:04Z
Rumble,Jax,53.96,5.16,5.56,48.8,139,16.20,EMERALD+,top,2026-10-09T10:04Z
Rumble,Nasus,54.63,6.54,6.93,48.09,108,16.20,EMERALD+,top,2026-10-09T10:04Z
Rumble,Garen,55.28,7.44,7.83,47.84,123,16.20,EMERALD+,top,2026-10-09T10:04Z
Sett,Heimerdinger,39.84,-8.77,-12.82,48.61,128,16.20,EMERALD+,top,2026-10-09T10:04Z
Sett,Kled,40.97,-8.44,-12.49,49.41,227,16.20,EMERALD+,top,2026-10-09T10:04Z
Sett,Gwen,47.74,-0.7,-4.75,48.44,287,16.20,EMERALD+,top,2026-10-09T10:04Z
Sett,Urgot,48.37,1.59,-2.46,46.78,368,16.20,EMERALD+,top,2026-10-09T10:04Z
Sett,Pantheon,48.53,0.88,-3.17,47.65,408,16.20,EMERALD+,top,2026-10-09T10:04Z
Sett,Camille,48.66,0.9,-3.15,47.76,485,16.20,EMERALD+,top,2026-10-09T10:04Z
Sett,Ornn,49.21,2.56,-1.49,46.65,441,16.20,EMERALD+,top,2026-10-09T10:04Z
Sett,Aatrox,49.38,0.43,-3.62,48.95,810,16.20,EMERALD+,top,2026-10-09T10:04Z
Sett,Kennen,50.24,1.29,-2.76,48.95,209,16.20,EMERALD+,top,2026-10-09T10:04Z
Sett,Malphite,50.46,4.18,0.13,46.28,658,16.20,EMERALD+,top,2026-10-09T10:04Z
Sett,Fiora,50.71,2.7,-1.35,48.01,635,16.20,EMERALD+,top,2026-10-09T10:04Z
Sett,Trundle,51.09,1.55,-2.5,49.54,229,16.20,EMERALD+,top,2026-10-09T10:04Z
Sett,Renekton,51.12,2.08,-1.97,49.04,806,16.20,EMERALD+,top,2026-10-09T10:04Z
Sett,Nasus,51.18,3.09,-0.96,48.09,467,16.20,EMERALD+,top,2026-10-09T10:04Z
Sett,Vayne,51.22,2.22,-1.83,49.0,164,16.20,EMERALD+,top,2026-10-09T10:04Z
Sett,Zaahen,51.24,2.69,-1.36,48.55,363,16.20,EMERALD+,top,2026-10-09T10:04Z
Sett,Riven,51.27,2.51,-1.54,48.76,275,16.20,EMERALD+,top,2026-10-09T10:04Z
Sett,Mordekaiser,51.36,3.76,-0.29,47.6,845,16.20,EMERALD+,top,2026-10-09T10:04Z
Sett,Tryndamere,51.57,3.31,-0.74,48.26,318,16.20,EMERALD+,top,2026-10-09T10:04Z
Sett,Jayce,51.83,1.09,-2.96,50.74,409,16.20,EMERALD+,top,2026-10-09T10:04Z
Sett,Teemo,51.97,5.02,0.97,46.95,406,16.20,EMERALD+,top,2026-10-09T10:04Z
Sett,Singed,52.03,5.52,1.47,46.51,246,16.20,EMERALD+,top,2026-10-09T10:04Z
Sett,Dr. Mundo,52.05,4.13,0.08,47.92,317,16.20,EMERALD+,top,2026-10-09T10:04Z
Sett,Gnar,52.29,2.72,-1.33,49.57,436,16.20,EMERALD+,top,2026-10-09T10:04Z
Sett,Yone,52.36,3.69,-0.36,48.67,1081,16.20,EMERALD+,top,2026-10-09T10:04Z
Sett,Shen,52.36,5.03,0.98,47.33,445,16.20,EMERALD+,top,2026-10-09T10:04Z
Sett,Gragas,52.52,2.96,-1.09,49.56,278,16.20,EMERALD+,top,2026-10-09T10:04Z
Sett,Kayle,52.9,5.58,1.53,47.32,310,16.20,EMERALD+,top,2026-10-09T10:04Z
Sett,Jax,53.0,4.2,0.15,48.8,583,16.20,EMERALD+,top,2026-10-09T10:04Z
Sett,Wukong,53.0,4.67,0.62,48.33,100,16.20,EMERALD+,top,2026-10-09T10:04Z
Sett,Warwick,53.14,5.97,1.92,47.17,175,16.20,EMERALD+,top,2026-10-09T10:04Z
Sett,Vladimir,53.41,4.11,0.06,49.3,176,16.20,EMERALD+,top,2026-10-09T10:04Z
Sett,Sion,53.41,4.83,0.78,48.58,367,16.20,EMERALD+,top,2026-10-09T10:04Z
Sett,Gangplank,53.53,5.22,1.17,48.31,566,16.20,EMERALD+,top,2026-10-09T10:04Z
Sett,Volibear,54.13,4.15,0.1,49.98,715,16.20,EMERALD+,top,2026-10-09T10:04Z
Sett,Akali,54.55,5.82,1.77,48.73,253,16.20,EMERALD+,top,2026-10-09T10:04Z
Sett,Irelia,54.74,6.32,2.27,48.42,612,16.20,EMERALD+,top,2026-10-09T10:04Z
Sett,Yasuo,54.9,6.1,2.05,48.8,408,16.20,EMERALD+,top,2026-10-09T10:04Z
Sett,Darius,55.23,6.55,2.5,48.68,1128,16.20,EMERALD+,top,2026-10-09T10:04Z
Sett,Cho'Gath,55.71,8.25,4.2,47.46,429,16.20,EMERALD+,top,2026-10-09T10:04Z
Sett,Yorick,56.16,7.27,3.22,48.89,333,16.20,EMERALD+,top,2026-10-09T10:04Z
Sett,Garen,56.4,8.56,4.51,47.84,867,16.20,EMERALD+,top,2026-10-09T10:04Z
Sett,Illaoi,56.45,8.52,4.47,47.93,372,16.20,EMERALD+,top,2026-10-09T10:04Z
Sett,Ambessa,56.59,6.69,2.64,49.9,364,16.20,EMERALD+,top,2026-10-09T10:04Z
Sett,Tahm Kench,57.84,9.56,5.51,48.28,306,16.20,EMERALD+,top,2026-10-09T10:04Z
Sett,K'Sante,58.01,6.17,2.13,51.84,412,16.20,EMERALD+,top,2026-10-09T10:04Z
Sett,Rumble,58.9,7.04,3.0,51.86,146,16.20,EMERALD+,top,2026-10-09T10:04Z
Sett,Olaf,59.86,11.54,7.49,48.32,294,16.20,EMERALD+,top,2026-10-09T10:04Z
Shen,Vayne,44.95,-4.05,-8.18,49.0,109,16.20,EMERALD+,top,2026-10-09T10:04Z
Shen,Trundle,45.71,-3.83,-7.96,49.54,140,16.20,EMERALD+,top,2026-10-09T10:04Z
Shen,Kled,47.37,-2.04,-6.17,49.41,133,16.20,EMERALD+,top,2026-10-09T10:04Z
Shen,Yasuo,47.6,-1.2,-5.33,48.8,208,16.20,EMERALD+,top,2026-10-09T10:04Z
Shen,Tryndamere,47.69,-0.57,-4.7,48.26,216,16.20,EMERALD+,top,2026-10-09T10:04Z
Shen,Urgot,47.95,1.17,-2.96,46.78,171,16.20,EMERALD+,top,2026-10-09T10:04Z
Shen,Illaoi,47.96,0.03,-4.1,47.93,196,16.20,EMERALD+,top,2026-10-09T10:04Z
Shen,Pantheon,48.29,0.64,-3.49,47.65,205,16.20,EMERALD+,top,2026-10-09T10:04Z
Shen,Zaahen,48.42,-0.13,-4.26,48.55,190,16.20,EMERALD+,top,2026-10-09T10:04Z
Shen,Dr. Mundo,48.48,0.56,-3.57,47.92,231,16.20,EMERALD+,top,2026-10-09T10:04Z
Shen,Gwen,50.19,1.75,-2.38,48.44,259,16.20,EMERALD+,top,2026-10-09T10:04Z
Shen,Gangplank,50.26,1.95,-2.18,48.31,378,16.20,EMERALD+,top,2026-10-09T10:04Z
Shen,Rumble,50.43,-1.43,-5.55,51.86,117,16.20,EMERALD+,top,2026-10-09T10:04Z
Shen,Ornn,50.69,4.04,-0.09,46.65,290,16.20,EMERALD+,top,2026-10-09T10:04Z
Shen,Aatrox,50.79,1.84,-2.29,48.95,382,16.20,EMERALD+,top,2026-10-09T10:04Z
Shen,Garen,50.79,2.95,-1.18,47.84,506,16.20,EMERALD+,top,2026-10-09T10:04Z
Shen,Riven,50.97,2.21,-1.92,48.76,155,16.20,EMERALD+,top,2026-10-09T10:04Z
Shen,Camille,51.25,3.49,-0.64,47.76,320,16.20,EMERALD+,top,2026-10-09T10:04Z
Shen,Teemo,51.29,4.34,0.21,46.95,232,16.20,EMERALD+,top,2026-10-09T10:04Z
Shen,Kayle,51.55,4.23,0.1,47.32,194,16.20,EMERALD+,top,2026-10-09T10:04Z
Shen,Singed,51.66,5.15,1.02,46.51,151,16.20,EMERALD+,top,2026-10-09T10:04Z
Shen,Yone,51.83,3.16,-0.97,48.67,546,16.20,EMERALD+,top,2026-10-09T10:04Z
Shen,Kennen,51.88,2.93,-1.2,48.95,133,16.20,EMERALD+,top,2026-10-09T10:04Z
Shen,Jax,52.06,3.26,-0.87,48.8,388,16.20,EMERALD+,top,2026-10-09T10:04Z
Shen,Darius,52.1,3.42,-0.71,48.68,405,16.20,EMERALD+,top,2026-10-09T10:04Z
Shen,Mordekaiser,52.55,4.95,0.82,47.6,550,16.20,EMERALD+,top,2026-10-09T10:04Z
Shen,Sett,52.76,5.35,1.22,47.41,434,16.20,EMERALD+,top,2026-10-09T10:04Z
Shen,Gragas,52.86,3.3,-0.83,49.56,140,16.20,EMERALD+,top,2026-10-09T10:04Z
Shen,Jayce,53.01,2.27,-1.86,50.74,266,16.20,EMERALD+,top,2026-10-09T10:04Z
Shen,Irelia,53.23,4.81,0.68,48.42,263,16.20,EMERALD+,top,2026-10-09T10:04Z
Shen,Fiora,53.99,5.98,1.85,48.01,326,16.20,EMERALD+,top,2026-10-09T10:04Z
Shen,Tahm Kench,54.49,6.21,2.08,48.28,156,16.20,EMERALD+,top,2026-10-09T10:04Z
Shen,Yorick,54.5,5.61,1.48,48.89,200,16.20,EMERALD+,top,2026-10-09T10:04Z
Shen,Nasus,54.79,6.7,2.57,48.09,292,16.20,EMERALD+,top,2026-10-09T10:04Z
Shen,Cho'Gath,55.27,7.81,3.68,47.46,237,16.20,EMERALD+,top,2026-10-09T10:04Z
Shen,Olaf,55.5,7.18,3.05,48.32,218,16.20,EMERALD+,top,2026-10-09T10:04Z
Shen,Renekton,55.56,6.52,2.39,49.04,333,16.20,EMERALD+,top,2026-10-09T10:04Z
Shen,Gnar,55.84,6.27,2.14,49.57,231,16.20,EMERALD+,top,2026-10-09T10:04Z
Shen,K'Sante,55.86,4.02,-0.1,51.84,222,16.20,EMERALD+,top,2026-10-09T10:04Z
Shen,Ambessa,55.98,6.08,1.95,49.9,209,16.20,EMERALD+,top,2026-10-09T10:04Z
Shen,Akali,56.58,7.85,3.72,48.73,152,16.20,EMERALD+,top,2026-10-09T10:04Z
Shen,Malphite,57.73,11.45,7.32,46.28,414,16.20,EMERALD+,top,2026-10-09T10:04Z
Shen,Volibear,60.91,10.93,6.8,49.98,353,16.20,EMERALD+,top,2026-10-09T10:04Z
Shen,Sion,64.33,15.75,11.62,48.58,171,16.20,EMERALD+,top,2026-10-09T10:04Z
Singed,Teemo,44.97,-1.98,-6.93,46.95,189,16.20,EMERALD+,top,2026-10-09T10:04Z
Singed,Cho'Gath,45.0,-2.46,-7.41,47.46,140,16.20,EMERALD+,top,2026-10-09T10:04Z
Singed,Riven,46.96,-1.8,-6.75,48.76,115,16.20,EMERALD+,top,2026-10-09T10:04Z
Singed,Kayle,47.96,0.64,-4.31,47.32,221,16.20,EMERALD+,top,2026-10-09T10:04Z
Singed,Malphite,48.56,2.28,-2.67,46.28,208,16.20,EMERALD+,top,2026-10-09T10:04Z
Singed,Camille,48.95,1.19,-3.76,47.76,237,16.20,EMERALD+,top,2026-10-09T10:04Z
Singed,Gangplank,49.13,0.82,-4.13,48.31,230,16.20,EMERALD+,top,2026-10-09T10:04Z
Singed,Nasus,50.14,2.05,-2.9,48.09,347,16.20,EMERALD+,top,2026-10-09T10:04Z
Singed,Gnar,50.96,1.39,-3.56,49.57,157,16.20,EMERALD+,top,2026-10-09T10:04Z
Singed,Olaf,51.39,3.07,-1.88,48.32,144,16.20,EMERALD+,top,2026-10-09T10:04Z
Singed,Garen,52.4,4.56,-0.39,47.84,292,16.20,EMERALD+,top,2026-10-09T10:04Z
Singed,Irelia,53.09,4.67,-0.28,48.42,194,16.20,EMERALD+,top,2026-10-09T10:04Z
Singed,Sion,53.29,4.71,-0.24,48.58,152,16.20,EMERALD+,top,2026-10-09T10:04Z
Singed,Shen,53.38,6.05,1.1,47.33,148,16.20,EMERALD+,top,2026-10-09T10:04Z
Singed,Yone,53.57,4.9,-0.05,48.67,364,16.20,EMERALD+,top,2026-10-09T10:04Z
Singed,Jayce,53.68,2.94,-2.01,50.74,190,16.20,EMERALD+,top,2026-10-09T10:04Z
Singed,Sett,54.15,6.74,1.79,47.41,229,16.20,EMERALD+,top,2026-10-09T10:04Z
Singed,Urgot,54.17,7.39,2.44,46.78,144,16.20,EMERALD+,top,2026-10-09T10:04Z
Singed,Dr. Mundo,54.38,6.46,1.51,47.92,160,16.20,EMERALD+,top,2026-10-09T10:04Z
Singed,Fiora,54.72,6.71,1.76,48.01,212,16.20,EMERALD+,top,2026-10-09T10:04Z
Singed,Darius,54.85,6.17,1.22,48.68,299,16.20,EMERALD+,top,2026-10-09T10:04Z
Singed,Gwen,55.28,6.84,1.89,48.44,123,16.20,EMERALD+,top,2026-10-09T10:04Z
Singed,Mordekaiser,55.46,7.86,2.91,47.6,238,16.20,EMERALD+,top,2026-10-09T10:04Z
Singed,Ornn,55.76,9.11,4.16,46.65,165,16.20,EMERALD+,top,2026-10-09T10:04Z
Singed,Renekton,56.08,7.04,2.09,49.04,189,16.20,EMERALD+,top,2026-10-09T10:04Z
Singed,Zaahen,56.3,7.75,2.8,48.55,135,16.20,EMERALD+,top,2026-10-09T10:04Z
Singed,Volibear,56.35,6.37,1.42,49.98,181,16.20,EMERALD+,top,2026-10-09T10:04Z
Singed,Ambessa,56.49,6.59,1.64,49.9,154,16.20,EMERALD+,top,2026-10-09T10:04Z
Singed,Tryndamere,57.14,8.88,3.93,48.26,133,16.20,EMERALD+,top,2026-10-09T10:04Z
Singed,Aatrox,58.0,9.05,4.1,48.95,300,16.20,EMERALD+,top,2026-10-09T10:04Z
Singed,Yorick,58.64,9.75,4.8,48.89,162,16.20,EMERALD+,top,2026-10-09T10:04Z
Singed,Jax,59.62,10.82,5.87,48.8,265,16.20,EMERALD+,top,2026-10-09T10:04Z
Singed,K'Sante,60.0,8.16,3.22,51.84,170,16.20,EMERALD+,top,2026-10-09T10:04Z
Singed,Pantheon,60.38,12.73,7.78,47.65,106,16.20,EMERALD+,top,2026-10-09T10:04Z
Singed,Yasuo,63.36,14.56,9.61,48.8,131,16.20,EMERALD+,top,2026-10-09T10:04Z
Sion,Shen,40.0,-7.33,-10.21,47.33,170,16.20,EMERALD+,top,2026-10-09T10:04Z
Sion,Ambessa,43.89,-6.01,-8.89,49.9,180,16.20,EMERALD+,top,2026-10-09T10:04Z
Sion,Camille,44.17,-3.59,-6.47,47.76,163,16.20,EMERALD+,top,2026-10-09T10:04Z
Sion,Darius,44.55,-4.13,-7.01,48.68,321,16.20,EMERALD+,top,2026-10-09T10:04Z
Sion,Yone,45.97,-2.7,-5.58,48.67,546,16.20,EMERALD+,top,2026-10-09T10:04Z
Sion,Dr. Mundo,47.62,-0.3,-3.18,47.92,126,16.20,EMERALD+,top,2026-10-09T10:04Z
Sion,Kayle,47.83,0.51,-2.37,47.32,115,16.20,EMERALD+,top,2026-10-09T10:04Z
Sion,Ornn,47.89,1.24,-1.64,46.65,190,16.20,EMERALD+,top,2026-10-09T10:04Z
Sion,Gwen,48.22,-0.22,-3.1,48.44,253,16.20,EMERALD+,top,2026-10-09T10:04Z
Sion,Cho'Gath,48.4,0.94,-1.94,47.46,219,16.20,EMERALD+,top,2026-10-09T10:04Z
Sion,Mordekaiser,48.58,0.98,-1.9,47.6,282,16.20,EMERALD+,top,2026-10-09T10:04Z
Sion,Singed,48.72,2.21,-0.67,46.51,156,16.20,EMERALD+,top,2026-10-09T10:04Z
Sion,Yasuo,48.72,-0.08,-2.96,48.8,156,16.20,EMERALD+,top,2026-10-09T10:04Z
Sion,Garen,48.89,1.05,-1.83,47.84,270,16.20,EMERALD+,top,2026-10-09T10:04Z
Sion,Teemo,49.34,2.39,-0.49,46.95,304,16.20,EMERALD+,top,2026-10-09T10:04Z
Sion,Aatrox,50.16,1.21,-1.67,48.95,315,16.20,EMERALD+,top,2026-10-09T10:04Z
Sion,Illaoi,50.35,2.42,-0.46,47.93,143,16.20,EMERALD+,top,2026-10-09T10:04Z
Sion,Riven,50.43,1.67,-1.21,48.76,117,16.20,EMERALD+,top,2026-10-09T10:04Z
Sion,Sett,50.44,3.03,0.15,47.41,339,16.20,EMERALD+,top,2026-10-09T10:04Z
Sion,Tryndamere,50.72,2.46,-0.42,48.26,138,16.20,EMERALD+,top,2026-10-09T10:04Z
Sion,Olaf,50.88,2.56,-0.32,48.32,114,16.20,EMERALD+,top,2026-10-09T10:04Z
Sion,Trundle,50.94,1.4,-1.48,49.54,106,16.20,EMERALD+,top,2026-10-09T10:04Z
Sion,Zaahen,51.37,2.82,-0.06,48.55,146,16.20,EMERALD+,top,2026-10-09T10:04Z
Sion,Renekton,51.98,2.94,0.06,49.04,202,16.20,EMERALD+,top,2026-10-09T10:04Z
Sion,Nasus,52.71,4.62,1.74,48.09,277,16.20,EMERALD+,top,2026-10-09T10:04Z
Sion,Malphite,53.01,6.73,3.85,46.28,415,16.20,EMERALD+,top,2026-10-09T10:04Z
Sion,Pantheon,53.42,5.77,2.89,47.65,161,16.20,EMERALD+,top,2026-10-09T10:04Z
Sion,Fiora,53.6,5.59,2.71,48.01,250,16.20,EMERALD+,top,2026-10-09T10:04Z
Sion,Gnar,53.89,4.32,1.44,49.57,180,16.20,EMERALD+,top,2026-10-09T10:04Z
Sion,Irelia,54.12,5.7,2.82,48.42,170,16.20,EMERALD+,top,2026-10-09T10:04Z
Sion,K'Sante,54.33,2.49,-0.39,51.84,127,16.20,EMERALD+,top,2026-10-09T10:04Z
Sion,Urgot,54.38,7.6,4.72,46.78,160,16.20,EMERALD+,top,2026-10-09T10:04Z
Sion,Gangplank,55.15,6.84,3.96,48.31,379,16.20,EMERALD+,top,2026-10-09T10:04Z
Sion,Akali,55.28,6.55,3.67,48.73,161,16.20,EMERALD+,top,2026-10-09T10:04Z
Sion,Volibear,55.69,5.71,2.83,49.98,255,16.20,EMERALD+,top,2026-10-09T10:04Z
Sion,Yorick,56.67,7.78,4.9,48.89,180,16.20,EMERALD+,top,2026-10-09T10:04Z
Sion,Jax,56.74,7.94,5.06,48.8,215,16.20,EMERALD+,top,2026-10-09T10:04Z
Sion,Jayce,57.05,6.31,3.43,50.74,305,16.20,EMERALD+,top,2026-10-09T10:04Z
Sion,Gragas,57.45,7.89,5.01,49.56,141,16.20,EMERALD+,top,2026-10-09T10:04Z
Tahm Kench,Zaahen,42.59,-5.97,-9.24,48.56,108,16.20,EMERALD+,top,2026-10-09T10:04Z
Tahm Kench,Volibear,44.8,-5.11,-8.38,49.91,279,16.20,EMERALD+,top,2026-10-09T10:04Z
Tahm Kench,Gwen,44.93,-3.49,-6.76,48.42,138,16.20,EMERALD+,top,2026-10-09T10:04Z
Tahm Kench,Renekton,45.88,-3.16,-6.43,49.04,194,16.20,EMERALD+,top,2026-10-09T10:04Z
Tahm Kench,K'Sante,46.3,-5.51,-8.78,51.81,108,16.20,EMERALD+,top,2026-10-09T10:04Z
Tahm Kench,Yorick,47.37,-1.57,-4.84,48.94,114,16.20,EMERALD+,top,2026-10-09T10:04Z
Tahm Kench,Darius,47.51,-1.17,-4.44,48.68,301,16.20,EMERALD+,top,2026-10-09T10:04Z
Tahm Kench,Sett,48.0,0.55,-2.72,47.45,275,16.20,EMERALD+,top,2026-10-09T10:04Z
Tahm Kench,Mordekaiser,48.22,0.61,-2.66,47.61,309,16.20,EMERALD+,top,2026-10-09T10:04Z
Tahm Kench,Aatrox,49.02,0.04,-3.23,48.98,204,16.20,EMERALD+,top,2026-10-09T10:04Z
Tahm Kench,Ambessa,49.56,-0.39,-3.66,49.95,113,16.20,EMERALD+,top,2026-10-09T10:04Z
Tahm Kench,Illaoi,50.0,2.01,-1.26,47.99,134,16.20,EMERALD+,top,2026-10-09T10:04Z
Tahm Kench,Pantheon,50.0,2.33,-0.94,47.67,102,16.20,EMERALD+,top,2026-10-09T10:04Z
Tahm Kench,Irelia,50.38,1.93,-1.34,48.45,133,16.20,EMERALD+,top,2026-10-09T10:04Z
Tahm Kench,Yasuo,51.16,2.36,-0.91,48.8,129,16.20,EMERALD+,top,2026-10-09T10:04Z
Tahm Kench,Camille,51.27,3.48,0.21,47.79,158,16.20,EMERALD+,top,2026-10-09T10:04Z
Tahm Kench,Ornn,51.28,4.58,1.31,46.7,156,16.20,EMERALD+,top,2026-10-09T10:04Z
Tahm Kench,Yone,51.67,3.0,-0.27,48.67,329,16.20,EMERALD+,top,2026-10-09T10:04Z
Tahm Kench,Tryndamere,51.95,3.54,0.27,48.41,154,16.20,EMERALD+,top,2026-10-09T10:04Z
Tahm Kench,Shen,51.97,4.63,1.36,47.34,152,16.20,EMERALD+,top,2026-10-09T10:04Z
Tahm Kench,Urgot,52.0,5.26,1.99,46.74,100,16.20,EMERALD+,top,2026-10-09T10:04Z
Tahm Kench,Teemo,52.87,5.89,2.62,46.98,174,16.20,EMERALD+,top,2026-10-09T10:04Z
Tahm Kench,Gnar,54.65,5.11,1.84,49.54,172,16.20,EMERALD+,top,2026-10-09T10:04Z
Tahm Kench,Gangplank,55.15,6.82,3.55,48.33,194,16.20,EMERALD+,top,2026-10-09T10:04Z
Tahm Kench,Garen,55.56,7.7,4.43,47.86,306,16.20,EMERALD+,top,2026-10-09T10:04Z
Tahm Kench,Fiora,55.76,7.75,4.48,48.01,165,16.20,EMERALD+,top,2026-10-09T10:04Z
Tahm Kench,Jax,56.33,7.51,4.24,48.82,158,16.20,EMERALD+,top,2026-10-09T10:04Z
Tahm Kench,Kayle,56.88,9.56,6.29,47.32,109,16.20,EMERALD+,top,2026-10-09T10:04Z
Tahm Kench,Jayce,56.89,6.11,2.84,50.78,167,16.20,EMERALD+,top,2026-10-09T10:04Z
Tahm Kench,Dr. Mundo,57.26,9.38,6.11,47.88,124,16.20,EMERALD+,top,2026-10-09T10:04Z
Tahm Kench,Cho'Gath,57.58,10.15,6.88,47.43,165,16.20,EMERALD+,top,2026-10-09T10:04Z
Tahm Kench,Nasus,59.3,11.28,8.01,48.02,258,16.20,EMERALD+,top,2026-10-09T10:04Z
Tahm Kench,Malphite,60.32,14.08,10.82,46.24,315,16.20,EMERALD+,top,2026-10-09T10:04Z
Teemo,Urgot,45.24,-1.54,-6.05,46.78,168,16.20,EMERALD+,top,2026-10-09T10:04Z
Teemo,Akali,46.55,-2.18,-6.69,48.73,290,16.20,EMERALD+,top,2026-10-09T10:04Z
Teemo,Yorick,47.79,-1.1,-5.61,48.89,249,16.20,EMERALD+,top,2026-10-09T10:04Z
Teemo,Malphite,48.03,1.75,-2.76,46.28,887,16.20,EMERALD+,top,2026-10-09T10:04Z
Teemo,Pantheon,48.28,0.63,-3.88,47.65,261,16.20,EMERALD+,top,2026-10-09T10:04Z
Teemo,Ornn,48.38,1.73,-2.78,46.65,308,16.20,EMERALD+,top,2026-10-09T10:04Z
Teemo,Trundle,48.84,-0.7,-5.21,49.54,129,16.20,EMERALD+,top,2026-10-09T10:04Z
Teemo,Nasus,48.97,0.88,-3.63,48.09,339,16.20,EMERALD+,top,2026-10-09T10:04Z
Teemo,Yasuo,49.86,1.06,-3.45,48.8,347,16.20,EMERALD+,top,2026-10-09T10:04Z
Teemo,Olaf,50.47,2.15,-2.36,48.32,321,16.20,EMERALD+,top,2026-10-09T10:04Z
Teemo,Kled,50.48,1.07,-3.44,49.41,105,16.20,EMERALD+,top,2026-10-09T10:04Z
Teemo,Zaahen,50.67,2.12,-2.39,48.55,225,16.20,EMERALD+,top,2026-10-09T10:04Z
Teemo,Gangplank,50.72,2.41,-2.1,48.31,418,16.20,EMERALD+,top,2026-10-09T10:04Z
Teemo,Aatrox,50.86,1.91,-2.6,48.95,525,16.20,EMERALD+,top,2026-10-09T10:04Z
Teemo,Gwen,51.16,2.72,-1.79,48.44,129,16.20,EMERALD+,top,2026-10-09T10:04Z
Teemo,Jayce,51.33,0.59,-3.92,50.74,376,16.20,EMERALD+,top,2026-10-09T10:04Z
Teemo,Sion,51.36,2.78,-1.73,48.58,294,16.20,EMERALD+,top,2026-10-09T10:04Z
Teemo,Tahm Kench,51.53,3.25,-1.26,48.28,163,16.20,EMERALD+,top,2026-10-09T10:04Z
Teemo,Fiora,52.17,4.16,-0.35,48.01,322,16.20,EMERALD+,top,2026-10-09T10:04Z
Teemo,Irelia,52.27,3.85,-0.66,48.42,352,16.20,EMERALD+,top,2026-10-09T10:04Z
Teemo,Yone,52.3,3.63,-0.88,48.67,501,16.20,EMERALD+,top,2026-10-09T10:04Z
Teemo,Cho'Gath,52.71,5.25,0.74,47.46,277,16.20,EMERALD+,top,2026-10-09T10:04Z
Teemo,Shen,52.73,5.4,0.89,47.33,220,16.20,EMERALD+,top,2026-10-09T10:04Z
Teemo,Dr. Mundo,52.97,5.05,0.54,47.92,236,16.20,EMERALD+,top,2026-10-09T10:04Z
Teemo,K'Sante,53.57,1.73,-2.77,51.84,252,16.20,EMERALD+,top,2026-10-09T10:04Z
Teemo,Camille,53.72,5.96,1.45,47.76,296,16.20,EMERALD+,top,2026-10-09T10:04Z
Teemo,Ambessa,53.75,3.85,-0.66,49.9,240,16.20,EMERALD+,top,2026-10-09T10:04Z
Teemo,Garen,53.91,6.07,1.56,47.84,512,16.20,EMERALD+,top,2026-10-09T10:04Z
Teemo,Sett,54.23,6.82,2.31,47.41,402,16.20,EMERALD+,top,2026-10-09T10:04Z
Teemo,Kennen,54.31,5.36,0.85,48.95,197,16.20,EMERALD+,top,2026-10-09T10:04Z
Teemo,Illaoi,54.44,6.51,2.0,47.93,180,16.20,EMERALD+,top,2026-10-09T10:04Z
Teemo,Gnar,54.9,5.33,0.82,49.57,286,16.20,EMERALD+,top,2026-10-09T10:04Z
Teemo,Jax,54.91,6.11,1.6,48.8,326,16.20,EMERALD+,top,2026-10-09T10:04Z
Teemo,Vladimir,55.02,5.72,1.21,49.3,209,16.20,EMERALD+,top,2026-10-09T10:04Z
Teemo,Riven,55.09,6.33,1.82,48.76,167,16.20,EMERALD+,top,2026-10-09T10:04Z
Teemo,Darius,55.43,6.75,2.24,48.68,525,16.20,EMERALD+,top,2026-10-09T10:04Z
Teemo,Renekton,55.78,6.74,2.23,49.04,389,16.20,EMERALD+,top,2026-10-09T10:04Z
Teemo,Kayle,56.44,9.12,4.61,47.32,163,16.20,EMERALD+,top,2026-10-09T10:04Z
Teemo,Singed,56.54,10.03,5.52,46.51,191,16.20,EMERALD+,top,2026-10-09T10:04Z
Teemo,Mordekaiser,56.88,9.28,4.77,47.6,436,16.20,EMERALD+,top,2026-10-09T10:04Z
Teemo,Ryze,57.01,4.75,0.25,52.26,107,16.20,EMERALD+,top,2026-10-09T10:04Z
Teemo,Heimerdinger,57.03,8.42,3.91,48.61,128,16.20,EMERALD+,top,2026-10-09T10:04Z
Teemo,Tryndamere,57.09,8.83,4.32,48.26,296,16.20,EMERALD+,top,2026-10-09T10:04Z
Teemo,Gragas,59.91,10.35,5.84,49.56,217,16.20,EMERALD+,top,2026-10-09T10:04Z
Teemo,Volibear,62.33,12.35,7.84,49.98,369,16.20,EMERALD+,top,2026-10-09T10:04Z
Teemo,Rumble,64.86,13.0,8.5,51.86,148,16.20,EMERALD+,top,2026-10-09T10:04Z
Teemo,Vayne,70.45,21.45,16.94,49.0,176,16.20,EMERALD+,top,2026-10-09T10:04Z
Trundle,Gnar,37.5,-12.07,-13.99,49.57,112,16.20,EMERALD+,top,2026-10-09T10:04Z
Trundle,Nasus,41.05,-7.04,-8.96,48.09,190,16.20,EMERALD+,top,2026-10-09T10:04Z
Trundle,Ornn,42.48,-4.17,-6.09,46.65,153,16.20,EMERALD+,top,2026-10-09T10:04Z
Trundle,Jayce,46.08,-4.66,-6.58,50.74,102,16.20,EMERALD+,top,2026-10-09T10:04Z
Trundle,Jax,48.07,-0.73,-2.65,48.8,233,16.20,EMERALD+,top,2026-10-09T10:04Z
Trundle,Aatrox,48.39,-0.56,-2.48,48.95,155,16.20,EMERALD+,top,2026-10-09T10:04Z
Trundle,Camille,49.07,1.31,-0.61,47.76,108,16.20,EMERALD+,top,2026-10-09T10:04Z
Trundle,Gangplank,49.09,0.78,-1.14,48.31,165,16.20,EMERALD+,top,2026-10-09T10:04Z
Trundle,Yone,49.4,0.73,-1.19,48.67,249,16.20,EMERALD+,top,2026-10-09T10:04Z
Trundle,Darius,49.44,0.76,-1.16,48.68,178,16.20,EMERALD+,top,2026-10-09T10:04Z
Trundle,Mordekaiser,49.77,2.17,0.25,47.6,215,16.20,EMERALD+,top,2026-10-09T10:04Z
Trundle,Cho'Gath,50.94,3.48,1.56,47.46,106,16.20,EMERALD+,top,2026-10-09T10:04Z
Trundle,Malphite,51.64,5.36,3.44,46.28,213,16.20,EMERALD+,top,2026-10-09T10:04Z
Trundle,Sett,51.95,4.54,2.62,47.41,231,16.20,EMERALD+,top,2026-10-09T10:04Z
Trundle,Teemo,52.03,5.08,3.16,46.95,123,16.20,EMERALD+,top,2026-10-09T10:04Z
Trundle,Sion,53.15,4.57,2.65,48.58,111,16.20,EMERALD+,top,2026-10-09T10:04Z
Trundle,Fiora,53.85,5.84,3.92,48.01,182,16.20,EMERALD+,top,2026-10-09T10:04Z
Trundle,Volibear,53.88,3.9,1.98,49.98,206,16.20,EMERALD+,top,2026-10-09T10:04Z
Trundle,Olaf,54.02,5.7,3.78,48.32,224,16.20,EMERALD+,top,2026-10-09T10:04Z
Trundle,Yorick,54.37,5.48,3.56,48.89,103,16.20,EMERALD+,top,2026-10-09T10:04Z
Trundle,Garen,54.58,6.74,4.82,47.84,273,16.20,EMERALD+,top,2026-10-09T10:04Z
Trundle,Irelia,54.6,6.18,4.26,48.42,174,16.20,EMERALD+,top,2026-10-09T10:04Z
Trundle,Renekton,56.72,7.68,5.76,49.04,134,16.20,EMERALD+,top,2026-10-09T10:04Z
Trundle,Shen,57.97,10.64,8.72,47.33,138,16.20,EMERALD+,top,2026-10-09T10:04Z
Trundle,Dr. Mundo,59.15,11.23,9.31,47.92,142,16.20,EMERALD+,top,2026-10-09T10:04Z
Tryndamere,Ornn,41.95,-4.75,-7.79,46.7,205,16.20,EMERALD+,top,2026-10-09T10:04Z
Tryndamere,Malphite,42.46,-3.78,-6.81,46.24,643,16.20,EMERALD+,top,2026-10-09T10:04Z
Tryndamere,Teemo,43.94,-3.04,-6.08,46.98,289,16.20,EMERALD+,top,2026-10-09T10:04Z
Tryndamere,Singed,43.94,-2.59,-5.63,46.53,132,16.20,EMERALD+,top,2026-10-09T10:04Z
Tryndamere,Nasus,45.25,-2.77,-5.81,48.02,358,16.20,EMERALD+,top,2026-10-09T10:04Z
Tryndamere,Pantheon,45.51,-2.16,-5.2,47.67,156,16.20,EMERALD+,top,2026-10-09T10:04Z
Tryndamere,Gragas,47.42,-2.16,-5.2,49.58,213,16.20,EMERALD+,top,2026-10-09T10:04Z
Tryndamere,Kayle,47.83,0.51,-2.53,47.32,115,16.20,EMERALD+,top,2026-10-09T10:04Z
Tryndamere,Camille,48.41,0.62,-2.42,47.79,252,16.20,EMERALD+,top,2026-10-09T10:04Z
Tryndamere,Warwick,48.51,1.37,-1.67,47.14,101,16.20,EMERALD+,top,2026-10-09T10:04Z
Tryndamere,Cho'Gath,48.77,1.34,-1.7,47.43,162,16.20,EMERALD+,top,2026-10-09T10:04Z
Tryndamere,Gangplank,48.97,0.64,-2.4,48.33,437,16.20,EMERALD+,top,2026-10-09T10:04Z
Tryndamere,Gnar,49.03,-0.51,-3.55,49.54,155,16.20,EMERALD+,top,2026-10-09T10:04Z
Tryndamere,Zaahen,50.0,1.44,-1.6,48.56,164,16.20,EMERALD+,top,2026-10-09T10:04Z
Tryndamere,Jax,50.57,1.75,-1.29,48.82,526,16.20,EMERALD+,top,2026-10-09T10:04Z
Tryndamere,Illaoi,50.64,2.65,-0.39,47.99,156,16.20,EMERALD+,top,2026-10-09T10:04Z
Tryndamere,Jayce,50.88,0.1,-2.94,50.78,399,16.20,EMERALD+,top,2026-10-09T10:04Z
Tryndamere,Fiora,50.91,2.9,-0.14,48.01,328,16.20,EMERALD+,top,2026-10-09T10:04Z
Tryndamere,Sion,51.15,2.49,-0.55,48.66,131,16.20,EMERALD+,top,2026-10-09T10:04Z
Tryndamere,Darius,51.16,2.48,-0.56,48.68,387,16.20,EMERALD+,top,2026-10-09T10:04Z
Tryndamere,Aatrox,51.27,2.29,-0.75,48.98,433,16.20,EMERALD+,top,2026-10-09T10:04Z
Tryndamere,Yone,51.7,3.03,-0.01,48.67,528,16.20,EMERALD+,top,2026-10-09T10:04Z
Tryndamere,Urgot,51.77,5.03,1.99,46.74,141,16.20,EMERALD+,top,2026-10-09T10:04Z
Tryndamere,Volibear,52.13,2.22,-0.82,49.91,305,16.20,EMERALD+,top,2026-10-09T10:04Z
Tryndamere,Riven,52.67,3.85,0.81,48.82,131,16.20,EMERALD+,top,2026-10-09T10:04Z
Tryndamere,Dr. Mundo,53.01,5.13,2.09,47.88,166,16.20,EMERALD+,top,2026-10-09T10:04Z
Tryndamere,Renekton,53.03,3.99,0.95,49.04,264,16.20,EMERALD+,top,2026-10-09T10:04Z
Tryndamere,Akali,53.93,5.14,2.1,48.79,178,16.20,EMERALD+,top,2026-10-09T10:04Z
Tryndamere,Sett,53.97,6.52,3.48,47.45,302,16.20,EMERALD+,top,2026-10-09T10:04Z
Tryndamere,Yorick,54.07,5.13,2.09,48.94,209,16.20,EMERALD+,top,2026-10-09T10:04Z
Tryndamere,Shen,55.5,8.16,5.12,47.34,218,16.20,EMERALD+,top,2026-10-09T10:04Z
Tryndamere,Garen,55.51,7.65,4.61,47.86,472,16.20,EMERALD+,top,2026-10-09T10:04Z
Tryndamere,Mordekaiser,55.86,8.25,5.21,47.61,324,16.20,EMERALD+,top,2026-10-09T10:04Z
Tryndamere,K'Sante,57.02,5.21,2.17,51.81,235,16.20,EMERALD+,top,2026-10-09T10:04Z
Tryndamere,Tahm Kench,57.24,9.06,6.02,48.18,152,16.20,EMERALD+,top,2026-10-09T10:04Z
Tryndamere,Yasuo,57.6,8.8,5.76,48.8,217,16.20,EMERALD+,top,2026-10-09T10:04Z
Tryndamere,Olaf,57.99,9.64,6.6,48.35,219,16.20,EMERALD+,top,2026-10-09T10:04Z
Tryndamere,Ambessa,58.3,8.35,5.31,49.95,235,16.20,EMERALD+,top,2026-10-09T10:04Z
Tryndamere,Irelia,58.84,10.39,7.35,48.45,311,16.20,EMERALD+,top,2026-10-09T10:04Z
Tryndamere,Gwen,66.67,18.25,15.21,48.42,162,16.20,EMERALD+,top,2026-10-09T10:04Z
Urgot,Sion,46.95,-1.63,-6.31,48.58,164,16.20,EMERALD+,top,2026-10-09T10:04Z
Urgot,Olaf,47.14,-1.18,-5.86,48.32,227,16.20,EMERALD+,top,2026-10-09T10:04Z
Urgot,Singed,47.76,1.25,-3.43,46.51,134,16.20,EMERALD+,top,2026-10-09T10:04Z
Urgot,Kled,48.04,-1.37,-6.05,49.41,102,16.20,EMERALD+,top,2026-10-09T10:04Z
Urgot,Jayce,48.21,-2.53,-7.21,50.74,251,16.20,EMERALD+,top,2026-10-09T10:04Z
Urgot,Yorick,48.98,0.09,-4.59,48.89,147,16.20,EMERALD+,top,2026-10-09T10:04Z
Urgot,Garen,49.22,1.38,-3.3,47.84,321,16.20,EMERALD+,top,2026-10-09T10:04Z
Urgot,Irelia,50.6,2.18,-2.5,48.42,168,16.20,EMERALD+,top,2026-10-09T10:04Z
Urgot,Darius,50.77,2.09,-2.59,48.68,323,16.20,EMERALD+,top,2026-10-09T10:04Z
Urgot,Cho'Gath,50.98,3.52,-1.16,47.46,153,16.20,EMERALD+,top,2026-10-09T10:04Z
Urgot,Pantheon,51.59,3.94,-0.74,47.65,126,16.20,EMERALD+,top,2026-10-09T10:04Z
Urgot,Aatrox,51.81,2.86,-1.82,48.95,359,16.20,EMERALD+,top,2026-10-09T10:04Z
Urgot,Ornn,51.9,5.25,0.57,46.65,158,16.20,EMERALD+,top,2026-10-09T10:04Z
Urgot,Kayle,51.95,4.63,-0.05,47.32,154,16.20,EMERALD+,top,2026-10-09T10:04Z
Urgot,Gnar,52.68,3.11,-1.57,49.57,205,16.20,EMERALD+,top,2026-10-09T10:04Z
Urgot,Malphite,53.02,6.74,2.06,46.28,281,16.20,EMERALD+,top,2026-10-09T10:04Z
Urgot,Gangplank,53.03,4.72,0.04,48.31,264,16.20,EMERALD+,top,2026-10-09T10:04Z
Urgot,Camille,53.05,5.29,0.61,47.76,213,16.20,EMERALD+,top,2026-10-09T10:04Z
Urgot,Yone,53.08,4.41,-0.27,48.67,373,16.20,EMERALD+,top,2026-10-09T10:04Z
Urgot,Zaahen,53.13,4.58,-0.1,48.55,128,16.20,EMERALD+,top,2026-10-09T10:04Z
Urgot,Akali,53.4,4.67,-0.01,48.73,103,16.20,EMERALD+,top,2026-10-09T10:04Z
Urgot,Tryndamere,53.44,5.18,0.5,48.26,131,16.20,EMERALD+,top,2026-10-09T10:04Z
Urgot,Nasus,53.48,5.39,0.71,48.09,230,16.20,EMERALD+,top,2026-10-09T10:04Z
Urgot,Dr. Mundo,53.49,5.57,0.89,47.92,172,16.20,EMERALD+,top,2026-10-09T10:04Z
Urgot,Riven,53.73,4.97,0.29,48.76,134,16.20,EMERALD+,top,2026-10-09T10:04Z
Urgot,Illaoi,53.76,5.83,1.15,47.93,173,16.20,EMERALD+,top,2026-10-09T10:04Z
Urgot,Volibear,53.85,3.87,-0.81,49.98,273,16.20,EMERALD+,top,2026-10-09T10:04Z
Urgot,Gragas,54.46,4.9,0.22,49.56,101,16.20,EMERALD+,top,2026-10-09T10:04Z
Urgot,Jax,54.55,5.75,1.07,48.8,264,16.20,EMERALD+,top,2026-10-09T10:04Z
Urgot,Shen,54.55,7.22,2.54,47.33,165,16.20,EMERALD+,top,2026-10-09T10:04Z
Urgot,Renekton,54.83,5.79,1.11,49.04,259,16.20,EMERALD+,top,2026-10-09T10:04Z
Urgot,Yasuo,55.33,6.53,1.85,48.8,150,16.20,EMERALD+,top,2026-10-09T10:04Z
Urgot,Gwen,55.8,7.36,2.68,48.44,138,16.20,EMERALD+,top,2026-10-09T10:04Z
Urgot,Mordekaiser,56.52,8.92,4.24,47.6,299,16.20,EMERALD+,top,2026-10-09T10:04Z
Urgot,Kennen,56.6,7.65,2.97,48.95,106,16.20,EMERALD+,top,2026-10-09T10:04Z
Urgot,Sett,56.73,9.32,4.64,47.41,342,16.20,EMERALD+,top,2026-10-09T10:04Z
Urgot,Ambessa,57.47,7.57,2.89,49.9,174,16.20,EMERALD+,top,2026-10-09T10:04Z
Urgot,Fiora,57.63,9.62,4.94,48.01,262,16.20,EMERALD+,top,2026-10-09T10:04Z
Urgot,K'Sante,59.14,7.3,2.63,51.84,186,16.20,EMERALD+,top,2026-10-09T10:04Z
Urgot,Teemo,59.17,12.22,7.54,46.95,169,16.20,EMERALD+,top,2026-10-09T10:04Z
Vayne,Teemo,36.09,-10.89,-13.39,46.98,169,16.20,EMERALD+,top,2026-10-09T10:04Z
Vayne,Malphite,38.07,-8.17,-10.67,46.24,218,16.20,EMERALD+,top,2026-10-09T10:04Z
Vayne,Nasus,40.0,-8.02,-10.52,48.02,105,16.20,EMERALD+,top,2026-10-09T10:04Z
Vayne,Irelia,43.12,-5.33,-7.83,48.45,109,16.20,EMERALD+,top,2026-10-09T10:04Z
Vayne,Ornn,45.8,-0.9,-3.4,46.7,131,16.20,EMERALD+,top,2026-10-09T10:04Z
Vayne,Yasuo,49.06,0.26,-2.24,48.8,106,16.20,EMERALD+,top,2026-10-09T10:04Z
Vayne,Renekton,49.24,0.2,-2.3,49.04,132,16.20,EMERALD+,top,2026-10-09T10:04Z
Vayne,Olaf,49.5,1.15,-1.35,48.35,101,16.20,EMERALD+,top,2026-10-09T10:04Z
Vayne,Jax,49.57,0.75,-1.75,48.82,115,16.20,EMERALD+,top,2026-10-09T10:04Z
Vayne,Sett,50.94,3.49,0.99,47.45,159,16.20,EMERALD+,top,2026-10-09T10:04Z
Vayne,Gnar,51.0,1.46,-1.04,49.54,100,16.20,EMERALD+,top,2026-10-09T10:04Z
Vayne,Darius,51.42,2.74,0.24,48.68,247,16.20,EMERALD+,top,2026-10-09T10:04Z
Vayne,Yone,51.7,3.03,0.53,48.67,176,16.20,EMERALD+,top,2026-10-09T10:04Z
Vayne,Jayce,51.92,1.14,-1.36,50.78,104,16.20,EMERALD+,top,2026-10-09T10:04Z
Vayne,Dr. Mundo,51.97,4.09,1.59,47.88,127,16.20,EMERALD+,top,2026-10-09T10:04Z
Vayne,Mordekaiser,52.58,4.97,2.47,47.61,194,16.20,EMERALD+,top,2026-10-09T10:04Z
Vayne,Garen,54.63,6.77,4.27,47.86,227,16.20,EMERALD+,top,2026-10-09T10:04Z
Vayne,Cho'Gath,56.44,9.01,6.51,47.43,101,16.20,EMERALD+,top,2026-10-09T10:04Z
Vayne,Shen,57.27,9.93,7.43,47.34,110,16.20,EMERALD+,top,2026-10-09T10:04Z
Vayne,Aatrox,58.58,9.6,7.1,48.98,169,16.20,EMERALD+,top,2026-10-09T10:04Z
Vayne,K'Sante,59.07,7.26,4.76,51.81,237,16.20,EMERALD+,top,2026-10-09T10:04Z
Vayne,Volibear,61.76,11.85,9.35,49.91,102,16.20,EMERALD+,top,2026-10-09T10:04Z
Vladimir,Irelia,41.95,-6.47,-8.63,48.42,174,16.20,EMERALD+,top,2026-10-09T10:04Z
Vladimir,Renekton,44.0,-5.04,-7.2,49.04,100,16.20,EMERALD+,top,2026-10-09T10:04Z
Vladimir,Mordekaiser,44.8,-2.8,-4.96,47.6,125,16.20,EMERALD+,top,2026-10-09T10:04Z
Vladimir,Aatrox,46.61,-2.34,-4.5,48.95,118,16.20,EMERALD+,top,2026-10-09T10:04Z
Vladimir,Nasus,47.37,-0.72,-2.88,48.09,114,16.20,EMERALD+,top,2026-10-09T10:04Z
Vladimir,Yone,48.0,-0.67,-2.83,48.67,275,16.20,EMERALD+,top,2026-10-09T10:04Z
Vladimir,Volibear,48.57,-1.41,-3.57,49.98,105,16.20,EMERALD+,top,2026-10-09T10:04Z
Vladimir,Gangplank,49.24,0.93,-1.23,48.31,197,16.20,EMERALD+,top,2026-10-09T10:04Z
Vladimir,Garen,49.29,1.45,-0.71,47.84,140,16.20,EMERALD+,top,2026-10-09T10:04Z
Vladimir,Gnar,50.47,0.9,-1.26,49.57,107,16.20,EMERALD+,top,2026-10-09T10:04Z
Vladimir,Sett,50.57,3.16,1.0,47.41,174,16.20,EMERALD+,top,2026-10-09T10:04Z
Vladimir,Teemo,52.4,5.45,3.29,46.95,208,16.20,EMERALD+,top,2026-10-09T10:04Z
Vladimir,Darius,53.23,4.55,2.39,48.68,124,16.20,EMERALD+,top,2026-10-09T10:04Z
Vladimir,Malphite,53.74,7.46,5.3,46.28,227,16.20,EMERALD+,top,2026-10-09T10:04Z
Vladimir,Fiora,55.0,6.99,4.83,48.01,120,16.20,EMERALD+,top,2026-10-09T10:04Z
Vladimir,Yasuo,56.03,7.23,5.07,48.8,116,16.20,EMERALD+,top,2026-10-09T10:04Z
Vladimir,Jayce,57.42,6.68,4.52,50.74,155,16.20,EMERALD+,top,2026-10-09T10:04Z
Vladimir,Jax,58.37,9.57,7.41,48.8,221,16.20,EMERALD+,top,2026-10-09T10:04Z
Volibear,Shen,38.48,-8.85,-10.33,47.33,343,16.20,EMERALD+,top,2026-10-09T10:04Z
Volibear,Teemo,39.89,-7.06,-8.54,46.95,361,16.20,EMERALD+,top,2026-10-09T10:04Z
Volibear,Heimerdinger,42.0,-6.61,-8.09,48.61,100,16.20,EMERALD+,top,2026-10-09T10:04Z
Volibear,Gnar,46.01,-3.56,-5.04,49.57,313,16.20,EMERALD+,top,2026-10-09T10:04Z
Volibear,Dr. Mundo,46.07,-1.85,-3.33,47.92,267,16.20,EMERALD+,top,2026-10-09T10:04Z
Volibear,Akali,47.19,-1.54,-3.02,48.73,231,16.20,EMERALD+,top,2026-10-09T10:04Z
Volibear,Urgot,47.31,0.53,-0.95,46.78,260,16.20,EMERALD+,top,2026-10-09T10:04Z
Volibear,Jax,47.55,-1.25,-2.73,48.8,713,16.20,EMERALD+,top,2026-10-09T10:04Z
Volibear,Aatrox,47.58,-1.37,-2.85,48.95,559,16.20,EMERALD+,top,2026-10-09T10:04Z
Volibear,Kled,47.68,-1.73,-3.21,49.41,151,16.20,EMERALD+,top,2026-10-09T10:04Z
Volibear,Camille,48.98,1.22,-0.26,47.76,394,16.20,EMERALD+,top,2026-10-09T10:04Z
Volibear,Sion,49.17,0.59,-0.89,48.58,240,16.20,EMERALD+,top,2026-10-09T10:04Z
Volibear,Gwen,49.27,0.83,-0.65,48.44,205,16.20,EMERALD+,top,2026-10-09T10:04Z
Volibear,Fiora,49.45,1.44,-0.04,48.01,364,16.20,EMERALD+,top,2026-10-09T10:04Z
Volibear,Darius,49.64,0.96,-0.52,48.68,695,16.20,EMERALD+,top,2026-10-09T10:04Z
Volibear,Nasus,49.66,1.57,0.09,48.09,435,16.20,EMERALD+,top,2026-10-09T10:04Z
Volibear,Kennen,49.7,0.75,-0.73,48.95,169,16.20,EMERALD+,top,2026-10-09T10:04Z
Volibear,Trundle,49.77,0.23,-1.25,49.54,213,16.20,EMERALD+,top,2026-10-09T10:04Z
Volibear,Cho'Gath,49.83,2.37,0.89,47.46,291,16.20,EMERALD+,top,2026-10-09T10:04Z
Volibear,Ornn,50.0,3.35,1.87,46.65,316,16.20,EMERALD+,top,2026-10-09T10:04Z
Volibear,Singed,50.0,3.49,2.01,46.51,188,16.20,EMERALD+,top,2026-10-09T10:04Z
Volibear,Renekton,50.1,1.06,-0.42,49.04,509,16.20,EMERALD+,top,2026-10-09T10:04Z
Volibear,Gragas,50.27,0.71,-0.77,49.56,185,16.20,EMERALD+,top,2026-10-09T10:04Z
Volibear,Tryndamere,50.34,2.08,0.6,48.26,294,16.20,EMERALD+,top,2026-10-09T10:04Z
Volibear,Gangplank,50.39,2.08,0.6,48.31,387,16.20,EMERALD+,top,2026-10-09T10:04Z
Volibear,Pantheon,50.41,2.76,1.28,47.65,244,16.20,EMERALD+,top,2026-10-09T10:04Z
Volibear,Kayle,50.45,3.13,1.65,47.32,220,16.20,EMERALD+,top,2026-10-09T10:04Z
Volibear,Malphite,50.79,4.51,3.03,46.28,443,16.20,EMERALD+,top,2026-10-09T10:04Z
Volibear,Sett,50.87,3.46,1.98,47.41,686,16.20,EMERALD+,top,2026-10-09T10:04Z
Volibear,Olaf,51.06,2.74,1.26,48.32,282,16.20,EMERALD+,top,2026-10-09T10:04Z
Volibear,Illaoi,51.26,3.33,1.85,47.93,277,16.20,EMERALD+,top,2026-10-09T10:04Z
Volibear,Garen,51.49,3.65,2.17,47.84,606,16.20,EMERALD+,top,2026-10-09T10:04Z
Volibear,Rumble,51.75,-0.11,-1.59,51.86,114,16.20,EMERALD+,top,2026-10-09T10:04Z
Volibear,Vladimir,51.92,2.62,1.14,49.3,104,16.20,EMERALD+,top,2026-10-09T10:04Z
Volibear,K'Sante,52.27,0.43,-1.05,51.84,331,16.20,EMERALD+,top,2026-10-09T10:04Z
Volibear,Ambessa,52.43,2.53,1.05,49.9,288,16.20,EMERALD+,top,2026-10-09T10:04Z
Volibear,Yone,52.55,3.88,2.4,48.67,725,16.20,EMERALD+,top,2026-10-09T10:04Z
Volibear,Yasuo,52.92,4.12,2.64,48.8,291,16.20,EMERALD+,top,2026-10-09T10:04Z
Volibear,Warwick,53.24,6.07,4.59,47.17,139,16.20,EMERALD+,top,2026-10-09T10:04Z
Volibear,Riven,53.4,4.64,3.16,48.76,191,16.20,EMERALD+,top,2026-10-09T10:04Z
Volibear,Mordekaiser,53.48,5.88,4.4,47.6,776,16.20,EMERALD+,top,2026-10-09T10:04Z
Volibear,Zaahen,54.35,5.8,4.32,48.55,276,16.20,EMERALD+,top,2026-10-09T10:04Z
Volibear,Jayce,54.43,3.69,2.21,50.74,305,16.20,EMERALD+,top,2026-10-09T10:04Z
Volibear,Irelia,56.76,8.34,6.86,48.42,488,16.20,EMERALD+,top,2026-10-09T10:04Z
Volibear,Yorick,57.8,8.91,7.43,48.89,282,16.20,EMERALD+,top,2026-10-09T10:04Z
Volibear,Tahm Kench,58.48,10.2,8.72,48.28,277,16.20,EMERALD+,top,2026-10-09T10:04Z
Warwick,Malphite,43.22,-3.06,-7.35,46.28,118,16.20,EMERALD+,top,2026-10-09T10:04Z
Warwick,Gangplank,43.93,-4.38,-8.67,48.31,107,16.20,EMERALD+,top,2026-10-09T10:04Z
Warwick,Volibear,48.53,-1.45,-5.74,49.98,136,16.20,EMERALD+,top,2026-10-09T10:04Z
Warwick,Sett,50.6,3.19,-1.1,47.41,168,16.20,EMERALD+,top,2026-10-09T10:04Z
Warwick,Ornn,50.98,4.33,0.04,46.65,102,16.20,EMERALD+,top,2026-10-09T10:04Z
Warwick,Camille,52.17,4.41,0.12,47.76,138,16.20,EMERALD+,top,2026-10-09T10:04Z
Warwick,Gwen,52.48,4.04,-0.25,48.44,101,16.20,EMERALD+,top,2026-10-09T10:04Z
Warwick,Garen,52.63,4.79,0.5,47.84,152,16.20,EMERALD+,top,2026-10-09T10:04Z
Warwick,Aatrox,52.85,3.9,-0.39,48.95,193,16.20,EMERALD+,top,2026-10-09T10:04Z
Warwick,Jax,53.89,5.09,0.8,48.8,180,16.20,EMERALD+,top,2026-10-09T10:04Z
Warwick,Mordekaiser,54.35,6.75,2.46,47.6,230,16.20,EMERALD+,top,2026-10-09T10:04Z
Warwick,Darius,55.74,7.06,2.77,48.68,183,16.20,EMERALD+,top,2026-10-09T10:04Z
Warwick,Fiora,55.97,7.96,3.67,48.01,159,16.20,EMERALD+,top,2026-10-09T10:04Z
Warwick,Ambessa,56.2,6.3,2.01,49.9,137,16.20,EMERALD+,top,2026-10-09T10:04Z
Warwick,Renekton,56.39,7.35,3.06,49.04,133,16.20,EMERALD+,top,2026-10-09T10:04Z
Warwick,Yone,56.61,7.94,3.65,48.67,242,16.20,EMERALD+,top,2026-10-09T10:04Z
Warwick,Jayce,59.0,8.26,3.97,50.74,100,16.20,EMERALD+,top,2026-10-09T10:04Z
Warwick,Tryndamere,59.8,11.54,7.25,48.26,102,16.20,EMERALD+,top,2026-10-09T10:04Z
Warwick,Irelia,60.0,11.58,7.29,48.42,170,16.20,EMERALD+,top,2026-10-09T10:04Z
Warwick,K'Sante,64.81,12.97,8.69,51.84,108,16.20,EMERALD+,top,2026-10-09T10:04Z
Wukong,Mordekaiser,36.54,-11.06,-14.19,47.6,104,16.20,EMERALD+,top,2026-10-09T10:04Z
Wukong,Jax,37.25,-11.55,-14.68,48.8,102,16.20,EMERALD+,top,2026-10-09T10:04Z
Wukong,Garen,46.49,-1.35,-4.48,47.84,114,16.20,EMERALD+,top,2026-10-09T10:04Z
Wukong,Aatrox,50.31,1.36,-1.77,48.95,161,16.20,EMERALD+,top,2026-10-09T10:04Z
Wukong,Sett,51.85,4.44,1.31,47.41,108,16.20,EMERALD+,top,2026-10-09T10:04Z
Wukong,Yone,52.69,4.02,0.89,48.67,186,16.20,EMERALD+,top,2026-10-09T10:04Z
Wukong,Fiora,55.75,7.74,4.61,48.01,113,16.20,EMERALD+,top,2026-10-09T10:04Z
Wukong,Darius,56.22,7.54,4.41,48.68,201,16.20,EMERALD+,top,2026-10-09T10:04Z
Wukong,Jayce,56.25,5.51,2.38,50.74,176,16.20,EMERALD+,top,2026-10-09T10:04Z
Wukong,Gangplank,57.02,8.71,5.58,48.31,121,16.20,EMERALD+,top,2026-10-09T10:04Z
Wukong,Renekton,57.41,8.37,5.24,49.04,108,16.20,EMERALD+,top,2026-10-09T10:04Z
Wukong,Irelia,58.82,10.4,7.27,48.42,102,16.20,EMERALD+,top,2026-10-09T10:04Z
Wukong,Camille,59.82,12.06,8.93,47.76,112,16.20,EMERALD+,top,2026-10-09T10:04Z
Yasuo,Singed,38.28,-8.23,-10.89,46.51,128,16.20,EMERALD+,top,2026-10-09T10:04Z
Yasuo,Camille,41.8,-5.96,-8.62,47.76,256,16.20,EMERALD+,top,2026-10-09T10:04Z
Yasuo,Tryndamere,42.92,-5.34,-8.0,48.26,219,16.20,EMERALD+,top,2026-10-09T10:04Z
Yasuo,Renekton,43.49,-5.55,-8.21,49.04,676,16.20,EMERALD+,top,2026-10-09T10:04Z
Yasuo,Garen,45.2,-2.64,-5.3,47.84,354,16.20,EMERALD+,top,2026-10-09T10:04Z
Yasuo,Pantheon,46.28,-1.37,-4.03,47.65,242,16.20,EMERALD+,top,2026-10-09T10:04Z
Yasuo,Fiora,46.44,-1.57,-4.23,48.01,323,16.20,EMERALD+,top,2026-10-09T10:04Z
Yasuo,Sett,47.37,-0.04,-2.7,47.41,399,16.20,EMERALD+,top,2026-10-09T10:04Z
Yasuo,Urgot,47.59,0.81,-1.85,46.78,145,16.20,EMERALD+,top,2026-10-09T10:04Z
Yasuo,Nasus,47.7,-0.39,-3.05,48.09,369,16.20,EMERALD+,top,2026-10-09T10:04Z
Yasuo,Gangplank,48.61,0.3,-2.36,48.31,397,16.20,EMERALD+,top,2026-10-09T10:04Z
Yasuo,Ambessa,48.92,-0.98,-3.64,49.9,231,16.20,EMERALD+,top,2026-10-09T10:04Z
Yasuo,Kayle,48.94,1.62,-1.04,47.32,141,16.20,EMERALD+,top,2026-10-09T10:04Z
Yasuo,Vladimir,49.09,-0.21,-2.87,49.3,110,16.20,EMERALD+,top,2026-10-09T10:04Z
Yasuo,Cho'Gath,49.49,2.03,-0.63,47.46,196,16.20,EMERALD+,top,2026-10-09T10:04Z
Yasuo,Kennen,49.62,0.67,-1.99,48.95,131,16.20,EMERALD+,top,2026-10-09T10:04Z
Yasuo,Yone,49.64,0.97,-1.69,48.67,842,16.20,EMERALD+,top,2026-10-09T10:04Z
Yasuo,Jax,50.33,1.53,-1.13,48.8,453,16.20,EMERALD+,top,2026-10-09T10:04Z
Yasuo,Vayne,50.48,1.48,-1.18,49.0,105,16.20,EMERALD+,top,2026-10-09T10:04Z
Yasuo,Irelia,50.94,2.52,-0.14,48.42,371,16.20,EMERALD+,top,2026-10-09T10:04Z
Yasuo,Akali,51.15,2.42,-0.24,48.73,262,16.20,EMERALD+,top,2026-10-09T10:04Z
Yasuo,Dr. Mundo,51.23,3.31,0.65,47.92,162,16.20,EMERALD+,top,2026-10-09T10:04Z
Yasuo,Tahm Kench,51.8,3.52,0.86,48.28,139,16.20,EMERALD+,top,2026-10-09T10:04Z
Yasuo,Darius,52.06,3.38,0.72,48.68,436,16.20,EMERALD+,top,2026-10-09T10:04Z
Yasuo,Malphite,52.24,5.96,3.3,46.28,536,16.20,EMERALD+,top,2026-10-09T10:04Z
Yasuo,Volibear,52.6,2.62,-0.04,49.98,289,16.20,EMERALD+,top,2026-10-09T10:04Z
Yasuo,Olaf,52.67,4.35,1.69,48.32,131,16.20,EMERALD+,top,2026-10-09T10:04Z
Yasuo,Ornn,52.88,6.23,3.57,46.65,208,16.20,EMERALD+,top,2026-10-09T10:04Z
Yasuo,Teemo,53.82,6.87,4.21,46.95,353,16.20,EMERALD+,top,2026-10-09T10:04Z
Yasuo,Jayce,53.96,3.22,0.56,50.74,493,16.20,EMERALD+,top,2026-10-09T10:04Z
Yasuo,Sion,54.3,5.72,3.06,48.58,151,16.20,EMERALD+,top,2026-10-09T10:04Z
Yasuo,Heimerdinger,54.31,5.7,3.04,48.61,116,16.20,EMERALD+,top,2026-10-09T10:04Z
Yasuo,Shen,54.5,7.17,4.51,47.33,200,16.20,EMERALD+,top,2026-10-09T10:04Z
Yasuo,Aatrox,54.52,5.57,2.91,48.95,398,16.20,EMERALD+,top,2026-10-09T10:04Z
Yasuo,Zaahen,54.82,6.27,3.61,48.55,197,16.20,EMERALD+,top,2026-10-09T10:04Z
Yasuo,Gwen,55.56,7.12,4.46,48.44,135,16.20,EMERALD+,top,2026-10-09T10:04Z
Yasuo,Riven,55.8,7.04,4.38,48.76,181,16.20,EMERALD+,top,2026-10-09T10:04Z
Yasuo,Mordekaiser,56.02,8.42,5.76,47.6,332,16.20,EMERALD+,top,2026-10-09T10:04Z
Yasuo,Gnar,56.32,6.75,4.09,49.57,261,16.20,EMERALD+,top,2026-10-09T10:04Z
Yasuo,Trundle,56.86,7.32,4.66,49.54,102,16.20,EMERALD+,top,2026-10-09T10:04Z
Yasuo,Yorick,57.0,8.11,5.45,48.89,207,16.20,EMERALD+,top,2026-10-09T10:04Z
Yasuo,Illaoi,57.04,9.11,6.45,47.93,142,16.20,EMERALD+,top,2026-10-09T10:04Z
Yasuo,Gragas,57.23,7.67,5.01,49.56,166,16.20,EMERALD+,top,2026-10-09T10:04Z
Yasuo,K'Sante,57.47,5.63,2.97,51.84,221,16.20,EMERALD+,top,2026-10-09T10:04Z
Yasuo,Varus,59.05,7.84,5.18,51.21,105,16.20,EMERALD+,top,2026-10-09T10:04Z
Yone,Anivia,39.72,-8.24,-11.03,47.96,141,16.20,EMERALD+,top,2026-10-09T10:04Z
Yone,Poppy,44.04,-4.56,-7.35,48.6,109,16.20,EMERALD+,top,2026-10-09T10:04Z
Yone,Riven,45.36,-3.4,-6.19,48.76,388,16.20,EMERALD+,top,2026-10-09T10:04Z
Yone,Zaahen,45.75,-2.8,-5.59,48.55,494,16.20,EMERALD+,top,2026-10-09T10:04Z
Yone,Warwick,46.27,-0.9,-3.69,47.17,255,16.20,EMERALD+,top,2026-10-09T10:04Z
Yone,Pantheon,46.64,-1.01,-3.8,47.65,639,16.20,EMERALD+,top,2026-10-09T10:04Z
Yone,Fiora,46.93,-1.08,-3.87,48.01,831,16.20,EMERALD+,top,2026-10-09T10:04Z
Yone,Akali,47.0,-1.73,-4.52,48.73,766,16.20,EMERALD+,top,2026-10-09T10:04Z
Yone,Olaf,47.26,-1.06,-3.85,48.32,402,16.20,EMERALD+,top,2026-10-09T10:04Z
Yone,Malphite,48.36,2.08,-0.71,46.28,1344,16.20,EMERALD+,top,2026-10-09T10:04Z
Yone,Shen,48.41,1.08,-1.71,47.33,535,16.20,EMERALD+,top,2026-10-09T10:04Z
Yone,Irelia,48.51,0.09,-2.7,48.42,870,16.20,EMERALD+,top,2026-10-09T10:04Z
Yone,Wukong,49.15,0.82,-1.97,48.33,177,16.20,EMERALD+,top,2026-10-09T10:04Z
Yone,Jax,49.32,0.52,-2.27,48.8,1328,16.20,EMERALD+,top,2026-10-09T10:04Z
Yone,Gangplank,49.47,1.16,-1.63,48.31,851,16.20,EMERALD+,top,2026-10-09T10:04Z
Yone,Jayce,49.63,-1.11,-3.9,50.74,1094,16.20,EMERALD+,top,2026-10-09T10:04Z
Yone,Zed,49.68,3.52,0.74,46.16,157,16.20,EMERALD+,top,2026-10-09T10:04Z
Yone,Singed,49.73,3.22,0.43,46.51,364,16.20,EMERALD+,top,2026-10-09T10:04Z
Yone,Kennen,49.83,0.88,-1.91,48.95,297,16.20,EMERALD+,top,2026-10-09T10:04Z
Yone,Darius,49.84,1.16,-1.63,48.68,931,16.20,EMERALD+,top,2026-10-09T10:04Z
Yone,Renekton,50.11,1.07,-1.72,49.04,1363,16.20,EMERALD+,top,2026-10-09T10:04Z
Yone,Tahm Kench,50.29,2.01,-0.78,48.28,348,16.20,EMERALD+,top,2026-10-09T10:04Z
Yone,Gragas,50.34,0.78,-2.01,49.56,435,16.20,EMERALD+,top,2026-10-09T10:04Z
Yone,Gnar,50.47,0.9,-1.89,49.57,533,16.20,EMERALD+,top,2026-10-09T10:04Z
Yone,Tryndamere,51.04,2.78,-0.01,48.26,527,16.20,EMERALD+,top,2026-10-09T10:04Z
Yone,Sett,51.07,3.66,0.87,47.41,1077,16.20,EMERALD+,top,2026-10-09T10:04Z
Yone,Ambessa,51.08,1.18,-1.61,49.9,601,16.20,EMERALD+,top,2026-10-09T10:04Z
Yone,Aatrox,51.5,2.55,-0.24,48.95,1330,16.20,EMERALD+,top,2026-10-09T10:04Z
Yone,Camille,51.55,3.79,1.0,47.76,708,16.20,EMERALD+,top,2026-10-09T10:04Z
Yone,Urgot,51.72,4.94,2.15,46.78,379,16.20,EMERALD+,top,2026-10-09T10:04Z
Yone,Cho'Gath,51.83,4.37,1.58,47.46,573,16.20,EMERALD+,top,2026-10-09T10:04Z
Yone,Garen,52.14,4.3,1.51,47.84,934,16.20,EMERALD+,top,2026-10-09T10:04Z
Yone,Quinn,52.21,5.2,2.41,47.01,113,16.20,EMERALD+,top,2026-10-09T10:04Z
Yone,Volibear,52.28,2.3,-0.49,49.98,723,16.20,EMERALD+,top,2026-10-09T10:04Z
Yone,Dr. Mundo,52.29,4.37,1.58,47.92,547,16.20,EMERALD+,top,2026-10-09T10:04Z
Yone,Master Yi,52.54,1.54,-1.25,51.0,118,16.20,EMERALD+,top,2026-10-09T10:04Z
Yone,Aurora,52.59,4.6,1.81,47.99,135,16.20,EMERALD+,top,2026-10-09T10:04Z
Yone,Ornn,52.63,5.98,3.19,46.65,627,16.20,EMERALD+,top,2026-10-09T10:04Z
Yone,Teemo,53.29,6.34,3.55,46.95,501,16.20,EMERALD+,top,2026-10-09T10:04Z
Yone,Gwen,53.32,4.88,2.09,48.44,377,16.20,EMERALD+,top,2026-10-09T10:04Z
Yone,Vayne,53.71,4.71,1.92,49.0,175,16.20,EMERALD+,top,2026-10-09T10:04Z
Yone,Illaoi,53.73,5.8,3.01,47.93,415,16.20,EMERALD+,top,2026-10-09T10:04Z
Yone,Yasuo,53.94,5.14,2.35,48.8,799,16.20,EMERALD+,top,2026-10-09T10:04Z
Yone,Vladimir,54.04,4.74,1.95,49.3,285,16.20,EMERALD+,top,2026-10-09T10:04Z
Yone,Yorick,54.13,5.24,2.45,48.89,508,16.20,EMERALD+,top,2026-10-09T10:04Z
Yone,Mordekaiser,54.33,6.73,3.94,47.6,900,16.20,EMERALD+,top,2026-10-09T10:04Z
Yone,Kayle,54.57,7.25,4.46,47.32,317,16.20,EMERALD+,top,2026-10-09T10:04Z
Yone,Nasus,54.59,6.5,3.71,48.09,850,16.20,EMERALD+,top,2026-10-09T10:04Z
Yone,Corki,54.97,1.45,-1.33,53.52,151,16.20,EMERALD+,top,2026-10-09T10:04Z
Yone,Kled,55.64,6.23,3.44,49.41,257,16.20,EMERALD+,top,2026-10-09T10:04Z
Yone,K'Sante,56.06,4.22,1.43,51.84,685,16.20,EMERALD+,top,2026-10-09T10:04Z
Yone,Sion,56.51,7.93,5.14,48.58,561,16.20,EMERALD+,top,2026-10-09T10:04Z
Yone,Trundle,56.63,7.09,4.3,49.54,249,16.20,EMERALD+,top,2026-10-09T10:04Z
Yone,Varus,57.14,5.93,3.14,51.21,119,16.20,EMERALD+,top,2026-10-09T10:04Z
Yone,Swain,58.26,9.98,7.19,48.28,115,16.20,EMERALD+,top,2026-10-09T10:04Z
Yone,Heimerdinger,58.95,10.34,7.55,48.61,190,16.20,EMERALD+,top,2026-10-09T10:04Z
Yone,Sylas,61.05,11.76,8.97,49.29,172,16.20,EMERALD+,top,2026-10-09T10:04Z
Yone,Rumble,61.65,9.79,7.0,51.86,279,16.20,EMERALD+,top,2026-10-09T10:04Z
Yorick,Gwen,41.4,-7.04,-9.61,48.44,157,16.20,EMERALD+,top,2026-10-09T10:04Z
Yorick,Fiora,43.36,-4.65,-7.22,48.01,256,16.20,EMERALD+,top,2026-10-09T10:04Z
Yorick,Sion,45.05,-3.53,-6.1,48.58,182,16.20,EMERALD+,top,2026-10-09T10:04Z
Yorick,Singed,46.79,0.28,-2.29,46.51,156,16.20,EMERALD+,top,2026-10-09T10:04Z
Yorick,Volibear,46.91,-3.07,-5.64,49.98,275,16.20,EMERALD+,top,2026-10-09T10:04Z
Yorick,Yasuo,47.12,-1.68,-4.25,48.8,191,16.20,EMERALD+,top,2026-10-09T10:04Z
Yorick,Renekton,47.22,-1.82,-4.39,49.04,324,16.20,EMERALD+,top,2026-10-09T10:04Z
Yorick,Jax,47.48,-1.32,-3.89,48.8,318,16.20,EMERALD+,top,2026-10-09T10:04Z
Yorick,Tryndamere,47.67,-0.59,-3.16,48.26,193,16.20,EMERALD+,top,2026-10-09T10:04Z
Yorick,Olaf,47.75,-0.57,-3.14,48.32,111,16.20,EMERALD+,top,2026-10-09T10:04Z
Yorick,Irelia,48.06,-0.36,-2.93,48.42,310,16.20,EMERALD+,top,2026-10-09T10:04Z
Yorick,Yone,48.23,-0.44,-3.01,48.67,508,16.20,EMERALD+,top,2026-10-09T10:04Z
Yorick,Shen,48.33,1.0,-1.57,47.33,209,16.20,EMERALD+,top,2026-10-09T10:04Z
Yorick,Ornn,48.74,2.09,-0.48,46.65,199,16.20,EMERALD+,top,2026-10-09T10:04Z
Yorick,Nasus,49.03,0.94,-1.63,48.09,308,16.20,EMERALD+,top,2026-10-09T10:04Z
Yorick,Illaoi,49.21,1.28,-1.29,47.93,191,16.20,EMERALD+,top,2026-10-09T10:04Z
Yorick,Pantheon,49.71,2.06,-0.51,47.65,173,16.20,EMERALD+,top,2026-10-09T10:04Z
Yorick,Ambessa,50.0,0.1,-2.47,49.9,160,16.20,EMERALD+,top,2026-10-09T10:04Z
Yorick,Gangplank,50.15,1.84,-0.73,48.31,335,16.20,EMERALD+,top,2026-10-09T10:04Z
Yorick,Zaahen,50.37,1.82,-0.75,48.55,135,16.20,EMERALD+,top,2026-10-09T10:04Z
Yorick,Sett,50.64,3.23,0.66,47.41,312,16.20,EMERALD+,top,2026-10-09T10:04Z
Yorick,Jayce,51.27,0.53,-2.04,50.74,433,16.20,EMERALD+,top,2026-10-09T10:04Z
Yorick,Malphite,51.72,5.44,2.87,46.28,290,16.20,EMERALD+,top,2026-10-09T10:04Z
Yorick,Akali,51.89,3.16,0.59,48.73,106,16.20,EMERALD+,top,2026-10-09T10:04Z
Yorick,Aatrox,52.35,3.4,0.83,48.95,298,16.20,EMERALD+,top,2026-10-09T10:04Z
Yorick,Kennen,52.5,3.55,0.98,48.95,120,16.20,EMERALD+,top,2026-10-09T10:04Z
Yorick,Trundle,53.33,3.79,1.22,49.54,105,16.20,EMERALD+,top,2026-10-09T10:04Z
Yorick,Darius,53.41,4.73,2.16,48.68,337,16.20,EMERALD+,top,2026-10-09T10:04Z
Yorick,Urgot,53.74,6.96,4.39,46.78,147,16.20,EMERALD+,top,2026-10-09T10:04Z
Yorick,Gnar,54.17,4.6,2.03,49.57,192,16.20,EMERALD+,top,2026-10-09T10:04Z
Yorick,Dr. Mundo,54.55,6.63,4.06,47.92,143,16.20,EMERALD+,top,2026-10-09T10:04Z
Yorick,Cho'Gath,54.74,7.28,4.71,47.46,274,16.20,EMERALD+,top,2026-10-09T10:04Z
Yorick,Garen,55.0,7.16,4.59,47.84,300,16.20,EMERALD+,top,2026-10-09T10:04Z
Yorick,Camille,55.11,7.35,4.78,47.76,176,16.20,EMERALD+,top,2026-10-09T10:04Z
Yorick,K'Sante,55.78,3.94,1.37,51.84,199,16.20,EMERALD+,top,2026-10-09T10:04Z
Yorick,Mordekaiser,56.1,8.5,5.93,47.6,385,16.20,EMERALD+,top,2026-10-09T10:04Z
Yorick,Tahm Kench,57.52,9.24,6.67,48.28,113,16.20,EMERALD+,top,2026-10-09T10:04Z
Yorick,Teemo,58.85,11.9,9.33,46.95,260,16.20,EMERALD+,top,2026-10-09T10:04Z
Yorick,Gragas,59.7,10.14,7.57,49.56,134,16.20,EMERALD+,top,2026-10-09T10:04Z
Zaahen,Dr. Mundo,42.07,-5.85,-8.76,47.92,145,16.20,EMERALD+,top,2026-10-09T10:04Z
Zaahen,Singed,44.2,-2.31,-5.22,46.51,138,16.20,EMERALD+,top,2026-10-09T10:04Z
Zaahen,Sion,45.58,-3.0,-5.91,48.58,147,16.20,EMERALD+,top,2026-10-09T10:04Z
Zaahen,Illaoi,45.83,-2.1,-5.01,47.93,144,16.20,EMERALD+,top,2026-10-09T10:04Z
Zaahen,Gwen,46.03,-2.41,-5.32,48.44,126,16.20,EMERALD+,top,2026-10-09T10:04Z
Zaahen,Kayle,46.53,-0.79,-3.7,47.32,101,16.20,EMERALD+,top,2026-10-09T10:04Z
Zaahen,Olaf,46.67,-1.65,-4.56,48.32,135,16.20,EMERALD+,top,2026-10-09T10:04Z
Zaahen,Cho'Gath,46.71,-0.75,-3.66,47.46,152,16.20,EMERALD+,top,2026-10-09T10:04Z
Zaahen,Ornn,47.32,0.67,-2.24,46.65,205,16.20,EMERALD+,top,2026-10-09T10:04Z
Zaahen,Gnar,47.44,-2.13,-5.04,49.57,156,16.20,EMERALD+,top,2026-10-09T10:04Z
Zaahen,Urgot,48.41,1.63,-1.28,46.78,126,16.20,EMERALD+,top,2026-10-09T10:04Z
Zaahen,Volibear,48.59,-1.39,-4.3,49.98,284,16.20,EMERALD+,top,2026-10-09T10:04Z
Zaahen,Malphite,48.66,2.38,-0.53,46.28,298,16.20,EMERALD+,top,2026-10-09T10:04Z
Zaahen,Yasuo,48.73,-0.07,-2.98,48.8,197,16.20,EMERALD+,top,2026-10-09T10:04Z
Zaahen,Mordekaiser,48.81,1.21,-1.7,47.6,295,16.20,EMERALD+,top,2026-10-09T10:04Z
Zaahen,Kled,49.21,-0.2,-3.11,49.41,126,16.20,EMERALD+,top,2026-10-09T10:04Z
Zaahen,Aatrox,49.39,0.44,-2.47,48.95,330,16.20,EMERALD+,top,2026-10-09T10:04Z
Zaahen,Yorick,49.63,0.74,-2.17,48.89,135,16.20,EMERALD+,top,2026-10-09T10:04Z
Zaahen,Darius,49.7,1.02,-1.89,48.68,334,16.20,EMERALD+,top,2026-10-09T10:04Z
Zaahen,Teemo,49.77,2.82,-0.09,46.95,213,16.20,EMERALD+,top,2026-10-09T10:04Z
Zaahen,Pantheon,50.87,3.22,0.31,47.65,173,16.20,EMERALD+,top,2026-10-09T10:04Z
Zaahen,Camille,51.6,3.84,0.93,47.76,250,16.20,EMERALD+,top,2026-10-09T10:04Z
Zaahen,Tryndamere,51.79,3.53,0.62,48.26,168,16.20,EMERALD+,top,2026-10-09T10:04Z
Zaahen,Gangplank,51.88,3.57,0.66,48.31,320,16.20,EMERALD+,top,2026-10-09T10:04Z
Zaahen,Garen,52.0,4.16,1.25,47.84,325,16.20,EMERALD+,top,2026-10-09T10:04Z
Zaahen,Jax,52.31,3.51,0.6,48.8,346,16.20,EMERALD+,top,2026-10-09T10:04Z
Zaahen,Sett,52.69,5.28,2.37,47.41,372,16.20,EMERALD+,top,2026-10-09T10:04Z
Zaahen,Fiora,53.26,5.25,2.34,48.01,276,16.20,EMERALD+,top,2026-10-09T10:04Z
Zaahen,Renekton,53.8,4.76,1.85,49.04,303,16.20,EMERALD+,top,2026-10-09T10:04Z
Zaahen,Tahm Kench,54.13,5.85,2.94,48.28,109,16.20,EMERALD+,top,2026-10-09T10:04Z
Zaahen,Shen,54.46,7.13,4.22,47.33,202,16.20,EMERALD+,top,2026-10-09T10:04Z
Zaahen,Akali,54.78,6.05,3.14,48.73,115,16.20,EMERALD+,top,2026-10-09T10:04Z
Zaahen,Nasus,54.95,6.86,3.95,48.09,202,16.20,EMERALD+,top,2026-10-09T10:04Z
Zaahen,Irelia,55.51,7.09,4.18,48.42,245,16.20,EMERALD+,top,2026-10-09T10:04Z
Zaahen,Ambessa,55.94,6.04,3.13,49.9,261,16.20,EMERALD+,top,2026-10-09T10:04Z
Zaahen,Riven,56.16,7.4,4.49,48.76,146,16.20,EMERALD+,top,2026-10-09T10:04Z
Zaahen,Jayce,56.89,6.15,3.24,50.74,225,16.20,EMERALD+,top,2026-10-09T10:04Z
Zaahen,K'Sante,57.07,5.23,2.32,51.84,198,16.20,EMERALD+,top,2026-10-09T10:04Z
Zaahen,Gragas,57.14,7.58,4.67,49.56,112,16.20,EMERALD+,top,2026-10-09T10:04Z
Zaahen,Yone,57.87,9.2,6.29,48.67,508,16.20,EMERALD+,top,2026-10-09T10:04Z
