champion,opponent,wr,delta_vs_avg,delta_norm,opp_avg_wr,games,patch,tier,lane,fetched_at
Aatrox,Wukong,41.73,-4.7,-8.36,46.43,127,16.20,EMERALD+,jungle,2026-10-09T10:07Z
Aatrox,Cho'Gath,42.02,-4.7,-8.36,46.72,119,16.20,EMERALD+,jungle,2026-10-09T10:07Z
Aatrox,Sylas,44.55,-4.5,-8.16,49.05,101,16.20,EMERALD+,jungle,2026-10-09T10:07Z
Aatrox,Jarvan IV,45.71,-3.21,-6.87,48.92,105,16.20,EMERALD+,jungle,2026-10-09T10:07Z
Aatrox,Kha'Zix,49.23,0.08,-3.58,49.15,130,16.20,EMERALD+,jungle,2026-10-09T10:07Z
Aatrox,Lee Sin,50.0,0.51,-3.15,49.49,230,16.20,EMERALD+,jungle,2026-10-09T10:07Z
Aatrox,Hecarim,52.0,2.71,-0.95,49.29,100,16.20,EMERALD+,jungle,2026-10-09T10:07Z
Aatrox,Kayn,52.38,3.83,0.17,48.55,126,16.20,EMERALD+,jungle,2026-10-09T10:07Z
Aatrox,Graves,53.29,4.27,0.61,49.02,152,16.20,EMERALD+,jungle,2026-10-09T10:07Z
Aatrox,Qiyana,53.72,3.67,0.01,50.05,121,16.20,EMERALD+,jungle,2026-10-09T10:07Z
Aatrox,Master Yi,53.98,6.41,2.75,47.57,113,16.20,EMERALD+,jungle,2026-10-09T10:07Z
Aatrox,Viego,54.05,4.58,0.92,49.47,148,16.20,EMERALD+,jungle,2026-10-09T10:07Z
Ambessa,Lee Sin,44.04,-5.46,-5.18,49.5,193,16.20,EMERALD+,jungle,2026-10-09T10:07Z
Ambessa,Wukong,46.79,0.35,0.62,46.44,109,16.20,EMERALD+,jungle,2026-10-09T10:07Z
Ambessa,Viego,51.33,1.9,2.18,49.43,113,16.20,EMERALD+,jungle,2026-10-09T10:07Z
Ambessa,Graves,55.56,6.54,6.82,49.02,117,16.20,EMERALD+,jungle,2026-10-09T10:07Z
Amumu,Bel'Veth,44.25,-3.25,-6.32,47.5,113,16.20,EMERALD+,jungle,2026-10-09T10:07Z
Amumu,Lillia,45.5,-1.77,-4.84,47.27,222,16.20,EMERALD+,jungle,2026-10-09T10:07Z
Amumu,Talon,47.26,-1.12,-4.19,48.38,201,16.20,EMERALD+,jungle,2026-10-09T10:07Z
Amumu,Sylas,47.95,-1.05,-4.12,49.0,292,16.20,EMERALD+,jungle,2026-10-09T10:07Z
Amumu,Wukong,48.42,1.98,-1.09,46.44,285,16.20,EMERALD+,jungle,2026-10-09T10:07Z
Amumu,Hecarim,49.23,-0.0,-3.07,49.23,195,16.20,EMERALD+,jungle,2026-10-09T10:07Z
Amumu,Master Yi,49.81,2.28,-0.79,47.53,263,16.20,EMERALD+,jungle,2026-10-09T10:07Z
Amumu,Cho'Gath,49.82,3.09,0.02,46.73,279,16.20,EMERALD+,jungle,2026-10-09T10:07Z
Amumu,Kha'Zix,50.24,1.12,-1.95,49.12,207,16.20,EMERALD+,jungle,2026-10-09T10:07Z
Amumu,Shaco,50.29,3.1,0.03,47.19,175,16.20,EMERALD+,jungle,2026-10-09T10:07Z
Amumu,Nocturne,51.15,2.03,-1.04,49.12,131,16.20,EMERALD+,jungle,2026-10-09T10:07Z
Amumu,Ekko,51.41,3.2,0.13,48.21,177,16.20,EMERALD+,jungle,2026-10-09T10:07Z
Amumu,Diana,51.88,3.6,0.53,48.28,160,16.20,EMERALD+,jungle,2026-10-09T10:07Z
Amumu,Jarvan IV,52.02,3.14,0.07,48.88,173,16.20,EMERALD+,jungle,2026-10-09T10:07Z
Amumu,Rengar,52.29,1.46,-1.61,50.83,109,16.20,EMERALD+,jungle,2026-10-09T10:07Z
Amumu,Viego,53.9,4.47,1.4,49.43,282,16.20,EMERALD+,jungle,2026-10-09T10:07Z
Amumu,Briar,54.55,6.63,3.56,47.92,154,16.20,EMERALD+,jungle,2026-10-09T10:07Z
Amumu,Kayn,54.67,6.15,3.08,48.52,300,16.20,EMERALD+,jungle,2026-10-09T10:07Z
Amumu,Lee Sin,55.06,5.56,2.49,49.5,405,16.20,EMERALD+,jungle,2026-10-09T10:07Z
Amumu,Qiyana,55.34,5.29,2.22,50.05,253,16.20,EMERALD+,jungle,2026-10-09T10:07Z
Amumu,Shyvana,55.78,8.7,5.63,47.08,199,16.20,EMERALD+,jungle,2026-10-09T10:07Z
Amumu,Graves,57.04,8.02,4.95,49.02,270,16.20,EMERALD+,jungle,2026-10-09T10:07Z
Amumu,Vi,58.74,8.67,5.6,50.07,143,16.20,EMERALD+,jungle,2026-10-09T10:07Z
Amumu,Warwick,62.07,15.58,12.51,46.49,116,16.20,EMERALD+,jungle,2026-10-09T10:07Z
Bel'Veth,Fiddlesticks,43.33,-4.43,-8.39,47.76,120,16.20,EMERALD+,jungle,2026-10-09T10:07Z
Bel'Veth,Ekko,46.67,-1.54,-5.5,48.21,195,16.20,EMERALD+,jungle,2026-10-09T10:07Z
Bel'Veth,Warwick,46.67,0.18,-3.78,46.49,135,16.20,EMERALD+,jungle,2026-10-09T10:07Z
Bel'Veth,Diana,47.15,-1.13,-5.09,48.28,193,16.20,EMERALD+,jungle,2026-10-09T10:07Z
Bel'Veth,Rek'Sai,47.57,1.01,-2.95,46.56,103,16.20,EMERALD+,jungle,2026-10-09T10:07Z
Bel'Veth,Shaco,47.77,0.58,-3.38,47.19,224,16.20,EMERALD+,jungle,2026-10-09T10:07Z
Bel'Veth,Rammus,47.83,2.63,-1.32,45.2,115,16.20,EMERALD+,jungle,2026-10-09T10:07Z
Bel'Veth,Shyvana,48.98,1.9,-2.06,47.08,245,16.20,EMERALD+,jungle,2026-10-09T10:07Z
Bel'Veth,Master Yi,49.06,1.53,-2.43,47.53,318,16.20,EMERALD+,jungle,2026-10-09T10:07Z
Bel'Veth,Sejuani,49.06,2.32,-1.64,46.74,106,16.20,EMERALD+,jungle,2026-10-09T10:07Z
Bel'Veth,Elise,49.06,1.38,-2.58,47.68,159,16.20,EMERALD+,jungle,2026-10-09T10:07Z
Bel'Veth,Nidalee,50.0,1.79,-2.17,48.21,130,16.20,EMERALD+,jungle,2026-10-09T10:07Z
Bel'Veth,Vi,50.0,-0.07,-4.03,50.07,138,16.20,EMERALD+,jungle,2026-10-09T10:07Z
Bel'Veth,Kindred,50.78,1.22,-2.74,49.56,193,16.20,EMERALD+,jungle,2026-10-09T10:07Z
Bel'Veth,Qiyana,50.92,0.87,-3.09,50.05,326,16.20,EMERALD+,jungle,2026-10-09T10:07Z
Bel'Veth,Lee Sin,51.76,2.26,-1.7,49.5,512,16.20,EMERALD+,jungle,2026-10-09T10:07Z
Bel'Veth,Jarvan IV,52.05,3.17,-0.79,48.88,244,16.20,EMERALD+,jungle,2026-10-09T10:07Z
Bel'Veth,Lillia,52.1,4.83,0.87,47.27,309,16.20,EMERALD+,jungle,2026-10-09T10:07Z
Bel'Veth,Briar,52.23,4.31,0.35,47.92,247,16.20,EMERALD+,jungle,2026-10-09T10:07Z
Bel'Veth,Evelynn,53.15,6.01,2.05,47.14,111,16.20,EMERALD+,jungle,2026-10-09T10:07Z
Bel'Veth,Rengar,53.37,2.54,-1.42,50.83,163,16.20,EMERALD+,jungle,2026-10-09T10:07Z
Bel'Veth,Wukong,53.37,6.93,2.97,46.44,371,16.20,EMERALD+,jungle,2026-10-09T10:07Z
Bel'Veth,Zac,53.42,6.31,2.35,47.11,146,16.20,EMERALD+,jungle,2026-10-09T10:07Z
Bel'Veth,Kayn,53.45,4.93,0.97,48.52,391,16.20,EMERALD+,jungle,2026-10-09T10:07Z
Bel'Veth,Sylas,53.93,4.93,0.97,49.0,267,16.20,EMERALD+,jungle,2026-10-09T10:07Z
Bel'Veth,Viego,54.61,5.18,1.22,49.43,456,16.20,EMERALD+,jungle,2026-10-09T10:07Z
Bel'Veth,Hecarim,54.64,5.41,1.45,49.23,302,16.20,EMERALD+,jungle,2026-10-09T10:07Z
Bel'Veth,Graves,55.26,6.24,2.28,49.02,380,16.20,EMERALD+,jungle,2026-10-09T10:07Z
Bel'Veth,Zed,55.34,4.59,0.63,50.75,103,16.20,EMERALD+,jungle,2026-10-09T10:07Z
Bel'Veth,Nocturne,56.25,7.13,3.17,49.12,192,16.20,EMERALD+,jungle,2026-10-09T10:07Z
Bel'Veth,Cho'Gath,56.31,9.58,5.62,46.73,293,16.20,EMERALD+,jungle,2026-10-09T10:07Z
Bel'Veth,Naafiri,56.36,6.84,2.88,49.52,110,16.20,EMERALD+,jungle,2026-10-09T10:07Z
Bel'Veth,Kha'Zix,56.71,7.59,3.63,49.12,328,16.20,EMERALD+,jungle,2026-10-09T10:07Z
Bel'Veth,Amumu,57.14,8.75,4.79,48.39,112,16.20,EMERALD+,jungle,2026-10-09T10:07Z
Bel'Veth,Talon,58.3,9.92,5.96,48.38,283,16.20,EMERALD+,jungle,2026-10-09T10:07Z
Briar,Quinn,39.02,-7.92,-11.46,46.94,123,16.20,EMERALD+,jungle,2026-10-09T10:07Z
Briar,Xin Zhao,45.39,-3.38,-6.92,48.77,152,16.20,EMERALD+,jungle,2026-10-09T10:07Z
Briar,Fiddlesticks,45.66,-2.1,-5.64,47.76,173,16.20,EMERALD+,jungle,2026-10-09T10:07Z
Briar,Cho'Gath,46.64,-0.09,-3.63,46.73,506,16.20,EMERALD+,jungle,2026-10-09T10:07Z
Briar,Jayce,47.06,-3.87,-7.41,50.93,102,16.20,EMERALD+,jungle,2026-10-09T10:07Z
Briar,Wukong,47.63,1.19,-2.35,46.44,655,16.20,EMERALD+,jungle,2026-10-09T10:07Z
Briar,Jarvan IV,48.11,-0.77,-4.31,48.88,449,16.20,EMERALD+,jungle,2026-10-09T10:07Z
Briar,Elise,48.79,1.11,-2.43,47.68,289,16.20,EMERALD+,jungle,2026-10-09T10:07Z
Briar,Karthus,49.06,-1.15,-4.69,50.21,106,16.20,EMERALD+,jungle,2026-10-09T10:07Z
Briar,Naafiri,49.79,0.27,-3.27,49.52,241,16.20,EMERALD+,jungle,2026-10-09T10:07Z
Briar,Graves,50.0,0.98,-2.56,49.02,636,16.20,EMERALD+,jungle,2026-10-09T10:07Z
Briar,Lillia,50.12,2.85,-0.69,47.27,423,16.20,EMERALD+,jungle,2026-10-09T10:07Z
Briar,Bel'Veth,50.85,3.35,-0.19,47.5,234,16.20,EMERALD+,jungle,2026-10-09T10:07Z
Briar,Rammus,51.32,6.12,2.59,45.2,228,16.20,EMERALD+,jungle,2026-10-09T10:07Z
Briar,Sejuani,51.69,4.95,1.41,46.74,178,16.20,EMERALD+,jungle,2026-10-09T10:07Z
Briar,Talon,51.72,3.34,-0.2,48.38,437,16.20,EMERALD+,jungle,2026-10-09T10:07Z
Briar,Kindred,51.86,2.3,-1.24,49.56,295,16.20,EMERALD+,jungle,2026-10-09T10:07Z
Briar,Evelynn,51.9,4.76,1.22,47.14,210,16.20,EMERALD+,jungle,2026-10-09T10:07Z
Briar,Master Yi,51.9,4.37,0.83,47.53,526,16.20,EMERALD+,jungle,2026-10-09T10:07Z
Briar,Nidalee,52.17,3.96,0.42,48.21,230,16.20,EMERALD+,jungle,2026-10-09T10:07Z
Briar,Nocturne,52.29,3.17,-0.37,49.12,327,16.20,EMERALD+,jungle,2026-10-09T10:07Z
Briar,Shaco,52.56,5.37,1.83,47.19,390,16.20,EMERALD+,jungle,2026-10-09T10:07Z
Briar,Ekko,52.6,4.39,0.85,48.21,327,16.20,EMERALD+,jungle,2026-10-09T10:07Z
Briar,Shyvana,52.67,5.59,2.05,47.08,393,16.20,EMERALD+,jungle,2026-10-09T10:07Z
Briar,Qiyana,52.72,2.67,-0.87,50.05,607,16.20,EMERALD+,jungle,2026-10-09T10:07Z
Briar,Hecarim,52.77,3.54,-0.0,49.23,451,16.20,EMERALD+,jungle,2026-10-09T10:07Z
Briar,Kayn,52.8,4.28,0.74,48.52,697,16.20,EMERALD+,jungle,2026-10-09T10:07Z
Briar,Jax,52.86,2.33,-1.21,50.53,140,16.20,EMERALD+,jungle,2026-10-09T10:07Z
Briar,Zac,53.17,6.06,2.52,47.11,205,16.20,EMERALD+,jungle,2026-10-09T10:07Z
Briar,Vi,53.28,3.21,-0.33,50.07,274,16.20,EMERALD+,jungle,2026-10-09T10:07Z
Briar,Zed,53.44,2.69,-0.85,50.75,189,16.20,EMERALD+,jungle,2026-10-09T10:07Z
Briar,Amumu,53.55,5.16,1.62,48.39,155,16.20,EMERALD+,jungle,2026-10-09T10:07Z
Briar,Kha'Zix,54.02,4.9,1.36,49.12,572,16.20,EMERALD+,jungle,2026-10-09T10:07Z
Briar,Viego,54.15,4.72,1.18,49.43,663,16.20,EMERALD+,jungle,2026-10-09T10:07Z
Briar,Lee Sin,54.24,4.74,1.2,49.5,909,16.20,EMERALD+,jungle,2026-10-09T10:07Z
Briar,Warwick,54.97,8.48,4.94,46.49,342,16.20,EMERALD+,jungle,2026-10-09T10:07Z
Briar,Udyr,55.0,6.79,3.25,48.21,180,16.20,EMERALD+,jungle,2026-10-09T10:07Z
Briar,Rengar,55.45,4.62,1.08,50.83,321,16.20,EMERALD+,jungle,2026-10-09T10:07Z
Briar,Diana,56.21,7.93,4.39,48.28,306,16.20,EMERALD+,jungle,2026-10-09T10:07Z
Briar,Sylas,57.55,8.55,5.01,49.0,490,16.20,EMERALD+,jungle,2026-10-09T10:07Z
Briar,Nunu & Willump,61.43,12.04,8.5,49.39,140,16.20,EMERALD+,jungle,2026-10-09T10:07Z
Cho'Gath,Ivern,40.16,-6.34,-11.07,46.5,122,16.20,EMERALD+,jungle,2026-10-09T10:07Z
Cho'Gath,Rek'Sai,47.02,0.46,-4.27,46.56,151,16.20,EMERALD+,jungle,2026-10-09T10:07Z
Cho'Gath,Zac,47.33,0.22,-4.51,47.11,374,16.20,EMERALD+,jungle,2026-10-09T10:07Z
Cho'Gath,Nidalee,47.99,-0.22,-4.95,48.21,298,16.20,EMERALD+,jungle,2026-10-09T10:07Z
Cho'Gath,Skarner,49.26,1.44,-3.29,47.82,136,16.20,EMERALD+,jungle,2026-10-09T10:07Z
Cho'Gath,Fiddlesticks,49.28,1.52,-3.21,47.76,276,16.20,EMERALD+,jungle,2026-10-09T10:07Z
Cho'Gath,Bel'Veth,49.48,1.98,-2.75,47.5,287,16.20,EMERALD+,jungle,2026-10-09T10:07Z
Cho'Gath,Gwen,50.0,1.6,-3.13,48.4,172,16.20,EMERALD+,jungle,2026-10-09T10:07Z
Cho'Gath,Lillia,50.13,2.86,-1.87,47.27,798,16.20,EMERALD+,jungle,2026-10-09T10:07Z
Cho'Gath,Evelynn,50.62,3.48,-1.25,47.14,241,16.20,EMERALD+,jungle,2026-10-09T10:07Z
Cho'Gath,Wukong,50.99,4.55,-0.18,46.44,963,16.20,EMERALD+,jungle,2026-10-09T10:07Z
Cho'Gath,Talon,51.44,3.06,-1.67,48.38,696,16.20,EMERALD+,jungle,2026-10-09T10:07Z
Cho'Gath,Zed,51.57,0.82,-3.91,50.75,287,16.20,EMERALD+,jungle,2026-10-09T10:07Z
Cho'Gath,Quinn,51.72,4.78,0.05,46.94,116,16.20,EMERALD+,jungle,2026-10-09T10:07Z
Cho'Gath,Kayn,51.86,3.34,-1.39,48.52,1024,16.20,EMERALD+,jungle,2026-10-09T10:07Z
Cho'Gath,Zyra,52.0,5.31,0.58,46.69,125,16.20,EMERALD+,jungle,2026-10-09T10:07Z
Cho'Gath,Volibear,52.05,3.55,-1.18,48.5,146,16.20,EMERALD+,jungle,2026-10-09T10:07Z
Cho'Gath,Graves,52.09,3.07,-1.66,49.02,1027,16.20,EMERALD+,jungle,2026-10-09T10:07Z
Cho'Gath,Ekko,52.18,3.97,-0.76,48.21,504,16.20,EMERALD+,jungle,2026-10-09T10:07Z
Cho'Gath,Shyvana,52.28,5.2,0.47,47.08,570,16.20,EMERALD+,jungle,2026-10-09T10:07Z
Cho'Gath,Sejuani,52.3,5.56,0.83,46.74,304,16.20,EMERALD+,jungle,2026-10-09T10:07Z
Cho'Gath,Naafiri,52.38,2.86,-1.87,49.52,315,16.20,EMERALD+,jungle,2026-10-09T10:07Z
Cho'Gath,Amumu,52.43,4.04,-0.69,48.39,288,16.20,EMERALD+,jungle,2026-10-09T10:07Z
Cho'Gath,Udyr,52.46,4.25,-0.48,48.21,244,16.20,EMERALD+,jungle,2026-10-09T10:07Z
Cho'Gath,Jayce,52.54,1.61,-3.11,50.93,177,16.20,EMERALD+,jungle,2026-10-09T10:07Z
Cho'Gath,Lee Sin,52.7,3.2,-1.53,49.5,1554,16.20,EMERALD+,jungle,2026-10-09T10:07Z
Cho'Gath,Rammus,52.71,7.51,2.79,45.2,258,16.20,EMERALD+,jungle,2026-10-09T10:07Z
Cho'Gath,Shaco,53.23,6.04,1.31,47.19,558,16.20,EMERALD+,jungle,2026-10-09T10:07Z
Cho'Gath,Diana,53.85,5.57,0.84,48.28,507,16.20,EMERALD+,jungle,2026-10-09T10:07Z
Cho'Gath,Jarvan IV,53.96,5.08,0.35,48.88,656,16.20,EMERALD+,jungle,2026-10-09T10:07Z
Cho'Gath,Sylas,54.17,5.17,0.44,49.0,1104,16.20,EMERALD+,jungle,2026-10-09T10:07Z
Cho'Gath,Xin Zhao,54.24,5.47,0.74,48.77,177,16.20,EMERALD+,jungle,2026-10-09T10:07Z
Cho'Gath,Hecarim,54.27,5.04,0.31,49.23,715,16.20,EMERALD+,jungle,2026-10-09T10:07Z
Cho'Gath,Viego,54.46,5.03,0.3,49.43,1032,16.20,EMERALD+,jungle,2026-10-09T10:07Z
Cho'Gath,Rengar,54.49,3.66,-1.07,50.83,479,16.20,EMERALD+,jungle,2026-10-09T10:07Z
Cho'Gath,Elise,54.55,6.87,2.14,47.68,385,16.20,EMERALD+,jungle,2026-10-09T10:07Z
Cho'Gath,Kha'Zix,54.67,5.55,0.82,49.12,878,16.20,EMERALD+,jungle,2026-10-09T10:07Z
Cho'Gath,Master Yi,54.95,7.42,2.69,47.53,848,16.20,EMERALD+,jungle,2026-10-09T10:07Z
Cho'Gath,Nunu & Willump,54.98,5.59,0.86,49.39,211,16.20,EMERALD+,jungle,2026-10-09T10:07Z
Cho'Gath,Qiyana,55.23,5.18,0.45,50.05,831,16.20,EMERALD+,jungle,2026-10-09T10:07Z
Cho'Gath,Warwick,55.56,9.07,4.34,46.49,360,16.20,EMERALD+,jungle,2026-10-09T10:07Z
Cho'Gath,Kindred,55.96,6.4,1.67,49.56,436,16.20,EMERALD+,jungle,2026-10-09T10:07Z
Cho'Gath,Karthus,56.93,6.72,1.99,50.21,137,16.20,EMERALD+,jungle,2026-10-09T10:07Z
Cho'Gath,Vi,57.05,6.98,2.25,50.07,440,16.20,EMERALD+,jungle,2026-10-09T10:07Z
Cho'Gath,Nocturne,58.28,9.16,4.43,49.12,489,16.20,EMERALD+,jungle,2026-10-09T10:07Z
Cho'Gath,Briar,58.38,10.46,5.73,47.92,507,16.20,EMERALD+,jungle,2026-10-09T10:07Z
Cho'Gath,Trundle,58.94,9.69,4.96,49.25,151,16.20,EMERALD+,jungle,2026-10-09T10:07Z
Cho'Gath,Aatrox,59.82,11.94,7.21,47.88,112,16.20,EMERALD+,jungle,2026-10-09T10:07Z
Cho'Gath,Jax,60.4,9.87,5.14,50.53,101,16.20,EMERALD+,jungle,2026-10-09T10:07Z
Cho'Gath,Malphite,61.0,11.61,6.88,49.39,100,16.20,EMERALD+,jungle,2026-10-09T10:07Z
Diana,Nunu & Willump,43.15,-6.24,-9.42,49.39,146,16.20,EMERALD+,jungle,2026-10-09T10:07Z
Diana,Xin Zhao,44.91,-3.86,-7.04,48.77,167,16.20,EMERALD+,jungle,2026-10-09T10:07Z
Diana,Warwick,45.85,-0.64,-3.82,46.49,229,16.20,EMERALD+,jungle,2026-10-09T10:07Z
Diana,Shyvana,47.74,0.66,-2.52,47.08,354,16.20,EMERALD+,jungle,2026-10-09T10:07Z
Diana,Lillia,48.04,0.77,-2.41,47.27,485,16.20,EMERALD+,jungle,2026-10-09T10:07Z
Diana,Udyr,48.13,-0.08,-3.26,48.21,160,16.20,EMERALD+,jungle,2026-10-09T10:07Z
Diana,Viego,49.13,-0.3,-3.48,49.43,692,16.20,EMERALD+,jungle,2026-10-09T10:07Z
Diana,Talon,49.25,0.87,-2.31,48.38,465,16.20,EMERALD+,jungle,2026-10-09T10:07Z
Diana,Quinn,49.55,2.61,-0.57,46.94,111,16.20,EMERALD+,jungle,2026-10-09T10:07Z
Diana,Briar,49.69,1.77,-1.41,47.92,322,16.20,EMERALD+,jungle,2026-10-09T10:07Z
Diana,Zac,49.75,2.64,-0.54,47.11,201,16.20,EMERALD+,jungle,2026-10-09T10:07Z
Diana,Sylas,49.92,0.92,-2.26,49.0,631,16.20,EMERALD+,jungle,2026-10-09T10:07Z
Diana,Wukong,50.38,3.94,0.76,46.44,653,16.20,EMERALD+,jungle,2026-10-09T10:07Z
Diana,Cho'Gath,50.41,3.68,0.5,46.73,486,16.20,EMERALD+,jungle,2026-10-09T10:07Z
Diana,Rammus,50.81,5.61,2.44,45.2,124,16.20,EMERALD+,jungle,2026-10-09T10:07Z
Diana,Kindred,50.83,1.27,-1.91,49.56,240,16.20,EMERALD+,jungle,2026-10-09T10:07Z
Diana,Kayn,51.2,2.68,-0.5,48.52,627,16.20,EMERALD+,jungle,2026-10-09T10:07Z
Diana,Qiyana,51.43,1.38,-1.8,50.05,630,16.20,EMERALD+,jungle,2026-10-09T10:07Z
Diana,Kha'Zix,51.59,2.47,-0.71,49.12,535,16.20,EMERALD+,jungle,2026-10-09T10:07Z
Diana,Shaco,51.85,4.66,1.48,47.19,378,16.20,EMERALD+,jungle,2026-10-09T10:07Z
Diana,Fiddlesticks,52.17,4.41,1.23,47.76,184,16.20,EMERALD+,jungle,2026-10-09T10:07Z
Diana,Ekko,52.25,4.04,0.86,48.21,333,16.20,EMERALD+,jungle,2026-10-09T10:07Z
Diana,Lee Sin,52.34,2.84,-0.34,49.5,982,16.20,EMERALD+,jungle,2026-10-09T10:07Z
Diana,Sejuani,52.35,5.61,2.43,46.74,170,16.20,EMERALD+,jungle,2026-10-09T10:07Z
Diana,Jarvan IV,52.43,3.55,0.37,48.88,452,16.20,EMERALD+,jungle,2026-10-09T10:07Z
Diana,Hecarim,52.53,3.3,0.12,49.23,495,16.20,EMERALD+,jungle,2026-10-09T10:07Z
Diana,Nocturne,52.86,3.74,0.56,49.12,280,16.20,EMERALD+,jungle,2026-10-09T10:07Z
Diana,Master Yi,53.0,5.47,2.29,47.53,466,16.20,EMERALD+,jungle,2026-10-09T10:07Z
Diana,Vi,53.05,2.98,-0.2,50.07,279,16.20,EMERALD+,jungle,2026-10-09T10:07Z
Diana,Jayce,53.33,2.4,-0.78,50.93,105,16.20,EMERALD+,jungle,2026-10-09T10:07Z
Diana,Zed,54.55,3.8,0.62,50.75,220,16.20,EMERALD+,jungle,2026-10-09T10:07Z
Diana,Evelynn,54.86,7.72,4.54,47.14,175,16.20,EMERALD+,jungle,2026-10-09T10:07Z
Diana,Rengar,55.48,4.65,1.47,50.83,283,16.20,EMERALD+,jungle,2026-10-09T10:07Z
Diana,Nidalee,55.51,7.3,4.12,48.21,254,16.20,EMERALD+,jungle,2026-10-09T10:07Z
Diana,Amumu,55.63,7.24,4.06,48.39,151,16.20,EMERALD+,jungle,2026-10-09T10:07Z
Diana,Elise,56.25,8.57,5.39,47.68,288,16.20,EMERALD+,jungle,2026-10-09T10:07Z
Diana,Bel'Veth,56.38,8.88,5.7,47.5,188,16.20,EMERALD+,jungle,2026-10-09T10:07Z
Diana,Graves,57.33,8.31,5.13,49.02,703,16.20,EMERALD+,jungle,2026-10-09T10:07Z
Diana,Naafiri,62.45,12.93,9.75,49.52,229,16.20,EMERALD+,jungle,2026-10-09T10:07Z
Ekko,Jayce,46.36,-4.57,-7.82,50.93,110,16.20,EMERALD+,jungle,2026-10-09T10:07Z
Ekko,Nidalee,47.66,-0.55,-3.8,48.21,235,16.20,EMERALD+,jungle,2026-10-09T10:07Z
Ekko,Udyr,48.15,-0.06,-3.31,48.21,162,16.20,EMERALD+,jungle,2026-10-09T10:07Z
Ekko,Evelynn,48.28,1.14,-2.11,47.14,203,16.20,EMERALD+,jungle,2026-10-09T10:07Z
Ekko,Zed,48.56,-2.19,-5.44,50.75,208,16.20,EMERALD+,jungle,2026-10-09T10:07Z
Ekko,Xin Zhao,48.68,-0.09,-3.34,48.77,152,16.20,EMERALD+,jungle,2026-10-09T10:07Z
Ekko,Vi,48.72,-1.35,-4.6,50.07,312,16.20,EMERALD+,jungle,2026-10-09T10:07Z
Ekko,Talon,48.87,0.49,-2.76,48.38,532,16.20,EMERALD+,jungle,2026-10-09T10:07Z
Ekko,Kayn,49.09,0.57,-2.68,48.52,768,16.20,EMERALD+,jungle,2026-10-09T10:07Z
Ekko,Qiyana,49.1,-0.95,-4.2,50.05,666,16.20,EMERALD+,jungle,2026-10-09T10:07Z
Ekko,Kha'Zix,49.32,0.2,-3.05,49.12,665,16.20,EMERALD+,jungle,2026-10-09T10:07Z
Ekko,Zac,49.34,2.23,-1.02,47.11,227,16.20,EMERALD+,jungle,2026-10-09T10:07Z
Ekko,Shyvana,49.4,2.32,-0.93,47.08,334,16.20,EMERALD+,jungle,2026-10-09T10:07Z
Ekko,Master Yi,50.19,2.66,-0.59,47.53,534,16.20,EMERALD+,jungle,2026-10-09T10:07Z
Ekko,Nunu & Willump,50.31,0.92,-2.33,49.39,161,16.20,EMERALD+,jungle,2026-10-09T10:07Z
Ekko,Rammus,50.36,5.16,1.92,45.2,137,16.20,EMERALD+,jungle,2026-10-09T10:07Z
Ekko,Rek'Sai,50.38,3.82,0.57,46.56,131,16.20,EMERALD+,jungle,2026-10-09T10:07Z
Ekko,Hecarim,50.56,1.33,-1.92,49.23,534,16.20,EMERALD+,jungle,2026-10-09T10:07Z
Ekko,Shaco,50.7,3.51,0.26,47.19,357,16.20,EMERALD+,jungle,2026-10-09T10:07Z
Ekko,Rengar,50.88,0.05,-3.2,50.83,342,16.20,EMERALD+,jungle,2026-10-09T10:07Z
Ekko,Viego,51.05,1.62,-1.63,49.43,713,16.20,EMERALD+,jungle,2026-10-09T10:07Z
Ekko,Briar,51.2,3.28,0.03,47.92,334,16.20,EMERALD+,jungle,2026-10-09T10:07Z
Ekko,Wukong,51.38,4.94,1.69,46.44,652,16.20,EMERALD+,jungle,2026-10-09T10:07Z
Ekko,Lillia,51.78,4.51,1.26,47.27,421,16.20,EMERALD+,jungle,2026-10-09T10:07Z
Ekko,Graves,51.79,2.77,-0.48,49.02,614,16.20,EMERALD+,jungle,2026-10-09T10:07Z
Ekko,Cho'Gath,52.34,5.61,2.36,46.73,512,16.20,EMERALD+,jungle,2026-10-09T10:07Z
Ekko,Diana,52.38,4.1,0.85,48.28,336,16.20,EMERALD+,jungle,2026-10-09T10:07Z
Ekko,Amumu,52.41,4.02,0.77,48.39,166,16.20,EMERALD+,jungle,2026-10-09T10:07Z
Ekko,Jarvan IV,52.43,3.55,0.3,48.88,473,16.20,EMERALD+,jungle,2026-10-09T10:07Z
Ekko,Lee Sin,52.44,2.94,-0.31,49.5,1005,16.20,EMERALD+,jungle,2026-10-09T10:07Z
Ekko,Sejuani,52.53,5.79,2.54,46.74,198,16.20,EMERALD+,jungle,2026-10-09T10:07Z
Ekko,Bel'Veth,52.58,5.08,1.83,47.5,194,16.20,EMERALD+,jungle,2026-10-09T10:07Z
Ekko,Fiddlesticks,53.2,5.44,2.19,47.76,203,16.20,EMERALD+,jungle,2026-10-09T10:07Z
Ekko,Elise,53.44,5.76,2.51,47.68,305,16.20,EMERALD+,jungle,2026-10-09T10:07Z
Ekko,Ivern,53.85,7.35,4.1,46.5,104,16.20,EMERALD+,jungle,2026-10-09T10:07Z
Ekko,Quinn,54.92,7.98,4.73,46.94,122,16.20,EMERALD+,jungle,2026-10-09T10:07Z
Ekko,Sylas,55.04,6.04,2.79,49.0,694,16.20,EMERALD+,jungle,2026-10-09T10:07Z
Ekko,Volibear,55.46,6.96,3.71,48.5,119,16.20,EMERALD+,jungle,2026-10-09T10:07Z
Ekko,Naafiri,56.54,7.02,3.77,49.52,237,16.20,EMERALD+,jungle,2026-10-09T10:07Z
Ekko,Warwick,56.55,10.06,6.81,46.49,290,16.20,EMERALD+,jungle,2026-10-09T10:07Z
Ekko,Kindred,57.36,7.8,4.55,49.56,258,16.20,EMERALD+,jungle,2026-10-09T10:07Z
Ekko,Nocturne,57.47,8.35,5.1,49.12,348,16.20,EMERALD+,jungle,2026-10-09T10:07Z
Ekko,Karthus,58.62,8.41,5.16,50.21,116,16.20,EMERALD+,jungle,2026-10-09T10:07Z
Elise,Rek'Sai,41.23,-5.33,-9.11,46.56,114,16.20,EMERALD+,jungle,2026-10-09T10:07Z
Elise,Cho'Gath,45.48,-1.25,-5.03,46.73,365,16.20,EMERALD+,jungle,2026-10-09T10:07Z
Elise,Diana,46.64,-1.64,-5.42,48.28,283,16.20,EMERALD+,jungle,2026-10-09T10:07Z
Elise,Qiyana,47.23,-2.82,-6.6,50.05,506,16.20,EMERALD+,jungle,2026-10-09T10:07Z
Elise,Shyvana,47.74,0.66,-3.12,47.08,266,16.20,EMERALD+,jungle,2026-10-09T10:07Z
Elise,Ekko,47.99,-0.22,-4.0,48.21,298,16.20,EMERALD+,jungle,2026-10-09T10:07Z
Elise,Talon,48.3,-0.08,-3.86,48.38,501,16.20,EMERALD+,jungle,2026-10-09T10:07Z
Elise,Zac,48.59,1.48,-2.3,47.11,177,16.20,EMERALD+,jungle,2026-10-09T10:07Z
Elise,Shaco,49.28,2.09,-1.69,47.19,278,16.20,EMERALD+,jungle,2026-10-09T10:07Z
Elise,Sejuani,49.32,2.58,-1.2,46.74,148,16.20,EMERALD+,jungle,2026-10-09T10:07Z
Elise,Nidalee,49.4,1.19,-2.59,48.21,249,16.20,EMERALD+,jungle,2026-10-09T10:07Z
Elise,Zed,49.71,-1.04,-4.82,50.75,175,16.20,EMERALD+,jungle,2026-10-09T10:07Z
Elise,Wukong,49.8,3.36,-0.42,46.44,490,16.20,EMERALD+,jungle,2026-10-09T10:07Z
Elise,Evelynn,50.0,2.86,-0.92,47.14,158,16.20,EMERALD+,jungle,2026-10-09T10:07Z
Elise,Lillia,50.66,3.39,-0.39,47.27,381,16.20,EMERALD+,jungle,2026-10-09T10:07Z
Elise,Xin Zhao,51.24,2.47,-1.31,48.77,121,16.20,EMERALD+,jungle,2026-10-09T10:07Z
Elise,Hecarim,51.59,2.36,-1.42,49.23,409,16.20,EMERALD+,jungle,2026-10-09T10:07Z
Elise,Briar,51.84,3.92,0.14,47.92,299,16.20,EMERALD+,jungle,2026-10-09T10:07Z
Elise,Rengar,51.94,1.11,-2.67,50.83,258,16.20,EMERALD+,jungle,2026-10-09T10:07Z
Elise,Graves,52.39,3.37,-0.41,49.02,502,16.20,EMERALD+,jungle,2026-10-09T10:07Z
Elise,Fiddlesticks,52.71,4.95,1.17,47.76,129,16.20,EMERALD+,jungle,2026-10-09T10:07Z
Elise,Vi,53.11,3.04,-0.74,50.07,273,16.20,EMERALD+,jungle,2026-10-09T10:07Z
Elise,Nunu & Willump,53.28,3.89,0.11,49.39,137,16.20,EMERALD+,jungle,2026-10-09T10:07Z
Elise,Warwick,53.37,6.88,3.1,46.49,208,16.20,EMERALD+,jungle,2026-10-09T10:07Z
Elise,Jayce,53.57,2.64,-1.14,50.93,140,16.20,EMERALD+,jungle,2026-10-09T10:07Z
Elise,Udyr,53.92,5.71,1.93,48.21,102,16.20,EMERALD+,jungle,2026-10-09T10:07Z
Elise,Lee Sin,53.92,4.42,0.64,49.5,1072,16.20,EMERALD+,jungle,2026-10-09T10:07Z
Elise,Bel'Veth,53.99,6.49,2.71,47.5,163,16.20,EMERALD+,jungle,2026-10-09T10:07Z
Elise,Jarvan IV,54.28,5.4,1.62,48.88,409,16.20,EMERALD+,jungle,2026-10-09T10:07Z
Elise,Kayn,54.75,6.23,2.45,48.52,453,16.20,EMERALD+,jungle,2026-10-09T10:07Z
Elise,Naafiri,54.89,5.37,1.59,49.52,184,16.20,EMERALD+,jungle,2026-10-09T10:07Z
Elise,Viego,54.98,5.55,1.77,49.43,613,16.20,EMERALD+,jungle,2026-10-09T10:07Z
Elise,Kha'Zix,55.66,6.54,2.76,49.12,557,16.20,EMERALD+,jungle,2026-10-09T10:07Z
Elise,Sylas,56.06,7.06,3.28,49.0,437,16.20,EMERALD+,jungle,2026-10-09T10:07Z
Elise,Nocturne,56.2,7.08,3.3,49.12,242,16.20,EMERALD+,jungle,2026-10-09T10:07Z
Elise,Kindred,56.88,7.32,3.54,49.56,218,16.20,EMERALD+,jungle,2026-10-09T10:07Z
Elise,Master Yi,57.4,9.87,6.09,47.53,446,16.20,EMERALD+,jungle,2026-10-09T10:07Z
Evelynn,Vi,45.81,-4.26,-8.58,50.07,203,16.20,EMERALD+,jungle,2026-10-09T10:07Z
Evelynn,Sylas,47.57,-1.43,-5.75,49.0,288,16.20,EMERALD+,jungle,2026-10-09T10:07Z
Evelynn,Warwick,48.18,1.69,-2.63,46.49,137,16.20,EMERALD+,jungle,2026-10-09T10:07Z
Evelynn,Diana,50.0,1.72,-2.6,48.28,170,16.20,EMERALD+,jungle,2026-10-09T10:07Z
Evelynn,Talon,50.52,2.14,-2.18,48.38,289,16.20,EMERALD+,jungle,2026-10-09T10:07Z
Evelynn,Bel'Veth,50.88,3.38,-0.94,47.5,114,16.20,EMERALD+,jungle,2026-10-09T10:07Z
Evelynn,Naafiri,51.22,1.7,-2.62,49.52,123,16.20,EMERALD+,jungle,2026-10-09T10:07Z
Evelynn,Kayn,51.48,2.96,-1.36,48.52,371,16.20,EMERALD+,jungle,2026-10-09T10:07Z
Evelynn,Zac,51.49,4.38,0.06,47.11,134,16.20,EMERALD+,jungle,2026-10-09T10:07Z
Evelynn,Wukong,51.99,5.55,1.23,46.44,327,16.20,EMERALD+,jungle,2026-10-09T10:07Z
Evelynn,Elise,52.08,4.4,0.08,47.68,144,16.20,EMERALD+,jungle,2026-10-09T10:07Z
Evelynn,Rengar,52.13,1.3,-3.02,50.83,188,16.20,EMERALD+,jungle,2026-10-09T10:07Z
Evelynn,Kha'Zix,52.2,3.08,-1.24,49.12,387,16.20,EMERALD+,jungle,2026-10-09T10:07Z
Evelynn,Master Yi,52.32,4.79,0.47,47.53,302,16.20,EMERALD+,jungle,2026-10-09T10:07Z
Evelynn,Nidalee,52.34,4.13,-0.19,48.21,128,16.20,EMERALD+,jungle,2026-10-09T10:07Z
Evelynn,Kindred,52.41,2.85,-1.47,49.56,145,16.20,EMERALD+,jungle,2026-10-09T10:07Z
Evelynn,Viego,52.72,3.29,-1.03,49.43,404,16.20,EMERALD+,jungle,2026-10-09T10:07Z
Evelynn,Shaco,52.81,5.62,1.3,47.19,231,16.20,EMERALD+,jungle,2026-10-09T10:07Z
Evelynn,Hecarim,52.85,3.62,-0.7,49.23,263,16.20,EMERALD+,jungle,2026-10-09T10:07Z
Evelynn,Jarvan IV,53.33,4.45,0.13,48.88,255,16.20,EMERALD+,jungle,2026-10-09T10:07Z
Evelynn,Lee Sin,53.99,4.49,0.17,49.5,476,16.20,EMERALD+,jungle,2026-10-09T10:07Z
Evelynn,Qiyana,54.1,4.05,-0.27,50.05,390,16.20,EMERALD+,jungle,2026-10-09T10:07Z
Evelynn,Cho'Gath,54.43,7.7,3.38,46.73,237,16.20,EMERALD+,jungle,2026-10-09T10:07Z
Evelynn,Graves,55.08,6.06,1.74,49.02,374,16.20,EMERALD+,jungle,2026-10-09T10:07Z
Evelynn,Zed,55.15,4.4,0.08,50.75,136,16.20,EMERALD+,jungle,2026-10-09T10:07Z
Evelynn,Lillia,55.41,8.14,3.82,47.27,231,16.20,EMERALD+,jungle,2026-10-09T10:07Z
Evelynn,Briar,55.5,7.58,3.26,47.92,209,16.20,EMERALD+,jungle,2026-10-09T10:07Z
Evelynn,Shyvana,55.9,8.82,4.5,47.08,195,16.20,EMERALD+,jungle,2026-10-09T10:07Z
Evelynn,Nocturne,56.0,6.88,2.56,49.12,175,16.20,EMERALD+,jungle,2026-10-09T10:07Z
Evelynn,Ekko,56.19,7.98,3.66,48.21,210,16.20,EMERALD+,jungle,2026-10-09T10:07Z
Evelynn,Sejuani,60.87,14.13,9.81,46.74,115,16.20,EMERALD+,jungle,2026-10-09T10:07Z
Fiddlesticks,Talon,47.6,-0.78,-4.48,48.38,250,16.20,EMERALD+,jungle,2026-10-09T10:07Z
Fiddlesticks,Nidalee,48.6,0.39,-3.31,48.21,107,16.20,EMERALD+,jungle,2026-10-09T10:07Z
Fiddlesticks,Shyvana,49.0,1.92,-1.78,47.08,200,16.20,EMERALD+,jungle,2026-10-09T10:07Z
Fiddlesticks,Elise,49.61,1.93,-1.77,47.68,127,16.20,EMERALD+,jungle,2026-10-09T10:07Z
Fiddlesticks,Nocturne,50.0,0.88,-2.82,49.12,170,16.20,EMERALD+,jungle,2026-10-09T10:07Z
Fiddlesticks,Naafiri,50.0,0.48,-3.22,49.52,104,16.20,EMERALD+,jungle,2026-10-09T10:07Z
Fiddlesticks,Ekko,50.0,1.79,-1.91,48.21,198,16.20,EMERALD+,jungle,2026-10-09T10:07Z
Fiddlesticks,Master Yi,50.64,3.11,-0.59,47.53,314,16.20,EMERALD+,jungle,2026-10-09T10:07Z
Fiddlesticks,Qiyana,50.76,0.71,-2.99,50.05,329,16.20,EMERALD+,jungle,2026-10-09T10:07Z
Fiddlesticks,Lillia,51.13,3.86,0.16,47.27,221,16.20,EMERALD+,jungle,2026-10-09T10:07Z
Fiddlesticks,Rengar,51.18,0.35,-3.35,50.83,170,16.20,EMERALD+,jungle,2026-10-09T10:07Z
Fiddlesticks,Warwick,51.2,4.71,1.01,46.49,125,16.20,EMERALD+,jungle,2026-10-09T10:07Z
Fiddlesticks,Sylas,51.44,2.44,-1.26,49.0,313,16.20,EMERALD+,jungle,2026-10-09T10:07Z
Fiddlesticks,Wukong,51.7,5.26,1.56,46.44,294,16.20,EMERALD+,jungle,2026-10-09T10:07Z
Fiddlesticks,Sejuani,51.92,5.18,1.48,46.74,104,16.20,EMERALD+,jungle,2026-10-09T10:07Z
Fiddlesticks,Jarvan IV,51.93,3.05,-0.65,48.88,233,16.20,EMERALD+,jungle,2026-10-09T10:07Z
Fiddlesticks,Shaco,52.04,4.85,1.15,47.19,221,16.20,EMERALD+,jungle,2026-10-09T10:07Z
Fiddlesticks,Zac,52.1,4.99,1.29,47.11,119,16.20,EMERALD+,jungle,2026-10-09T10:07Z
Fiddlesticks,Lee Sin,52.1,2.6,-1.1,49.5,428,16.20,EMERALD+,jungle,2026-10-09T10:07Z
Fiddlesticks,Kayn,52.21,3.69,-0.01,48.52,339,16.20,EMERALD+,jungle,2026-10-09T10:07Z
Fiddlesticks,Graves,52.32,3.3,-0.4,49.02,302,16.20,EMERALD+,jungle,2026-10-09T10:07Z
Fiddlesticks,Hecarim,52.4,3.17,-0.53,49.23,208,16.20,EMERALD+,jungle,2026-10-09T10:07Z
Fiddlesticks,Kindred,53.17,3.61,-0.09,49.56,126,16.20,EMERALD+,jungle,2026-10-09T10:07Z
Fiddlesticks,Diana,53.93,5.65,1.95,48.28,191,16.20,EMERALD+,jungle,2026-10-09T10:07Z
Fiddlesticks,Viego,54.05,4.62,0.92,49.43,346,16.20,EMERALD+,jungle,2026-10-09T10:07Z
Fiddlesticks,Cho'Gath,54.32,7.59,3.89,46.73,278,16.20,EMERALD+,jungle,2026-10-09T10:07Z
Fiddlesticks,Kha'Zix,55.26,6.14,2.44,49.12,304,16.20,EMERALD+,jungle,2026-10-09T10:07Z
Fiddlesticks,Briar,55.42,7.5,3.8,47.92,166,16.20,EMERALD+,jungle,2026-10-09T10:07Z
Fiddlesticks,Vi,58.02,7.95,4.25,50.07,131,16.20,EMERALD+,jungle,2026-10-09T10:07Z
Fiddlesticks,Bel'Veth,59.29,11.79,8.09,47.5,113,16.20,EMERALD+,jungle,2026-10-09T10:07Z
Fizz,Lee Sin,44.22,-5.28,-8.41,49.5,199,16.20,EMERALD+,jungle,2026-10-09T10:07Z
Fizz,Viego,46.85,-2.58,-5.71,49.43,111,16.20,EMERALD+,jungle,2026-10-09T10:07Z
Fizz,Master Yi,49.02,1.49,-1.64,47.53,102,16.20,EMERALD+,jungle,2026-10-09T10:07Z
Fizz,Qiyana,49.56,-0.49,-3.62,50.05,113,16.20,EMERALD+,jungle,2026-10-09T10:07Z
Fizz,Graves,55.65,6.63,3.5,49.02,115,16.20,EMERALD+,jungle,2026-10-09T10:07Z
Gragas,Viego,48.06,-1.37,-5.57,49.43,129,16.20,EMERALD+,jungle,2026-10-09T10:07Z
Gragas,Kayn,49.56,1.04,-3.16,48.52,113,16.20,EMERALD+,jungle,2026-10-09T10:07Z
Gragas,Master Yi,50.0,2.47,-1.73,47.53,116,16.20,EMERALD+,jungle,2026-10-09T10:07Z
Gragas,Kha'Zix,50.88,1.76,-2.44,49.12,114,16.20,EMERALD+,jungle,2026-10-09T10:07Z
Gragas,Wukong,52.17,5.73,1.53,46.44,115,16.20,EMERALD+,jungle,2026-10-09T10:07Z
Gragas,Lee Sin,54.19,4.69,0.49,49.5,334,16.20,EMERALD+,jungle,2026-10-09T10:07Z
Gragas,Graves,55.78,6.76,2.56,49.02,147,16.20,EMERALD+,jungle,2026-10-09T10:07Z
Gragas,Sylas,56.56,7.56,3.36,49.0,122,16.20,EMERALD+,jungle,2026-10-09T10:07Z
Gragas,Qiyana,56.9,6.85,2.65,50.05,116,16.20,EMERALD+,jungle,2026-10-09T10:07Z
Graves,Ivern,39.57,-6.93,-9.37,46.5,139,16.20,EMERALD+,jungle,2026-10-09T10:07Z
Graves,Rek'Sai,41.67,-4.89,-7.33,46.56,216,16.20,EMERALD+,jungle,2026-10-09T10:07Z
Graves,Sejuani,43.57,-3.17,-5.61,46.74,342,16.20,EMERALD+,jungle,2026-10-09T10:07Z
Graves,Zyra,44.5,-2.19,-4.63,46.69,209,16.20,EMERALD+,jungle,2026-10-09T10:07Z
Graves,Amumu,44.76,-3.63,-6.07,48.39,248,16.20,EMERALD+,jungle,2026-10-09T10:07Z
Graves,Ambessa,45.3,-6.44,-8.88,51.74,117,16.20,EMERALD+,jungle,2026-10-09T10:07Z
Graves,Gragas,45.52,-1.74,-4.18,47.26,145,16.20,EMERALD+,jungle,2026-10-09T10:07Z
Graves,Rammus,45.67,0.47,-1.96,45.2,289,16.20,EMERALD+,jungle,2026-10-09T10:07Z
Graves,Skarner,46.38,-1.44,-3.88,47.82,138,16.20,EMERALD+,jungle,2026-10-09T10:07Z
Graves,Diana,46.73,-1.55,-3.99,48.28,672,16.20,EMERALD+,jungle,2026-10-09T10:07Z
Graves,Nidalee,48.15,-0.06,-2.5,48.21,729,16.20,EMERALD+,jungle,2026-10-09T10:07Z
Graves,Fiddlesticks,48.21,0.45,-1.99,47.76,280,16.20,EMERALD+,jungle,2026-10-09T10:07Z
Graves,Bel'Veth,48.27,0.77,-1.67,47.5,375,16.20,EMERALD+,jungle,2026-10-09T10:07Z
Graves,Udyr,48.66,0.45,-1.99,48.21,261,16.20,EMERALD+,jungle,2026-10-09T10:07Z
Graves,Aatrox,48.68,0.8,-1.64,47.88,152,16.20,EMERALD+,jungle,2026-10-09T10:07Z
Graves,Evelynn,48.9,1.76,-0.68,47.14,362,16.20,EMERALD+,jungle,2026-10-09T10:07Z
Graves,Master Yi,49.11,1.58,-0.86,47.53,1234,16.20,EMERALD+,jungle,2026-10-09T10:07Z
Graves,Naafiri,49.61,0.09,-2.35,49.52,510,16.20,EMERALD+,jungle,2026-10-09T10:07Z
Graves,Shyvana,49.66,2.58,0.14,47.08,590,16.20,EMERALD+,jungle,2026-10-09T10:07Z
Graves,Kha'Zix,50.0,0.88,-1.56,49.12,1394,16.20,EMERALD+,jungle,2026-10-09T10:07Z
Graves,Cho'Gath,50.2,3.47,1.03,46.73,1020,16.20,EMERALD+,jungle,2026-10-09T10:07Z
Graves,Wukong,50.42,3.98,1.54,46.44,1186,16.20,EMERALD+,jungle,2026-10-09T10:07Z
Graves,Teemo,50.5,1.82,-0.62,48.68,101,16.20,EMERALD+,jungle,2026-10-09T10:07Z
Graves,Quinn,50.57,3.63,1.19,46.94,176,16.20,EMERALD+,jungle,2026-10-09T10:07Z
Graves,Warwick,50.6,4.11,1.67,46.49,419,16.20,EMERALD+,jungle,2026-10-09T10:07Z
Graves,Viego,50.89,1.46,-0.98,49.43,1411,16.20,EMERALD+,jungle,2026-10-09T10:07Z
Graves,Taliyah,50.93,2.78,0.34,48.15,161,16.20,EMERALD+,jungle,2026-10-09T10:07Z
Graves,Sylas,51.11,2.11,-0.33,49.0,1172,16.20,EMERALD+,jungle,2026-10-09T10:07Z
Graves,Lillia,51.14,3.87,1.43,47.27,788,16.20,EMERALD+,jungle,2026-10-09T10:07Z
Graves,Ekko,51.15,2.94,0.5,48.21,608,16.20,EMERALD+,jungle,2026-10-09T10:07Z
Graves,Talon,51.25,2.87,0.43,48.38,958,16.20,EMERALD+,jungle,2026-10-09T10:07Z
Graves,Kayn,51.78,3.26,0.82,48.52,1151,16.20,EMERALD+,jungle,2026-10-09T10:07Z
Graves,Qiyana,51.81,1.76,-0.68,50.05,1272,16.20,EMERALD+,jungle,2026-10-09T10:07Z
Graves,Elise,51.93,4.25,1.81,47.68,491,16.20,EMERALD+,jungle,2026-10-09T10:07Z
Graves,Vi,51.98,1.91,-0.53,50.07,631,16.20,EMERALD+,jungle,2026-10-09T10:07Z
Graves,Xin Zhao,52.03,3.26,0.82,48.77,271,16.20,EMERALD+,jungle,2026-10-09T10:07Z
Graves,Fizz,52.17,3.84,1.4,48.33,115,16.20,EMERALD+,jungle,2026-10-09T10:07Z
Graves,Briar,52.22,4.3,1.86,47.92,630,16.20,EMERALD+,jungle,2026-10-09T10:07Z
Graves,Lee Sin,52.4,2.9,0.46,49.5,3168,16.20,EMERALD+,jungle,2026-10-09T10:07Z
Graves,Malphite,52.55,3.16,0.72,49.39,137,16.20,EMERALD+,jungle,2026-10-09T10:07Z
Graves,Gwen,52.59,4.19,1.75,48.4,116,16.20,EMERALD+,jungle,2026-10-09T10:07Z
Graves,Kindred,52.77,3.21,0.77,49.56,614,16.20,EMERALD+,jungle,2026-10-09T10:07Z
Graves,Rengar,52.84,2.01,-0.43,50.83,564,16.20,EMERALD+,jungle,2026-10-09T10:07Z
Graves,Jarvan IV,52.88,4.0,1.56,48.88,1078,16.20,EMERALD+,jungle,2026-10-09T10:07Z
Graves,Shaco,52.96,5.77,3.33,47.19,625,16.20,EMERALD+,jungle,2026-10-09T10:07Z
Graves,Locke,52.99,-1.04,-3.47,54.03,117,16.20,EMERALD+,jungle,2026-10-09T10:07Z
Graves,Pantheon,52.99,3.07,0.63,49.92,134,16.20,EMERALD+,jungle,2026-10-09T10:07Z
Graves,Hecarim,53.21,3.98,1.54,49.23,936,16.20,EMERALD+,jungle,2026-10-09T10:07Z
Graves,Zac,53.79,6.68,4.24,47.11,383,16.20,EMERALD+,jungle,2026-10-09T10:07Z
Graves,Nunu & Willump,53.82,4.43,1.99,49.39,262,16.20,EMERALD+,jungle,2026-10-09T10:07Z
Graves,Jayce,53.98,3.05,0.61,50.93,402,16.20,EMERALD+,jungle,2026-10-09T10:07Z
Graves,Nocturne,54.39,5.27,2.83,49.12,627,16.20,EMERALD+,jungle,2026-10-09T10:07Z
Graves,Karthus,54.42,4.21,1.77,50.21,215,16.20,EMERALD+,jungle,2026-10-09T10:07Z
Graves,Zed,54.83,4.08,1.64,50.75,487,16.20,EMERALD+,jungle,2026-10-09T10:07Z
Graves,Volibear,55.15,6.65,4.21,48.5,136,16.20,EMERALD+,jungle,2026-10-09T10:07Z
Graves,Jax,56.29,5.76,3.32,50.53,151,16.20,EMERALD+,jungle,2026-10-09T10:07Z
Graves,Trundle,59.8,10.55,8.11,49.25,102,16.20,EMERALD+,jungle,2026-10-09T10:07Z
Gwen,Lillia,44.0,-3.27,-6.33,47.27,100,16.20,EMERALD+,jungle,2026-10-09T10:07Z
Gwen,Jarvan IV,46.09,-2.79,-5.85,48.88,115,16.20,EMERALD+,jungle,2026-10-09T10:07Z
Gwen,Sylas,47.79,-1.21,-4.27,49.0,113,16.20,EMERALD+,jungle,2026-10-09T10:07Z
Gwen,Lee Sin,50.82,1.32,-1.74,49.5,183,16.20,EMERALD+,jungle,2026-10-09T10:07Z
Gwen,Viego,51.57,2.14,-0.92,49.43,159,16.20,EMERALD+,jungle,2026-10-09T10:07Z
Gwen,Qiyana,53.28,3.23,0.17,50.05,137,16.20,EMERALD+,jungle,2026-10-09T10:07Z
Gwen,Cho'Gath,53.49,6.76,3.7,46.73,172,16.20,EMERALD+,jungle,2026-10-09T10:07Z
Gwen,Graves,54.31,5.29,2.23,49.02,116,16.20,EMERALD+,jungle,2026-10-09T10:07Z
Gwen,Wukong,55.68,9.24,6.18,46.44,185,16.20,EMERALD+,jungle,2026-10-09T10:07Z
Gwen,Kayn,60.14,11.62,8.56,48.52,143,16.20,EMERALD+,jungle,2026-10-09T10:07Z
Hecarim,Quinn,43.83,-3.11,-5.34,46.94,162,16.20,EMERALD+,jungle,2026-10-09T10:07Z
Hecarim,Rammus,43.97,-1.23,-3.45,45.2,232,16.20,EMERALD+,jungle,2026-10-09T10:07Z
Hecarim,Skarner,45.22,-2.6,-4.83,47.82,115,16.20,EMERALD+,jungle,2026-10-09T10:07Z
Hecarim,Zyra,45.9,-0.79,-3.02,46.69,122,16.20,EMERALD+,jungle,2026-10-09T10:07Z
Hecarim,Lillia,46.33,-0.94,-3.17,47.27,749,16.20,EMERALD+,jungle,2026-10-09T10:07Z
Hecarim,Nunu & Willump,46.41,-2.98,-5.21,49.39,209,16.20,EMERALD+,jungle,2026-10-09T10:07Z
Hecarim,Wukong,47.3,0.86,-1.37,46.44,852,16.20,EMERALD+,jungle,2026-10-09T10:07Z
Hecarim,Kayn,47.39,-1.13,-3.36,48.52,901,16.20,EMERALD+,jungle,2026-10-09T10:07Z
Hecarim,Bel'Veth,47.7,0.2,-2.03,47.5,304,16.20,EMERALD+,jungle,2026-10-09T10:07Z
Hecarim,Cho'Gath,48.04,1.31,-0.92,46.73,689,16.20,EMERALD+,jungle,2026-10-09T10:07Z
Hecarim,Shyvana,48.07,0.99,-1.24,47.08,543,16.20,EMERALD+,jungle,2026-10-09T10:07Z
Hecarim,Nidalee,48.31,0.1,-2.13,48.21,354,16.20,EMERALD+,jungle,2026-10-09T10:07Z
Hecarim,Fiddlesticks,48.6,0.84,-1.39,47.76,214,16.20,EMERALD+,jungle,2026-10-09T10:07Z
Hecarim,Rek'Sai,48.75,2.19,-0.04,46.56,160,16.20,EMERALD+,jungle,2026-10-09T10:07Z
Hecarim,Evelynn,49.06,1.92,-0.31,47.14,267,16.20,EMERALD+,jungle,2026-10-09T10:07Z
Hecarim,Diana,49.16,0.88,-1.35,48.28,474,16.20,EMERALD+,jungle,2026-10-09T10:07Z
Hecarim,Sylas,49.78,0.78,-1.45,49.0,900,16.20,EMERALD+,jungle,2026-10-09T10:07Z
Hecarim,Elise,50.0,2.32,0.09,47.68,400,16.20,EMERALD+,jungle,2026-10-09T10:07Z
Hecarim,Shaco,50.1,2.91,0.68,47.19,491,16.20,EMERALD+,jungle,2026-10-09T10:07Z
Hecarim,Graves,50.32,1.3,-0.93,49.02,940,16.20,EMERALD+,jungle,2026-10-09T10:07Z
Hecarim,Kha'Zix,50.48,1.36,-0.87,49.12,836,16.20,EMERALD+,jungle,2026-10-09T10:07Z
Hecarim,Briar,50.54,2.62,0.39,47.92,459,16.20,EMERALD+,jungle,2026-10-09T10:07Z
Hecarim,Lee Sin,51.0,1.5,-0.73,49.5,1249,16.20,EMERALD+,jungle,2026-10-09T10:07Z
Hecarim,Trundle,51.0,1.75,-0.48,49.25,100,16.20,EMERALD+,jungle,2026-10-09T10:07Z
Hecarim,Warwick,51.3,4.81,2.58,46.49,308,16.20,EMERALD+,jungle,2026-10-09T10:07Z
Hecarim,Ekko,51.37,3.16,0.93,48.21,512,16.20,EMERALD+,jungle,2026-10-09T10:07Z
Hecarim,Zed,51.48,0.73,-1.5,50.75,237,16.20,EMERALD+,jungle,2026-10-09T10:07Z
Hecarim,Vi,51.77,1.7,-0.53,50.07,423,16.20,EMERALD+,jungle,2026-10-09T10:07Z
Hecarim,Kindred,51.84,2.28,0.05,49.56,353,16.20,EMERALD+,jungle,2026-10-09T10:07Z
Hecarim,Jarvan IV,51.86,2.98,0.75,48.88,619,16.20,EMERALD+,jungle,2026-10-09T10:07Z
Hecarim,Zac,52.22,5.11,2.88,47.11,293,16.20,EMERALD+,jungle,2026-10-09T10:07Z
Hecarim,Naafiri,52.23,2.71,0.48,49.52,314,16.20,EMERALD+,jungle,2026-10-09T10:07Z
Hecarim,Sejuani,52.74,6.0,3.77,46.74,237,16.20,EMERALD+,jungle,2026-10-09T10:07Z
Hecarim,Xin Zhao,52.78,4.01,1.78,48.77,180,16.20,EMERALD+,jungle,2026-10-09T10:07Z
Hecarim,Nocturne,52.97,3.85,1.62,49.12,404,16.20,EMERALD+,jungle,2026-10-09T10:07Z
Hecarim,Master Yi,53.02,5.49,3.26,47.53,662,16.20,EMERALD+,jungle,2026-10-09T10:07Z
Hecarim,Ivern,53.06,6.56,4.33,46.5,147,16.20,EMERALD+,jungle,2026-10-09T10:07Z
Hecarim,Amumu,53.23,4.84,2.61,48.39,201,16.20,EMERALD+,jungle,2026-10-09T10:07Z
Hecarim,Karthus,53.53,3.32,1.09,50.21,170,16.20,EMERALD+,jungle,2026-10-09T10:07Z
Hecarim,Talon,53.63,5.25,3.02,48.38,675,16.20,EMERALD+,jungle,2026-10-09T10:07Z
Hecarim,Udyr,53.88,5.67,3.44,48.21,258,16.20,EMERALD+,jungle,2026-10-09T10:07Z
Hecarim,Rengar,53.9,3.07,0.84,50.83,410,16.20,EMERALD+,jungle,2026-10-09T10:07Z
Hecarim,Viego,54.74,5.31,3.08,49.43,1003,16.20,EMERALD+,jungle,2026-10-09T10:07Z
Hecarim,Qiyana,55.04,4.99,2.76,50.05,843,16.20,EMERALD+,jungle,2026-10-09T10:07Z
Hecarim,Volibear,57.36,8.86,6.63,48.5,129,16.20,EMERALD+,jungle,2026-10-09T10:07Z
Hecarim,Jayce,62.5,11.57,9.34,50.93,160,16.20,EMERALD+,jungle,2026-10-09T10:07Z
Ivern,Jarvan IV,47.41,-1.47,-6.43,48.88,116,16.20,EMERALD+,jungle,2026-10-09T10:07Z
Ivern,Lee Sin,48.51,-0.99,-5.95,49.5,235,16.20,EMERALD+,jungle,2026-10-09T10:07Z
Ivern,Hecarim,49.32,0.09,-4.87,49.23,146,16.20,EMERALD+,jungle,2026-10-09T10:07Z
Ivern,Ekko,49.52,1.31,-3.65,48.21,105,16.20,EMERALD+,jungle,2026-10-09T10:07Z
Ivern,Talon,50.0,1.62,-3.34,48.38,134,16.20,EMERALD+,jungle,2026-10-09T10:07Z
Ivern,Wukong,50.0,3.56,-1.4,46.44,126,16.20,EMERALD+,jungle,2026-10-09T10:07Z
Ivern,Kayn,52.6,4.08,-0.88,48.52,154,16.20,EMERALD+,jungle,2026-10-09T10:07Z
Ivern,Viego,53.73,4.3,-0.66,49.43,134,16.20,EMERALD+,jungle,2026-10-09T10:07Z
Ivern,Qiyana,54.78,4.73,-0.23,50.05,157,16.20,EMERALD+,jungle,2026-10-09T10:07Z
Ivern,Sylas,54.78,5.78,0.82,49.0,115,16.20,EMERALD+,jungle,2026-10-09T10:07Z
Ivern,Kha'Zix,55.81,6.69,1.73,49.12,129,16.20,EMERALD+,jungle,2026-10-09T10:07Z
Ivern,Lillia,56.92,9.65,4.69,47.27,130,16.20,EMERALD+,jungle,2026-10-09T10:07Z
Ivern,Master Yi,57.58,10.05,5.09,47.53,132,16.20,EMERALD+,jungle,2026-10-09T10:07Z
Ivern,Cho'Gath,58.59,11.86,6.9,46.73,128,16.20,EMERALD+,jungle,2026-10-09T10:07Z
Ivern,Graves,61.54,12.52,7.56,49.02,143,16.20,EMERALD+,jungle,2026-10-09T10:07Z
Jarvan IV,Skarner,44.83,-2.99,-5.57,47.82,116,16.20,EMERALD+,jungle,2026-10-09T10:07Z
Jarvan IV,Master Yi,46.2,-1.33,-3.91,47.53,736,16.20,EMERALD+,jungle,2026-10-09T10:07Z
Jarvan IV,Quinn,46.92,-0.02,-2.6,46.94,130,16.20,EMERALD+,jungle,2026-10-09T10:07Z
Jarvan IV,Sejuani,47.01,0.27,-2.31,46.74,251,16.20,EMERALD+,jungle,2026-10-09T10:07Z
Jarvan IV,Elise,47.41,-0.27,-2.85,47.68,405,16.20,EMERALD+,jungle,2026-10-09T10:07Z
Jarvan IV,Nidalee,47.74,-0.47,-3.05,48.21,398,16.20,EMERALD+,jungle,2026-10-09T10:07Z
Jarvan IV,Wukong,47.83,1.39,-1.19,46.44,966,16.20,EMERALD+,jungle,2026-10-09T10:07Z
Jarvan IV,Ekko,48.39,0.18,-2.4,48.21,467,16.20,EMERALD+,jungle,2026-10-09T10:07Z
Jarvan IV,Viego,48.49,-0.94,-3.52,49.43,959,16.20,EMERALD+,jungle,2026-10-09T10:07Z
Jarvan IV,Shyvana,48.74,1.66,-0.92,47.08,396,16.20,EMERALD+,jungle,2026-10-09T10:07Z
Jarvan IV,Diana,48.78,0.5,-2.08,48.28,451,16.20,EMERALD+,jungle,2026-10-09T10:07Z
Jarvan IV,Graves,48.9,-0.12,-2.7,49.02,1047,16.20,EMERALD+,jungle,2026-10-09T10:07Z
Jarvan IV,Bel'Veth,48.92,1.42,-1.16,47.5,231,16.20,EMERALD+,jungle,2026-10-09T10:07Z
Jarvan IV,Evelynn,49.04,1.9,-0.68,47.14,261,16.20,EMERALD+,jungle,2026-10-09T10:07Z
Jarvan IV,Rammus,49.38,4.18,1.61,45.2,160,16.20,EMERALD+,jungle,2026-10-09T10:07Z
Jarvan IV,Talon,50.07,1.69,-0.89,48.38,667,16.20,EMERALD+,jungle,2026-10-09T10:07Z
Jarvan IV,Karthus,50.33,0.12,-2.46,50.21,151,16.20,EMERALD+,jungle,2026-10-09T10:07Z
Jarvan IV,Fiddlesticks,50.44,2.68,0.1,47.76,226,16.20,EMERALD+,jungle,2026-10-09T10:07Z
Jarvan IV,Rek'Sai,50.57,4.01,1.43,46.56,176,16.20,EMERALD+,jungle,2026-10-09T10:07Z
Jarvan IV,Qiyana,50.6,0.55,-2.03,50.05,911,16.20,EMERALD+,jungle,2026-10-09T10:07Z
Jarvan IV,Lee Sin,50.6,1.1,-1.48,49.5,2016,16.20,EMERALD+,jungle,2026-10-09T10:07Z
Jarvan IV,Cho'Gath,50.7,3.97,1.39,46.73,645,16.20,EMERALD+,jungle,2026-10-09T10:07Z
Jarvan IV,Kindred,50.71,1.15,-1.43,49.56,351,16.20,EMERALD+,jungle,2026-10-09T10:07Z
Jarvan IV,Lillia,50.83,3.56,0.98,47.27,602,16.20,EMERALD+,jungle,2026-10-09T10:07Z
Jarvan IV,Shaco,50.95,3.76,1.18,47.19,475,16.20,EMERALD+,jungle,2026-10-09T10:07Z
Jarvan IV,Volibear,51.16,2.66,0.08,48.5,129,16.20,EMERALD+,jungle,2026-10-09T10:07Z
Jarvan IV,Nunu & Willump,51.19,1.8,-0.78,49.39,252,16.20,EMERALD+,jungle,2026-10-09T10:07Z
Jarvan IV,Hecarim,51.21,1.98,-0.6,49.23,621,16.20,EMERALD+,jungle,2026-10-09T10:07Z
Jarvan IV,Kha'Zix,51.57,2.45,-0.13,49.12,826,16.20,EMERALD+,jungle,2026-10-09T10:07Z
Jarvan IV,Sylas,51.59,2.59,0.01,49.0,880,16.20,EMERALD+,jungle,2026-10-09T10:07Z
Jarvan IV,Jayce,51.99,1.06,-1.52,50.93,277,16.20,EMERALD+,jungle,2026-10-09T10:07Z
Jarvan IV,Zac,52.19,5.08,2.5,47.11,274,16.20,EMERALD+,jungle,2026-10-09T10:07Z
Jarvan IV,Vi,52.2,2.13,-0.45,50.07,477,16.20,EMERALD+,jungle,2026-10-09T10:07Z
Jarvan IV,Gwen,52.34,3.94,1.36,48.4,107,16.20,EMERALD+,jungle,2026-10-09T10:07Z
Jarvan IV,Zyra,53.01,6.32,3.74,46.69,166,16.20,EMERALD+,jungle,2026-10-09T10:07Z
Jarvan IV,Udyr,53.14,4.93,2.35,48.21,207,16.20,EMERALD+,jungle,2026-10-09T10:07Z
Jarvan IV,Kayn,53.15,4.63,2.05,48.52,745,16.20,EMERALD+,jungle,2026-10-09T10:07Z
Jarvan IV,Xin Zhao,53.26,4.49,1.91,48.77,276,16.20,EMERALD+,jungle,2026-10-09T10:07Z
Jarvan IV,Amumu,54.55,6.16,3.58,48.39,176,16.20,EMERALD+,jungle,2026-10-09T10:07Z
Jarvan IV,Aatrox,55.0,7.12,4.54,47.88,100,16.20,EMERALD+,jungle,2026-10-09T10:07Z
Jarvan IV,Naafiri,55.16,5.64,3.06,49.52,339,16.20,EMERALD+,jungle,2026-10-09T10:07Z
Jarvan IV,Briar,55.19,7.27,4.69,47.92,453,16.20,EMERALD+,jungle,2026-10-09T10:07Z
Jarvan IV,Zed,55.59,4.84,2.26,50.75,322,16.20,EMERALD+,jungle,2026-10-09T10:07Z
Jarvan IV,Nocturne,56.29,7.17,4.59,49.12,517,16.20,EMERALD+,jungle,2026-10-09T10:07Z
Jarvan IV,Warwick,56.7,10.21,7.63,46.49,291,16.20,EMERALD+,jungle,2026-10-09T10:07Z
Jarvan IV,Rengar,57.21,6.38,3.8,50.83,416,16.20,EMERALD+,jungle,2026-10-09T10:07Z
Jarvan IV,Ivern,57.27,10.77,8.19,46.5,110,16.20,EMERALD+,jungle,2026-10-09T10:07Z
Jarvan IV,Pantheon,58.49,8.57,5.99,49.92,106,16.20,EMERALD+,jungle,2026-10-09T10:07Z
Jax,Cho'Gath,38.1,-8.62,-9.49,46.72,105,16.20,EMERALD+,jungle,2026-10-09T10:07Z
Jax,Sylas,42.59,-6.46,-7.33,49.05,108,16.20,EMERALD+,jungle,2026-10-09T10:07Z
Jax,Kayn,43.18,-5.37,-6.24,48.55,132,16.20,EMERALD+,jungle,2026-10-09T10:07Z
Jax,Wukong,47.95,1.52,0.65,46.43,146,16.20,EMERALD+,jungle,2026-10-09T10:07Z
Jax,Graves,49.67,0.65,-0.22,49.02,153,16.20,EMERALD+,jungle,2026-10-09T10:07Z
Jax,Master Yi,50.19,2.62,1.75,47.57,269,16.20,EMERALD+,jungle,2026-10-09T10:07Z
Jax,Briar,52.08,4.21,3.34,47.87,144,16.20,EMERALD+,jungle,2026-10-09T10:07Z
Jax,Viego,54.01,4.54,3.67,49.47,187,16.20,EMERALD+,jungle,2026-10-09T10:07Z
Jax,Lee Sin,54.02,4.53,3.66,49.49,224,16.20,EMERALD+,jungle,2026-10-09T10:07Z
Jayce,Zed,40.54,-10.21,-10.74,50.75,111,16.20,EMERALD+,jungle,2026-10-09T10:07Z
Jayce,Hecarim,40.85,-8.38,-8.91,49.23,164,16.20,EMERALD+,jungle,2026-10-09T10:07Z
Jayce,Nidalee,42.21,-6.0,-6.53,48.21,199,16.20,EMERALD+,jungle,2026-10-09T10:07Z
Jayce,Qiyana,43.97,-6.08,-6.61,50.05,282,16.20,EMERALD+,jungle,2026-10-09T10:07Z
Jayce,Talon,44.55,-3.83,-4.36,48.38,202,16.20,EMERALD+,jungle,2026-10-09T10:07Z
Jayce,Elise,44.6,-3.08,-3.61,47.68,139,16.20,EMERALD+,jungle,2026-10-09T10:07Z
Jayce,Diana,44.95,-3.33,-3.86,48.28,109,16.20,EMERALD+,jungle,2026-10-09T10:07Z
Jayce,Nocturne,45.13,-3.99,-4.52,49.12,113,16.20,EMERALD+,jungle,2026-10-09T10:07Z
Jayce,Graves,47.27,-1.75,-2.28,49.02,421,16.20,EMERALD+,jungle,2026-10-09T10:07Z
Jayce,Shaco,47.71,0.52,-0.01,47.19,109,16.20,EMERALD+,jungle,2026-10-09T10:07Z
Jayce,Jarvan IV,48.72,-0.16,-0.69,48.88,273,16.20,EMERALD+,jungle,2026-10-09T10:07Z
Jayce,Viego,48.9,-0.53,-1.06,49.43,272,16.20,EMERALD+,jungle,2026-10-09T10:07Z
Jayce,Lee Sin,49.04,-0.46,-0.99,49.5,785,16.20,EMERALD+,jungle,2026-10-09T10:07Z
Jayce,Cho'Gath,49.1,2.37,1.83,46.73,167,16.20,EMERALD+,jungle,2026-10-09T10:07Z
Jayce,Rengar,49.51,-1.32,-1.85,50.83,103,16.20,EMERALD+,jungle,2026-10-09T10:07Z
Jayce,Master Yi,49.53,2.0,1.47,47.53,212,16.20,EMERALD+,jungle,2026-10-09T10:07Z
Jayce,Vi,50.68,0.61,0.08,50.07,148,16.20,EMERALD+,jungle,2026-10-09T10:07Z
Jayce,Kayn,50.77,2.25,1.72,48.52,195,16.20,EMERALD+,jungle,2026-10-09T10:07Z
Jayce,Wukong,51.05,4.61,4.07,46.44,190,16.20,EMERALD+,jungle,2026-10-09T10:07Z
Jayce,Kindred,51.43,1.87,1.34,49.56,105,16.20,EMERALD+,jungle,2026-10-09T10:07Z
Jayce,Kha'Zix,53.31,4.19,3.66,49.12,242,16.20,EMERALD+,jungle,2026-10-09T10:07Z
Jayce,Lillia,53.81,6.54,6.01,47.27,197,16.20,EMERALD+,jungle,2026-10-09T10:07Z
Jayce,Naafiri,53.85,4.33,3.8,49.52,130,16.20,EMERALD+,jungle,2026-10-09T10:07Z
Jayce,Ekko,54.05,5.84,5.31,48.21,111,16.20,EMERALD+,jungle,2026-10-09T10:07Z
Jayce,Sylas,55.33,6.33,5.8,49.0,300,16.20,EMERALD+,jungle,2026-10-09T10:07Z
Karthus,Ekko,40.18,-8.03,-9.28,48.21,112,16.20,EMERALD+,jungle,2026-10-09T10:07Z
Karthus,Wukong,45.76,-0.68,-1.93,46.44,177,16.20,EMERALD+,jungle,2026-10-09T10:07Z
Karthus,Cho'Gath,46.43,-0.3,-1.55,46.73,140,16.20,EMERALD+,jungle,2026-10-09T10:07Z
Karthus,Vi,47.06,-3.01,-4.26,50.07,102,16.20,EMERALD+,jungle,2026-10-09T10:07Z
Karthus,Kayn,47.22,-1.3,-2.55,48.52,216,16.20,EMERALD+,jungle,2026-10-09T10:07Z
Karthus,Lillia,47.4,0.13,-1.12,47.27,154,16.20,EMERALD+,jungle,2026-10-09T10:07Z
Karthus,Master Yi,48.05,0.52,-0.73,47.53,154,16.20,EMERALD+,jungle,2026-10-09T10:07Z
Karthus,Shaco,48.06,0.87,-0.38,47.19,129,16.20,EMERALD+,jungle,2026-10-09T10:07Z
Karthus,Hecarim,48.21,-1.02,-2.27,49.23,168,16.20,EMERALD+,jungle,2026-10-09T10:07Z
Karthus,Graves,48.31,-0.71,-1.96,49.02,207,16.20,EMERALD+,jungle,2026-10-09T10:07Z
Karthus,Lee Sin,49.01,-0.49,-1.74,49.5,304,16.20,EMERALD+,jungle,2026-10-09T10:07Z
Karthus,Talon,49.68,1.3,0.05,48.38,155,16.20,EMERALD+,jungle,2026-10-09T10:07Z
Karthus,Shyvana,50.88,3.8,2.55,47.08,114,16.20,EMERALD+,jungle,2026-10-09T10:07Z
Karthus,Qiyana,51.7,1.65,0.4,50.05,176,16.20,EMERALD+,jungle,2026-10-09T10:07Z
Karthus,Nocturne,51.89,2.77,1.52,49.12,106,16.20,EMERALD+,jungle,2026-10-09T10:07Z
Karthus,Briar,52.63,4.71,3.46,47.92,114,16.20,EMERALD+,jungle,2026-10-09T10:07Z
Karthus,Jarvan IV,53.25,4.37,3.12,48.88,154,16.20,EMERALD+,jungle,2026-10-09T10:07Z
Karthus,Sylas,56.29,7.29,6.04,49.0,151,16.20,EMERALD+,jungle,2026-10-09T10:07Z
Karthus,Kha'Zix,57.5,8.38,7.13,49.12,240,16.20,EMERALD+,jungle,2026-10-09T10:07Z
Karthus,Viego,58.11,8.68,7.43,49.43,222,16.20,EMERALD+,jungle,2026-10-09T10:07Z
Kayn,Gwen,43.57,-4.83,-7.77,48.4,140,16.20,EMERALD+,jungle,2026-10-09T10:07Z
Kayn,Quinn,44.93,-2.01,-4.95,46.94,207,16.20,EMERALD+,jungle,2026-10-09T10:07Z
Kayn,Rek'Sai,45.0,-1.56,-4.5,46.56,160,16.20,EMERALD+,jungle,2026-10-09T10:07Z
Kayn,Elise,46.36,-1.32,-4.26,47.68,453,16.20,EMERALD+,jungle,2026-10-09T10:07Z
Kayn,Wukong,46.91,0.47,-2.47,46.44,1247,16.20,EMERALD+,jungle,2026-10-09T10:07Z
Kayn,Zyra,47.33,0.64,-2.3,46.69,150,16.20,EMERALD+,jungle,2026-10-09T10:07Z
Kayn,Skarner,47.86,0.04,-2.9,47.82,140,16.20,EMERALD+,jungle,2026-10-09T10:07Z
Kayn,Udyr,48.2,-0.01,-2.95,48.21,305,16.20,EMERALD+,jungle,2026-10-09T10:07Z
Kayn,Master Yi,48.26,0.73,-2.21,47.53,1034,16.20,EMERALD+,jungle,2026-10-09T10:07Z
Kayn,Lillia,48.35,1.08,-1.86,47.27,759,16.20,EMERALD+,jungle,2026-10-09T10:07Z
Kayn,Ivern,48.75,2.25,-0.69,46.5,160,16.20,EMERALD+,jungle,2026-10-09T10:07Z
Kayn,Nocturne,48.75,-0.37,-3.31,49.12,599,16.20,EMERALD+,jungle,2026-10-09T10:07Z
Kayn,Xin Zhao,48.85,0.08,-2.86,48.77,260,16.20,EMERALD+,jungle,2026-10-09T10:07Z
Kayn,Aatrox,48.89,1.01,-1.93,47.88,135,16.20,EMERALD+,jungle,2026-10-09T10:07Z
Kayn,Talon,48.96,0.58,-2.36,48.38,866,16.20,EMERALD+,jungle,2026-10-09T10:07Z
Kayn,Nidalee,49.27,1.06,-1.88,48.21,343,16.20,EMERALD+,jungle,2026-10-09T10:07Z
Kayn,Rammus,49.29,4.09,1.16,45.2,282,16.20,EMERALD+,jungle,2026-10-09T10:07Z
Kayn,Shyvana,49.56,2.48,-0.46,47.08,787,16.20,EMERALD+,jungle,2026-10-09T10:07Z
Kayn,Vi,50.0,-0.07,-3.01,50.07,564,16.20,EMERALD+,jungle,2026-10-09T10:07Z
Kayn,Jarvan IV,50.0,1.12,-1.82,48.88,736,16.20,EMERALD+,jungle,2026-10-09T10:07Z
Kayn,Bel'Veth,50.38,2.88,-0.06,47.5,391,16.20,EMERALD+,jungle,2026-10-09T10:07Z
Kayn,Jayce,50.73,-0.2,-3.14,50.93,205,16.20,EMERALD+,jungle,2026-10-09T10:07Z
Kayn,Viego,51.28,1.85,-1.09,49.43,1369,16.20,EMERALD+,jungle,2026-10-09T10:07Z
Kayn,Warwick,51.28,4.79,1.85,46.49,548,16.20,EMERALD+,jungle,2026-10-09T10:07Z
Kayn,Zac,51.33,4.22,1.28,47.11,413,16.20,EMERALD+,jungle,2026-10-09T10:07Z
Kayn,Briar,51.6,3.68,0.74,47.92,688,16.20,EMERALD+,jungle,2026-10-09T10:07Z
Kayn,Fiddlesticks,51.86,4.1,1.16,47.76,349,16.20,EMERALD+,jungle,2026-10-09T10:07Z
Kayn,Shaco,51.91,4.72,1.78,47.19,732,16.20,EMERALD+,jungle,2026-10-09T10:07Z
Kayn,Lee Sin,51.95,2.45,-0.49,49.5,1696,16.20,EMERALD+,jungle,2026-10-09T10:07Z
Kayn,Amumu,52.19,3.8,0.86,48.39,320,16.20,EMERALD+,jungle,2026-10-09T10:07Z
Kayn,Graves,52.29,3.27,0.33,49.02,1155,16.20,EMERALD+,jungle,2026-10-09T10:07Z
Kayn,Gragas,52.34,5.08,2.14,47.26,107,16.20,EMERALD+,jungle,2026-10-09T10:07Z
Kayn,Sylas,52.46,3.46,0.52,49.0,934,16.20,EMERALD+,jungle,2026-10-09T10:07Z
Kayn,Kindred,52.56,3.0,0.06,49.56,527,16.20,EMERALD+,jungle,2026-10-09T10:07Z
Kayn,Evelynn,52.65,5.51,2.57,47.14,359,16.20,EMERALD+,jungle,2026-10-09T10:07Z
Kayn,Kha'Zix,52.78,3.66,0.72,49.12,1135,16.20,EMERALD+,jungle,2026-10-09T10:07Z
Kayn,Cho'Gath,52.95,6.22,3.28,46.73,1018,16.20,EMERALD+,jungle,2026-10-09T10:07Z
Kayn,Ekko,53.04,4.83,1.89,48.21,741,16.20,EMERALD+,jungle,2026-10-09T10:07Z
Kayn,Rengar,53.15,2.32,-0.62,50.83,540,16.20,EMERALD+,jungle,2026-10-09T10:07Z
Kayn,Sejuani,53.39,6.65,3.71,46.74,369,16.20,EMERALD+,jungle,2026-10-09T10:07Z
Kayn,Qiyana,53.55,3.5,0.56,50.05,1085,16.20,EMERALD+,jungle,2026-10-09T10:07Z
Kayn,Malphite,53.64,4.25,1.31,49.39,110,16.20,EMERALD+,jungle,2026-10-09T10:07Z
Kayn,Hecarim,53.76,4.53,1.59,49.23,917,16.20,EMERALD+,jungle,2026-10-09T10:07Z
Kayn,Diana,53.8,5.52,2.58,48.28,632,16.20,EMERALD+,jungle,2026-10-09T10:07Z
Kayn,Darius,53.91,5.43,2.49,48.48,115,16.20,EMERALD+,jungle,2026-10-09T10:07Z
Kayn,Volibear,54.01,5.51,2.57,48.5,187,16.20,EMERALD+,jungle,2026-10-09T10:07Z
Kayn,Zed,54.57,3.82,0.88,50.75,394,16.20,EMERALD+,jungle,2026-10-09T10:07Z
Kayn,Karthus,54.79,4.58,1.64,50.21,219,16.20,EMERALD+,jungle,2026-10-09T10:07Z
Kayn,Pantheon,58.33,8.41,5.47,49.92,108,16.20,EMERALD+,jungle,2026-10-09T10:07Z
Kayn,Nunu & Willump,58.75,9.36,6.42,49.39,257,16.20,EMERALD+,jungle,2026-10-09T10:07Z
Kayn,Naafiri,60.19,10.67,7.73,49.52,427,16.20,EMERALD+,jungle,2026-10-09T10:07Z
Kayn,Locke,60.36,6.33,3.4,54.03,111,16.20,EMERALD+,jungle,2026-10-09T10:07Z
Kayn,Jax,61.86,11.33,8.39,50.53,118,16.20,EMERALD+,jungle,2026-10-09T10:07Z
Kha'Zix,Zyra,40.0,-6.69,-9.03,46.69,165,16.20,EMERALD+,jungle,2026-10-09T10:07Z
Kha'Zix,Rek'Sai,40.21,-6.35,-8.69,46.56,189,16.20,EMERALD+,jungle,2026-10-09T10:07Z
Kha'Zix,Sejuani,43.81,-2.93,-5.27,46.74,331,16.20,EMERALD+,jungle,2026-10-09T10:07Z
Kha'Zix,Karthus,45.08,-5.13,-7.47,50.21,244,16.20,EMERALD+,jungle,2026-10-09T10:07Z
Kha'Zix,Fiddlesticks,45.3,-2.46,-4.8,47.76,298,16.20,EMERALD+,jungle,2026-10-09T10:07Z
Kha'Zix,Skarner,45.39,-2.43,-4.77,47.82,141,16.20,EMERALD+,jungle,2026-10-09T10:07Z
Kha'Zix,Malphite,45.63,-3.76,-6.1,49.39,103,16.20,EMERALD+,jungle,2026-10-09T10:07Z
Kha'Zix,Elise,46.25,-1.43,-3.77,47.68,560,16.20,EMERALD+,jungle,2026-10-09T10:07Z
Kha'Zix,Udyr,46.49,-1.72,-4.06,48.21,228,16.20,EMERALD+,jungle,2026-10-09T10:07Z
Kha'Zix,Bel'Veth,46.71,-0.79,-3.13,47.5,334,16.20,EMERALD+,jungle,2026-10-09T10:07Z
Kha'Zix,Quinn,47.45,0.51,-1.83,46.94,196,16.20,EMERALD+,jungle,2026-10-09T10:07Z
Kha'Zix,Shyvana,47.47,0.39,-1.95,47.08,554,16.20,EMERALD+,jungle,2026-10-09T10:07Z
Kha'Zix,Ivern,48.36,1.86,-0.48,46.5,122,16.20,EMERALD+,jungle,2026-10-09T10:07Z
Kha'Zix,Cho'Gath,48.77,2.04,-0.3,46.73,855,16.20,EMERALD+,jungle,2026-10-09T10:07Z
Kha'Zix,Shaco,48.82,1.63,-0.71,47.19,635,16.20,EMERALD+,jungle,2026-10-09T10:07Z
Kha'Zix,Zac,49.06,1.95,-0.39,47.11,320,16.20,EMERALD+,jungle,2026-10-09T10:07Z
Kha'Zix,Wukong,49.09,2.65,0.31,46.44,992,16.20,EMERALD+,jungle,2026-10-09T10:07Z
Kha'Zix,Warwick,49.22,2.73,0.39,46.49,386,16.20,EMERALD+,jungle,2026-10-09T10:07Z
Kha'Zix,Volibear,49.23,0.73,-1.61,48.5,130,16.20,EMERALD+,jungle,2026-10-09T10:07Z
Kha'Zix,Briar,49.38,1.46,-0.88,47.92,561,16.20,EMERALD+,jungle,2026-10-09T10:07Z
Kha'Zix,Talon,49.49,1.11,-1.23,48.38,986,16.20,EMERALD+,jungle,2026-10-09T10:07Z
Kha'Zix,Nunu & Willump,49.62,0.23,-2.11,49.39,264,16.20,EMERALD+,jungle,2026-10-09T10:07Z
Kha'Zix,Nocturne,49.82,0.7,-1.64,49.12,550,16.20,EMERALD+,jungle,2026-10-09T10:07Z
Kha'Zix,Naafiri,49.92,0.4,-1.94,49.52,643,16.20,EMERALD+,jungle,2026-10-09T10:07Z
Kha'Zix,Jayce,50.2,-0.73,-3.07,50.93,251,16.20,EMERALD+,jungle,2026-10-09T10:07Z
Kha'Zix,Kindred,50.21,0.65,-1.69,49.56,470,16.20,EMERALD+,jungle,2026-10-09T10:07Z
Kha'Zix,Jarvan IV,50.37,1.49,-0.85,48.88,816,16.20,EMERALD+,jungle,2026-10-09T10:07Z
Kha'Zix,Lillia,50.65,3.38,1.04,47.27,764,16.20,EMERALD+,jungle,2026-10-09T10:07Z
Kha'Zix,Xin Zhao,50.72,1.95,-0.39,48.77,276,16.20,EMERALD+,jungle,2026-10-09T10:07Z
Kha'Zix,Lee Sin,50.84,1.34,-1.0,49.5,2073,16.20,EMERALD+,jungle,2026-10-09T10:07Z
Kha'Zix,Evelynn,51.05,3.91,1.57,47.14,382,16.20,EMERALD+,jungle,2026-10-09T10:07Z
Kha'Zix,Kayn,51.28,2.76,0.42,48.52,1131,16.20,EMERALD+,jungle,2026-10-09T10:07Z
Kha'Zix,Nidalee,51.44,3.23,0.89,48.21,591,16.20,EMERALD+,jungle,2026-10-09T10:07Z
Kha'Zix,Hecarim,51.72,2.49,0.15,49.23,845,16.20,EMERALD+,jungle,2026-10-09T10:07Z
Kha'Zix,Qiyana,51.92,1.87,-0.47,50.05,1200,16.20,EMERALD+,jungle,2026-10-09T10:07Z
Kha'Zix,Master Yi,51.94,4.41,2.07,47.53,1084,16.20,EMERALD+,jungle,2026-10-09T10:07Z
Kha'Zix,Aatrox,52.17,4.29,1.95,47.88,115,16.20,EMERALD+,jungle,2026-10-09T10:07Z
Kha'Zix,Sylas,52.23,3.23,0.89,49.0,852,16.20,EMERALD+,jungle,2026-10-09T10:07Z
Kha'Zix,Rengar,52.6,1.77,-0.57,50.83,732,16.20,EMERALD+,jungle,2026-10-09T10:07Z
Kha'Zix,Ekko,52.8,4.59,2.25,48.21,661,16.20,EMERALD+,jungle,2026-10-09T10:07Z
Kha'Zix,Graves,52.99,3.97,1.63,49.02,1387,16.20,EMERALD+,jungle,2026-10-09T10:07Z
Kha'Zix,Amumu,53.0,4.61,2.27,48.39,217,16.20,EMERALD+,jungle,2026-10-09T10:07Z
Kha'Zix,Rammus,53.5,8.3,5.97,45.2,200,16.20,EMERALD+,jungle,2026-10-09T10:07Z
Kha'Zix,Diana,54.04,5.76,3.42,48.28,557,16.20,EMERALD+,jungle,2026-10-09T10:07Z
Kha'Zix,Vi,54.06,3.99,1.65,50.07,505,16.20,EMERALD+,jungle,2026-10-09T10:07Z
Kha'Zix,Gragas,54.13,6.87,4.53,47.26,109,16.20,EMERALD+,jungle,2026-10-09T10:07Z
Kha'Zix,Zed,54.17,3.42,1.08,50.75,408,16.20,EMERALD+,jungle,2026-10-09T10:07Z
Kha'Zix,Locke,55.93,1.9,-0.43,54.03,118,16.20,EMERALD+,jungle,2026-10-09T10:07Z
Kha'Zix,Viego,56.52,7.09,4.75,49.43,1350,16.20,EMERALD+,jungle,2026-10-09T10:07Z
Kindred,Rammus,43.7,-1.5,-3.4,45.2,119,16.20,EMERALD+,jungle,2026-10-09T10:07Z
Kindred,Rek'Sai,43.81,-2.75,-4.65,46.56,105,16.20,EMERALD+,jungle,2026-10-09T10:07Z
Kindred,Udyr,43.88,-4.33,-6.23,48.21,139,16.20,EMERALD+,jungle,2026-10-09T10:07Z
Kindred,Nunu & Willump,44.04,-5.35,-7.25,49.39,109,16.20,EMERALD+,jungle,2026-10-09T10:07Z
Kindred,Ekko,44.4,-3.81,-5.71,48.21,268,16.20,EMERALD+,jungle,2026-10-09T10:07Z
Kindred,Naafiri,46.47,-3.05,-4.95,49.52,170,16.20,EMERALD+,jungle,2026-10-09T10:07Z
Kindred,Elise,46.49,-1.19,-3.09,47.68,228,16.20,EMERALD+,jungle,2026-10-09T10:07Z
Kindred,Nidalee,46.77,-1.44,-3.34,48.21,248,16.20,EMERALD+,jungle,2026-10-09T10:07Z
Kindred,Zac,47.02,-0.09,-1.99,47.11,168,16.20,EMERALD+,jungle,2026-10-09T10:07Z
Kindred,Fiddlesticks,47.41,-0.35,-2.25,47.76,135,16.20,EMERALD+,jungle,2026-10-09T10:07Z
Kindred,Shaco,47.58,0.39,-1.51,47.19,269,16.20,EMERALD+,jungle,2026-10-09T10:07Z
Kindred,Amumu,47.79,-0.6,-2.5,48.39,113,16.20,EMERALD+,jungle,2026-10-09T10:07Z
Kindred,Talon,47.84,-0.54,-2.44,48.38,347,16.20,EMERALD+,jungle,2026-10-09T10:07Z
Kindred,Hecarim,47.98,-1.25,-3.15,49.23,371,16.20,EMERALD+,jungle,2026-10-09T10:07Z
Kindred,Evelynn,48.2,1.06,-0.84,47.14,139,16.20,EMERALD+,jungle,2026-10-09T10:07Z
Kindred,Cho'Gath,48.53,1.8,-0.1,46.73,441,16.20,EMERALD+,jungle,2026-10-09T10:07Z
Kindred,Graves,50.24,1.22,-0.68,49.02,621,16.20,EMERALD+,jungle,2026-10-09T10:07Z
Kindred,Kayn,50.28,1.76,-0.14,48.52,531,16.20,EMERALD+,jungle,2026-10-09T10:07Z
Kindred,Warwick,50.29,3.8,1.9,46.49,173,16.20,EMERALD+,jungle,2026-10-09T10:07Z
Kindred,Lillia,50.29,3.02,1.12,47.27,350,16.20,EMERALD+,jungle,2026-10-09T10:07Z
Kindred,Briar,50.35,2.43,0.53,47.92,288,16.20,EMERALD+,jungle,2026-10-09T10:07Z
Kindred,Sejuani,50.37,3.63,1.73,46.74,135,16.20,EMERALD+,jungle,2026-10-09T10:07Z
Kindred,Jarvan IV,50.7,1.82,-0.08,48.88,355,16.20,EMERALD+,jungle,2026-10-09T10:07Z
Kindred,Qiyana,50.75,0.7,-1.2,50.05,467,16.20,EMERALD+,jungle,2026-10-09T10:07Z
Kindred,Jayce,51.28,0.35,-1.55,50.93,117,16.20,EMERALD+,jungle,2026-10-09T10:07Z
Kindred,Wukong,51.34,4.9,3.0,46.44,409,16.20,EMERALD+,jungle,2026-10-09T10:07Z
Kindred,Diana,51.34,3.06,1.16,48.28,261,16.20,EMERALD+,jungle,2026-10-09T10:07Z
Kindred,Kha'Zix,51.95,2.83,0.93,49.12,487,16.20,EMERALD+,jungle,2026-10-09T10:07Z
Kindred,Viego,52.06,2.63,0.73,49.43,557,16.20,EMERALD+,jungle,2026-10-09T10:07Z
Kindred,Rengar,52.27,1.44,-0.46,50.83,176,16.20,EMERALD+,jungle,2026-10-09T10:07Z
Kindred,Bel'Veth,52.36,4.86,2.96,47.5,191,16.20,EMERALD+,jungle,2026-10-09T10:07Z
Kindred,Lee Sin,52.38,2.88,0.98,49.5,884,16.20,EMERALD+,jungle,2026-10-09T10:07Z
Kindred,Master Yi,52.44,4.91,3.01,47.53,410,16.20,EMERALD+,jungle,2026-10-09T10:07Z
Kindred,Vi,52.97,2.9,1.0,50.07,202,16.20,EMERALD+,jungle,2026-10-09T10:07Z
Kindred,Shyvana,53.23,6.15,4.25,47.08,248,16.20,EMERALD+,jungle,2026-10-09T10:07Z
Kindred,Sylas,53.41,4.41,2.51,49.0,425,16.20,EMERALD+,jungle,2026-10-09T10:07Z
Kindred,Nocturne,53.73,4.61,2.71,49.12,255,16.20,EMERALD+,jungle,2026-10-09T10:07Z
Kindred,Xin Zhao,54.1,5.33,3.43,48.77,122,16.20,EMERALD+,jungle,2026-10-09T10:07Z
Kindred,Zed,57.82,7.07,5.17,50.75,147,16.20,EMERALD+,jungle,2026-10-09T10:07Z
Lee Sin,Quinn,44.18,-2.76,-4.72,46.94,292,16.20,EMERALD+,jungle,2026-10-09T10:07Z
Lee Sin,Pantheon,44.76,-5.16,-7.12,49.92,315,16.20,EMERALD+,jungle,2026-10-09T10:07Z
Lee Sin,Zyra,44.87,-1.82,-3.78,46.69,312,16.20,EMERALD+,jungle,2026-10-09T10:07Z
Lee Sin,Taliyah,45.39,-2.76,-4.72,48.15,293,16.20,EMERALD+,jungle,2026-10-09T10:07Z
Lee Sin,Warwick,46.57,0.08,-1.88,46.49,801,16.20,EMERALD+,jungle,2026-10-09T10:07Z
Lee Sin,Zac,47.17,0.06,-1.9,47.11,689,16.20,EMERALD+,jungle,2026-10-09T10:07Z
Lee Sin,Shaco,47.58,0.39,-1.57,47.19,1074,16.20,EMERALD+,jungle,2026-10-09T10:07Z
Lee Sin,Gragas,47.75,0.49,-1.47,47.26,333,16.20,EMERALD+,jungle,2026-10-09T10:07Z
Lee Sin,Gwen,47.83,-0.57,-2.53,48.4,184,16.20,EMERALD+,jungle,2026-10-09T10:07Z
Lee Sin,Elise,48.08,0.4,-1.56,47.68,1042,16.20,EMERALD+,jungle,2026-10-09T10:07Z
Lee Sin,Lillia,48.66,1.39,-0.57,47.27,1309,16.20,EMERALD+,jungle,2026-10-09T10:07Z
Lee Sin,Sejuani,48.82,2.08,0.12,46.74,594,16.20,EMERALD+,jungle,2026-10-09T10:07Z
Lee Sin,Shyvana,48.9,1.82,-0.14,47.08,773,16.20,EMERALD+,jungle,2026-10-09T10:07Z
Lee Sin,Naafiri,48.91,-0.61,-2.57,49.52,1145,16.20,EMERALD+,jungle,2026-10-09T10:07Z
Lee Sin,Kindred,49.02,-0.54,-2.5,49.56,869,16.20,EMERALD+,jungle,2026-10-09T10:07Z
Lee Sin,Darius,49.21,0.73,-1.23,48.48,126,16.20,EMERALD+,jungle,2026-10-09T10:07Z
Lee Sin,Wukong,49.26,2.82,0.86,46.44,2097,16.20,EMERALD+,jungle,2026-10-09T10:07Z
Lee Sin,Skarner,49.28,1.46,-0.5,47.82,345,16.20,EMERALD+,jungle,2026-10-09T10:07Z
Lee Sin,Briar,49.38,1.46,-0.5,47.92,887,16.20,EMERALD+,jungle,2026-10-09T10:07Z
Lee Sin,Amumu,49.39,1.0,-0.96,48.39,407,16.20,EMERALD+,jungle,2026-10-09T10:07Z
Lee Sin,Rek'Sai,49.41,2.85,0.89,46.56,593,16.20,EMERALD+,jungle,2026-10-09T10:07Z
Lee Sin,Evelynn,49.58,2.44,0.48,47.14,474,16.20,EMERALD+,jungle,2026-10-09T10:07Z
Lee Sin,Nocturne,49.72,0.6,-1.36,49.12,1082,16.20,EMERALD+,jungle,2026-10-09T10:07Z
Lee Sin,Master Yi,49.79,2.26,0.3,47.53,1705,16.20,EMERALD+,jungle,2026-10-09T10:07Z
Lee Sin,Fiddlesticks,49.88,2.12,0.16,47.76,427,16.20,EMERALD+,jungle,2026-10-09T10:07Z
Lee Sin,Teemo,50.0,1.32,-0.64,48.68,110,16.20,EMERALD+,jungle,2026-10-09T10:07Z
Lee Sin,Nidalee,50.07,1.86,-0.1,48.21,1366,16.20,EMERALD+,jungle,2026-10-09T10:07Z
Lee Sin,Talon,50.15,1.77,-0.19,48.38,1370,16.20,EMERALD+,jungle,2026-10-09T10:07Z
Lee Sin,Qiyana,50.23,0.18,-1.78,50.05,2188,16.20,EMERALD+,jungle,2026-10-09T10:07Z
Lee Sin,Graves,50.35,1.33,-0.63,49.02,3176,16.20,EMERALD+,jungle,2026-10-09T10:07Z
Lee Sin,Cho'Gath,50.39,3.66,1.7,46.73,1528,16.20,EMERALD+,jungle,2026-10-09T10:07Z
Lee Sin,Diana,50.56,2.28,0.32,48.28,979,16.20,EMERALD+,jungle,2026-10-09T10:07Z
Lee Sin,Malphite,50.57,1.18,-0.78,49.39,176,16.20,EMERALD+,jungle,2026-10-09T10:07Z
Lee Sin,Nunu & Willump,50.76,1.37,-0.59,49.39,396,16.20,EMERALD+,jungle,2026-10-09T10:07Z
Lee Sin,Sylas,50.77,1.77,-0.19,49.0,2212,16.20,EMERALD+,jungle,2026-10-09T10:07Z
Lee Sin,Poppy,50.83,0.86,-1.1,49.97,240,16.20,EMERALD+,jungle,2026-10-09T10:07Z
Lee Sin,Volibear,50.85,2.35,0.39,48.5,234,16.20,EMERALD+,jungle,2026-10-09T10:07Z
Lee Sin,Aatrox,50.9,3.02,1.06,47.88,222,16.20,EMERALD+,jungle,2026-10-09T10:07Z
Lee Sin,Jarvan IV,51.04,2.16,0.2,48.88,2022,16.20,EMERALD+,jungle,2026-10-09T10:07Z
Lee Sin,Ekko,51.07,2.86,0.9,48.21,1030,16.20,EMERALD+,jungle,2026-10-09T10:07Z
Lee Sin,Rammus,51.1,5.9,3.94,45.2,364,16.20,EMERALD+,jungle,2026-10-09T10:07Z
Lee Sin,Xin Zhao,51.1,2.33,0.37,48.77,726,16.20,EMERALD+,jungle,2026-10-09T10:07Z
Lee Sin,Bel'Veth,51.21,3.71,1.75,47.5,494,16.20,EMERALD+,jungle,2026-10-09T10:07Z
Lee Sin,Udyr,51.3,3.09,1.13,48.21,345,16.20,EMERALD+,jungle,2026-10-09T10:07Z
Lee Sin,Kayn,51.36,2.84,0.88,48.52,1688,16.20,EMERALD+,jungle,2026-10-09T10:07Z
Lee Sin,Maokai,51.72,3.03,1.07,48.69,145,16.20,EMERALD+,jungle,2026-10-09T10:07Z
Lee Sin,Hecarim,51.74,2.51,0.55,49.23,1266,16.20,EMERALD+,jungle,2026-10-09T10:07Z
Lee Sin,Kha'Zix,52.02,2.9,0.94,49.12,2076,16.20,EMERALD+,jungle,2026-10-09T10:07Z
Lee Sin,Jayce,52.69,1.76,-0.2,50.93,761,16.20,EMERALD+,jungle,2026-10-09T10:07Z
Lee Sin,Zed,52.71,1.96,-0.0,50.75,848,16.20,EMERALD+,jungle,2026-10-09T10:07Z
Lee Sin,Ivern,53.0,6.5,4.54,46.5,217,16.20,EMERALD+,jungle,2026-10-09T10:07Z
Lee Sin,Locke,53.02,-1.01,-2.97,54.03,215,16.20,EMERALD+,jungle,2026-10-09T10:07Z
Lee Sin,Jax,53.21,2.68,0.72,50.53,218,16.20,EMERALD+,jungle,2026-10-09T10:07Z
Lee Sin,Trundle,53.33,4.08,2.12,49.25,135,16.20,EMERALD+,jungle,2026-10-09T10:07Z
Lee Sin,Vi,53.44,3.37,1.41,50.07,1497,16.20,EMERALD+,jungle,2026-10-09T10:07Z
Lee Sin,Viego,53.46,4.03,2.07,49.43,2531,16.20,EMERALD+,jungle,2026-10-09T10:07Z
Lee Sin,Karthus,54.57,4.36,2.4,50.21,317,16.20,EMERALD+,jungle,2026-10-09T10:07Z
Lee Sin,Rengar,54.63,3.8,1.84,50.83,842,16.20,EMERALD+,jungle,2026-10-09T10:07Z
Lee Sin,Ambessa,57.46,5.72,3.76,51.74,181,16.20,EMERALD+,jungle,2026-10-09T10:07Z
Lee Sin,Fizz,60.8,12.47,10.51,48.33,199,16.20,EMERALD+,jungle,2026-10-09T10:07Z
Lillia,Ivern,42.75,-3.75,-7.94,46.5,138,16.20,EMERALD+,jungle,2026-10-09T10:07Z
Lillia,Zed,45.75,-5.0,-9.19,50.75,247,16.20,EMERALD+,jungle,2026-10-09T10:07Z
Lillia,Udyr,48.0,-0.21,-4.4,48.21,250,16.20,EMERALD+,jungle,2026-10-09T10:07Z
Lillia,Jayce,48.04,-2.89,-7.08,50.93,204,16.20,EMERALD+,jungle,2026-10-09T10:07Z
Lillia,Evelynn,48.33,1.19,-3.0,47.14,240,16.20,EMERALD+,jungle,2026-10-09T10:07Z
Lillia,Master Yi,48.47,0.94,-3.25,47.53,687,16.20,EMERALD+,jungle,2026-10-09T10:07Z
Lillia,Skarner,48.53,0.71,-3.48,47.82,136,16.20,EMERALD+,jungle,2026-10-09T10:07Z
Lillia,Ekko,49.53,1.32,-2.87,48.21,430,16.20,EMERALD+,jungle,2026-10-09T10:07Z
Lillia,Rengar,49.7,-1.13,-5.32,50.83,330,16.20,EMERALD+,jungle,2026-10-09T10:07Z
Lillia,Viego,50.12,0.69,-3.5,49.43,828,16.20,EMERALD+,jungle,2026-10-09T10:07Z
Lillia,Sylas,50.61,1.61,-2.58,49.0,735,16.20,EMERALD+,jungle,2026-10-09T10:07Z
Lillia,Zyra,50.85,4.16,-0.03,46.69,118,16.20,EMERALD+,jungle,2026-10-09T10:07Z
Lillia,Kindred,51.16,1.6,-2.59,49.56,346,16.20,EMERALD+,jungle,2026-10-09T10:07Z
Lillia,Bel'Veth,51.35,3.85,-0.34,47.5,296,16.20,EMERALD+,jungle,2026-10-09T10:07Z
Lillia,Talon,51.51,3.13,-1.06,48.38,563,16.20,EMERALD+,jungle,2026-10-09T10:07Z
Lillia,Jarvan IV,51.52,2.64,-1.55,48.88,623,16.20,EMERALD+,jungle,2026-10-09T10:07Z
Lillia,Qiyana,51.56,1.51,-2.68,50.05,704,16.20,EMERALD+,jungle,2026-10-09T10:07Z
Lillia,Elise,51.6,3.92,-0.27,47.68,376,16.20,EMERALD+,jungle,2026-10-09T10:07Z
Lillia,Kha'Zix,51.68,2.56,-1.63,49.12,774,16.20,EMERALD+,jungle,2026-10-09T10:07Z
Lillia,Shaco,51.86,4.67,0.48,47.19,457,16.20,EMERALD+,jungle,2026-10-09T10:07Z
Lillia,Quinn,51.97,5.03,0.84,46.94,127,16.20,EMERALD+,jungle,2026-10-09T10:07Z
Lillia,Graves,52.1,3.08,-1.11,49.02,808,16.20,EMERALD+,jungle,2026-10-09T10:07Z
Lillia,Nocturne,52.13,3.01,-1.18,49.12,422,16.20,EMERALD+,jungle,2026-10-09T10:07Z
Lillia,Xin Zhao,52.21,3.44,-0.75,48.77,226,16.20,EMERALD+,jungle,2026-10-09T10:07Z
Lillia,Warwick,52.35,5.86,1.67,46.49,340,16.20,EMERALD+,jungle,2026-10-09T10:07Z
Lillia,Pantheon,52.48,2.56,-1.63,49.92,101,16.20,EMERALD+,jungle,2026-10-09T10:07Z
Lillia,Fiddlesticks,52.61,4.85,0.66,47.76,211,16.20,EMERALD+,jungle,2026-10-09T10:07Z
Lillia,Briar,52.73,4.81,0.62,47.92,440,16.20,EMERALD+,jungle,2026-10-09T10:07Z
Lillia,Vi,53.23,3.16,-1.03,50.07,402,16.20,EMERALD+,jungle,2026-10-09T10:07Z
Lillia,Volibear,53.28,4.78,0.59,48.5,122,16.20,EMERALD+,jungle,2026-10-09T10:07Z
Lillia,Nunu & Willump,53.3,3.91,-0.28,49.39,197,16.20,EMERALD+,jungle,2026-10-09T10:07Z
Lillia,Karthus,53.33,3.12,-1.07,50.21,165,16.20,EMERALD+,jungle,2026-10-09T10:07Z
Lillia,Lee Sin,53.37,3.87,-0.32,49.5,1336,16.20,EMERALD+,jungle,2026-10-09T10:07Z
Lillia,Cho'Gath,53.38,6.65,2.46,46.73,828,16.20,EMERALD+,jungle,2026-10-09T10:07Z
Lillia,Kayn,53.75,5.23,1.04,48.52,774,16.20,EMERALD+,jungle,2026-10-09T10:07Z
Lillia,Diana,53.91,5.63,1.44,48.28,473,16.20,EMERALD+,jungle,2026-10-09T10:07Z
Lillia,Naafiri,54.44,4.92,0.73,49.52,270,16.20,EMERALD+,jungle,2026-10-09T10:07Z
Lillia,Hecarim,55.56,6.33,2.14,49.23,783,16.20,EMERALD+,jungle,2026-10-09T10:07Z
Lillia,Shyvana,55.65,8.57,4.38,47.08,487,16.20,EMERALD+,jungle,2026-10-09T10:07Z
Lillia,Wukong,55.87,9.43,5.24,46.44,1031,16.20,EMERALD+,jungle,2026-10-09T10:07Z
Lillia,Amumu,56.41,8.02,3.83,48.39,234,16.20,EMERALD+,jungle,2026-10-09T10:07Z
Lillia,Rek'Sai,56.94,10.38,6.19,46.56,144,16.20,EMERALD+,jungle,2026-10-09T10:07Z
Lillia,Rammus,57.14,11.94,7.76,45.2,252,16.20,EMERALD+,jungle,2026-10-09T10:07Z
Lillia,Nidalee,57.23,9.02,4.83,48.21,325,16.20,EMERALD+,jungle,2026-10-09T10:07Z
Lillia,Gwen,57.55,9.15,4.96,48.4,106,16.20,EMERALD+,jungle,2026-10-09T10:07Z
Lillia,Zac,58.64,11.53,7.34,47.11,353,16.20,EMERALD+,jungle,2026-10-09T10:07Z
Lillia,Sejuani,62.54,15.8,11.61,46.74,323,16.20,EMERALD+,jungle,2026-10-09T10:07Z
Locke,Wukong,41.59,-4.84,-2.34,46.43,113,16.20,EMERALD+,jungle,2026-10-09T10:07Z
Locke,Kha'Zix,43.24,-5.91,-3.38,49.15,111,16.20,EMERALD+,jungle,2026-10-09T10:07Z
Locke,Qiyana,44.44,-5.61,-3.07,50.05,126,16.20,EMERALD+,jungle,2026-10-09T10:07Z
Locke,Sylas,45.38,-3.67,-1.14,49.05,119,16.20,EMERALD+,jungle,2026-10-09T10:07Z
Locke,Viego,45.6,-3.87,-1.33,49.47,125,16.20,EMERALD+,jungle,2026-10-09T10:07Z
Locke,Lee Sin,47.0,-2.49,0.05,49.49,200,16.20,EMERALD+,jungle,2026-10-09T10:07Z
Locke,Kayn,47.12,-1.43,1.1,48.55,104,16.20,EMERALD+,jungle,2026-10-09T10:07Z
Locke,Graves,50.0,0.98,3.51,49.02,112,16.20,EMERALD+,jungle,2026-10-09T10:07Z
Malphite,Cho'Gath,45.0,-1.73,-3.8,46.73,100,16.20,EMERALD+,jungle,2026-10-09T10:07Z
Malphite,Sylas,47.22,-1.78,-3.85,49.0,108,16.20,EMERALD+,jungle,2026-10-09T10:07Z
Malphite,Graves,50.0,0.98,-1.09,49.02,138,16.20,EMERALD+,jungle,2026-10-09T10:07Z
Malphite,Master Yi,50.45,2.92,0.85,47.53,111,16.20,EMERALD+,jungle,2026-10-09T10:07Z
Malphite,Wukong,50.89,4.45,2.38,46.44,112,16.20,EMERALD+,jungle,2026-10-09T10:07Z
Malphite,Viego,51.18,1.75,-0.32,49.43,127,16.20,EMERALD+,jungle,2026-10-09T10:07Z
Malphite,Lee Sin,53.33,3.83,1.76,49.5,180,16.20,EMERALD+,jungle,2026-10-09T10:07Z
Malphite,Qiyana,54.7,4.65,2.58,50.05,117,16.20,EMERALD+,jungle,2026-10-09T10:07Z
Malphite,Kayn,54.72,6.2,4.13,48.52,106,16.20,EMERALD+,jungle,2026-10-09T10:07Z
Malphite,Kha'Zix,58.26,9.14,7.07,49.12,115,16.20,EMERALD+,jungle,2026-10-09T10:07Z
Maokai,Lee Sin,51.37,1.87,-0.9,49.5,146,16.20,EMERALD+,jungle,2026-10-09T10:07Z
Master Yi,Aatrox,44.95,-2.93,-6.86,47.88,109,16.20,EMERALD+,jungle,2026-10-09T10:07Z
Master Yi,Elise,45.03,-2.65,-6.58,47.68,433,16.20,EMERALD+,jungle,2026-10-09T10:07Z
Master Yi,Skarner,45.45,-2.37,-6.3,47.82,110,16.20,EMERALD+,jungle,2026-10-09T10:07Z
Master Yi,Rammus,47.3,2.1,-1.82,45.2,649,16.20,EMERALD+,jungle,2026-10-09T10:07Z
Master Yi,Ivern,48.28,1.78,-2.15,46.5,116,16.20,EMERALD+,jungle,2026-10-09T10:07Z
Master Yi,Udyr,48.65,0.44,-3.49,48.21,222,16.20,EMERALD+,jungle,2026-10-09T10:07Z
Master Yi,Rek'Sai,48.85,2.29,-1.64,46.56,174,16.20,EMERALD+,jungle,2026-10-09T10:07Z
Master Yi,Cho'Gath,48.88,2.15,-1.78,46.73,851,16.20,EMERALD+,jungle,2026-10-09T10:07Z
Master Yi,Nidalee,49.46,1.25,-2.68,48.21,370,16.20,EMERALD+,jungle,2026-10-09T10:07Z
Master Yi,Shaco,49.54,2.35,-1.58,47.19,549,16.20,EMERALD+,jungle,2026-10-09T10:07Z
Master Yi,Hecarim,49.55,0.32,-3.61,49.23,668,16.20,EMERALD+,jungle,2026-10-09T10:07Z
Master Yi,Xin Zhao,49.59,0.82,-3.11,48.77,242,16.20,EMERALD+,jungle,2026-10-09T10:07Z
Master Yi,Sylas,49.66,0.66,-3.27,49.0,737,16.20,EMERALD+,jungle,2026-10-09T10:07Z
Master Yi,Wukong,49.69,3.25,-0.68,46.44,972,16.20,EMERALD+,jungle,2026-10-09T10:07Z
Master Yi,Kha'Zix,50.05,0.93,-3.0,49.12,1075,16.20,EMERALD+,jungle,2026-10-09T10:07Z
Master Yi,Briar,50.28,2.36,-1.57,47.92,539,16.20,EMERALD+,jungle,2026-10-09T10:07Z
Master Yi,Sejuani,50.31,3.57,-0.36,46.74,318,16.20,EMERALD+,jungle,2026-10-09T10:07Z
Master Yi,Ekko,50.48,2.27,-1.66,48.21,525,16.20,EMERALD+,jungle,2026-10-09T10:07Z
Master Yi,Evelynn,50.66,3.52,-0.41,47.14,302,16.20,EMERALD+,jungle,2026-10-09T10:07Z
Master Yi,Viego,50.83,1.4,-2.53,49.43,1212,16.20,EMERALD+,jungle,2026-10-09T10:07Z
Master Yi,Vi,50.86,0.79,-3.14,50.07,525,16.20,EMERALD+,jungle,2026-10-09T10:07Z
Master Yi,Fizz,51.49,3.16,-0.77,48.33,101,16.20,EMERALD+,jungle,2026-10-09T10:07Z
Master Yi,Quinn,51.76,4.82,0.89,46.94,199,16.20,EMERALD+,jungle,2026-10-09T10:07Z
Master Yi,Kindred,51.82,2.26,-1.67,49.56,413,16.20,EMERALD+,jungle,2026-10-09T10:07Z
Master Yi,Diana,51.88,3.6,-0.33,48.28,480,16.20,EMERALD+,jungle,2026-10-09T10:07Z
Master Yi,Warwick,51.95,5.46,1.53,46.49,435,16.20,EMERALD+,jungle,2026-10-09T10:07Z
Master Yi,Zac,52.03,4.92,0.99,47.11,296,16.20,EMERALD+,jungle,2026-10-09T10:07Z
Master Yi,Bel'Veth,52.05,4.55,0.62,47.5,317,16.20,EMERALD+,jungle,2026-10-09T10:07Z
Master Yi,Talon,52.11,3.73,-0.2,48.38,687,16.20,EMERALD+,jungle,2026-10-09T10:07Z
Master Yi,Volibear,52.76,4.26,0.33,48.5,127,16.20,EMERALD+,jungle,2026-10-09T10:07Z
Master Yi,Karthus,52.94,2.73,-1.2,50.21,153,16.20,EMERALD+,jungle,2026-10-09T10:07Z
Master Yi,Nocturne,52.95,3.83,-0.1,49.12,576,16.20,EMERALD+,jungle,2026-10-09T10:07Z
Master Yi,Nunu & Willump,53.03,3.64,-0.29,49.39,198,16.20,EMERALD+,jungle,2026-10-09T10:07Z
Master Yi,Shyvana,53.95,6.87,2.94,47.08,506,16.20,EMERALD+,jungle,2026-10-09T10:07Z
Master Yi,Qiyana,53.95,3.9,-0.03,50.05,810,16.20,EMERALD+,jungle,2026-10-09T10:07Z
Master Yi,Lillia,53.97,6.7,2.77,47.27,667,16.20,EMERALD+,jungle,2026-10-09T10:07Z
Master Yi,Lee Sin,54.27,4.77,0.84,49.5,1723,16.20,EMERALD+,jungle,2026-10-09T10:07Z
Master Yi,Gragas,54.31,7.05,3.12,47.26,116,16.20,EMERALD+,jungle,2026-10-09T10:07Z
Master Yi,Jayce,54.46,3.53,-0.4,50.93,202,16.20,EMERALD+,jungle,2026-10-09T10:07Z
Master Yi,Naafiri,55.03,5.51,1.58,49.52,318,16.20,EMERALD+,jungle,2026-10-09T10:07Z
Master Yi,Jax,55.06,4.53,0.6,50.53,267,16.20,EMERALD+,jungle,2026-10-09T10:07Z
Master Yi,Graves,55.27,6.25,2.32,49.02,1252,16.20,EMERALD+,jungle,2026-10-09T10:07Z
Master Yi,Kayn,56.07,7.55,3.62,48.52,1054,16.20,EMERALD+,jungle,2026-10-09T10:07Z
Master Yi,Amumu,56.08,7.69,3.76,48.39,296,16.20,EMERALD+,jungle,2026-10-09T10:07Z
Master Yi,Fiddlesticks,56.15,8.39,4.46,47.76,301,16.20,EMERALD+,jungle,2026-10-09T10:07Z
Master Yi,Jarvan IV,57.09,8.21,4.28,48.88,741,16.20,EMERALD+,jungle,2026-10-09T10:07Z
Master Yi,Pantheon,57.41,7.49,3.56,49.92,108,16.20,EMERALD+,jungle,2026-10-09T10:07Z
Master Yi,Rengar,60.3,9.47,5.54,50.83,461,16.20,EMERALD+,jungle,2026-10-09T10:07Z
Master Yi,Malphite,60.36,10.97,7.04,49.39,111,16.20,EMERALD+,jungle,2026-10-09T10:07Z
Master Yi,Zed,60.48,9.73,5.8,50.75,372,16.20,EMERALD+,jungle,2026-10-09T10:07Z
Naafiri,Diana,42.66,-5.62,-7.56,48.28,218,16.20,EMERALD+,jungle,2026-10-09T10:07Z
Naafiri,Kayn,43.41,-5.11,-7.05,48.52,417,16.20,EMERALD+,jungle,2026-10-09T10:07Z
Naafiri,Zac,45.95,-1.16,-3.1,47.11,111,16.20,EMERALD+,jungle,2026-10-09T10:07Z
Naafiri,Lillia,46.3,-0.97,-2.91,47.27,257,16.20,EMERALD+,jungle,2026-10-09T10:07Z
Naafiri,Nocturne,46.69,-2.43,-4.37,49.12,242,16.20,EMERALD+,jungle,2026-10-09T10:07Z
Naafiri,Bel'Veth,46.9,-0.6,-2.54,47.5,113,16.20,EMERALD+,jungle,2026-10-09T10:07Z
Naafiri,Elise,47.06,-0.62,-2.56,47.68,187,16.20,EMERALD+,jungle,2026-10-09T10:07Z
Naafiri,Ekko,47.26,-0.95,-2.89,48.21,237,16.20,EMERALD+,jungle,2026-10-09T10:07Z
Naafiri,Master Yi,47.35,-0.18,-2.12,47.53,321,16.20,EMERALD+,jungle,2026-10-09T10:07Z
Naafiri,Wukong,47.41,0.97,-0.97,46.44,424,16.20,EMERALD+,jungle,2026-10-09T10:07Z
Naafiri,Hecarim,47.56,-1.67,-3.61,49.23,307,16.20,EMERALD+,jungle,2026-10-09T10:07Z
Naafiri,Shyvana,47.59,0.51,-1.43,47.08,166,16.20,EMERALD+,jungle,2026-10-09T10:07Z
Naafiri,Jarvan IV,47.66,-1.22,-3.16,48.88,342,16.20,EMERALD+,jungle,2026-10-09T10:07Z
Naafiri,Jayce,48.03,-2.9,-4.84,50.93,127,16.20,EMERALD+,jungle,2026-10-09T10:07Z
Naafiri,Viego,48.26,-1.17,-3.11,49.43,431,16.20,EMERALD+,jungle,2026-10-09T10:07Z
Naafiri,Sejuani,48.57,1.83,-0.11,46.74,105,16.20,EMERALD+,jungle,2026-10-09T10:07Z
Naafiri,Talon,48.7,0.32,-1.62,48.38,386,16.20,EMERALD+,jungle,2026-10-09T10:07Z
Naafiri,Shaco,49.05,1.86,-0.08,47.19,263,16.20,EMERALD+,jungle,2026-10-09T10:07Z
Naafiri,Warwick,49.62,3.13,1.19,46.49,133,16.20,EMERALD+,jungle,2026-10-09T10:07Z
Naafiri,Cho'Gath,49.68,2.95,1.01,46.73,316,16.20,EMERALD+,jungle,2026-10-09T10:07Z
Naafiri,Fiddlesticks,50.0,2.24,0.3,47.76,104,16.20,EMERALD+,jungle,2026-10-09T10:07Z
Naafiri,Nidalee,50.25,2.04,0.1,48.21,199,16.20,EMERALD+,jungle,2026-10-09T10:07Z
Naafiri,Evelynn,51.22,4.08,2.14,47.14,123,16.20,EMERALD+,jungle,2026-10-09T10:07Z
Naafiri,Vi,51.81,1.74,-0.2,50.07,249,16.20,EMERALD+,jungle,2026-10-09T10:07Z
Naafiri,Qiyana,52.39,2.34,0.4,50.05,460,16.20,EMERALD+,jungle,2026-10-09T10:07Z
Naafiri,Kha'Zix,52.57,3.45,1.51,49.12,643,16.20,EMERALD+,jungle,2026-10-09T10:07Z
Naafiri,Briar,53.59,5.67,3.73,47.92,237,16.20,EMERALD+,jungle,2026-10-09T10:07Z
Naafiri,Lee Sin,53.82,4.32,2.38,49.5,1165,16.20,EMERALD+,jungle,2026-10-09T10:07Z
Naafiri,Xin Zhao,54.55,5.78,3.84,48.77,110,16.20,EMERALD+,jungle,2026-10-09T10:07Z
Naafiri,Graves,54.87,5.85,3.91,49.02,503,16.20,EMERALD+,jungle,2026-10-09T10:07Z
Naafiri,Sylas,54.94,5.94,4.0,49.0,395,16.20,EMERALD+,jungle,2026-10-09T10:07Z
Naafiri,Kindred,55.42,5.86,3.92,49.56,166,16.20,EMERALD+,jungle,2026-10-09T10:07Z
Naafiri,Nunu & Willump,55.45,6.06,4.12,49.39,101,16.20,EMERALD+,jungle,2026-10-09T10:07Z
Naafiri,Zed,56.4,5.65,3.71,50.75,172,16.20,EMERALD+,jungle,2026-10-09T10:07Z
Naafiri,Rengar,62.72,11.89,9.95,50.83,228,16.20,EMERALD+,jungle,2026-10-09T10:07Z
Nidalee,Zac,39.86,-7.25,-10.5,47.11,143,16.20,EMERALD+,jungle,2026-10-09T10:07Z
Nidalee,Warwick,42.86,-3.63,-6.88,46.49,112,16.20,EMERALD+,jungle,2026-10-09T10:07Z
Nidalee,Diana,45.27,-3.01,-6.26,48.28,243,16.20,EMERALD+,jungle,2026-10-09T10:07Z
Nidalee,Lillia,45.48,-1.79,-5.04,47.27,310,16.20,EMERALD+,jungle,2026-10-09T10:07Z
Nidalee,Evelynn,46.4,-0.74,-3.99,47.14,125,16.20,EMERALD+,jungle,2026-10-09T10:07Z
Nidalee,Shaco,46.95,-0.24,-3.49,47.19,213,16.20,EMERALD+,jungle,2026-10-09T10:07Z
Nidalee,Zyra,47.06,0.37,-2.88,46.69,102,16.20,EMERALD+,jungle,2026-10-09T10:07Z
Nidalee,Wukong,47.33,0.89,-2.36,46.44,374,16.20,EMERALD+,jungle,2026-10-09T10:07Z
Nidalee,Rengar,47.83,-3.0,-6.25,50.83,184,16.20,EMERALD+,jungle,2026-10-09T10:07Z
Nidalee,Nunu & Willump,48.74,-0.65,-3.9,49.39,119,16.20,EMERALD+,jungle,2026-10-09T10:07Z
Nidalee,Rek'Sai,49.0,2.44,-0.81,46.56,100,16.20,EMERALD+,jungle,2026-10-09T10:07Z
Nidalee,Naafiri,49.75,0.23,-3.02,49.52,197,16.20,EMERALD+,jungle,2026-10-09T10:07Z
Nidalee,Elise,50.85,3.17,-0.08,47.68,236,16.20,EMERALD+,jungle,2026-10-09T10:07Z
Nidalee,Kha'Zix,50.85,1.73,-1.52,49.12,588,16.20,EMERALD+,jungle,2026-10-09T10:07Z
Nidalee,Fiddlesticks,51.0,3.24,-0.01,47.76,100,16.20,EMERALD+,jungle,2026-10-09T10:07Z
Nidalee,Shyvana,51.12,4.04,0.79,47.08,178,16.20,EMERALD+,jungle,2026-10-09T10:07Z
Nidalee,Briar,51.53,3.61,0.36,47.92,229,16.20,EMERALD+,jungle,2026-10-09T10:07Z
Nidalee,Talon,51.6,3.22,-0.03,48.38,438,16.20,EMERALD+,jungle,2026-10-09T10:07Z
Nidalee,Lee Sin,51.72,2.22,-1.03,49.5,1367,16.20,EMERALD+,jungle,2026-10-09T10:07Z
Nidalee,Sylas,52.27,3.27,0.02,49.0,375,16.20,EMERALD+,jungle,2026-10-09T10:07Z
Nidalee,Ekko,52.34,4.13,0.88,48.21,235,16.20,EMERALD+,jungle,2026-10-09T10:07Z
Nidalee,Jarvan IV,52.64,3.76,0.51,48.88,397,16.20,EMERALD+,jungle,2026-10-09T10:07Z
Nidalee,Hecarim,52.65,3.42,0.17,49.23,340,16.20,EMERALD+,jungle,2026-10-09T10:07Z
Nidalee,Qiyana,52.75,2.7,-0.55,50.05,582,16.20,EMERALD+,jungle,2026-10-09T10:07Z
Nidalee,Master Yi,53.19,5.66,2.41,47.53,361,16.20,EMERALD+,jungle,2026-10-09T10:07Z
Nidalee,Viego,53.37,3.94,0.69,49.43,519,16.20,EMERALD+,jungle,2026-10-09T10:07Z
Nidalee,Vi,53.69,3.62,0.37,50.07,244,16.20,EMERALD+,jungle,2026-10-09T10:07Z
Nidalee,Kayn,53.8,5.28,2.03,48.52,355,16.20,EMERALD+,jungle,2026-10-09T10:07Z
Nidalee,Cho'Gath,54.39,7.66,4.41,46.73,296,16.20,EMERALD+,jungle,2026-10-09T10:07Z
Nidalee,Nocturne,54.4,5.28,2.03,49.12,182,16.20,EMERALD+,jungle,2026-10-09T10:07Z
Nidalee,Kindred,54.47,4.91,1.66,49.56,246,16.20,EMERALD+,jungle,2026-10-09T10:07Z
Nidalee,Graves,54.55,5.53,2.28,49.02,726,16.20,EMERALD+,jungle,2026-10-09T10:07Z
Nidalee,Bel'Veth,55.28,7.78,4.53,47.5,123,16.20,EMERALD+,jungle,2026-10-09T10:07Z
Nidalee,Xin Zhao,55.63,6.86,3.61,48.77,151,16.20,EMERALD+,jungle,2026-10-09T10:07Z
Nidalee,Zed,56.42,5.67,2.42,50.75,179,16.20,EMERALD+,jungle,2026-10-09T10:07Z
Nidalee,Jayce,58.97,8.04,4.79,50.93,195,16.20,EMERALD+,jungle,2026-10-09T10:07Z
Nocturne,Rammus,42.86,-2.34,-4.67,45.2,133,16.20,EMERALD+,jungle,2026-10-09T10:07Z
Nocturne,Evelynn,44.07,-3.07,-5.41,47.14,177,16.20,EMERALD+,jungle,2026-10-09T10:07Z
Nocturne,Cho'Gath,45.03,-1.7,-4.04,46.73,493,16.20,EMERALD+,jungle,2026-10-09T10:07Z
Nocturne,Elise,45.28,-2.4,-4.74,47.68,254,16.20,EMERALD+,jungle,2026-10-09T10:07Z
Nocturne,Ekko,45.64,-2.57,-4.91,48.21,344,16.20,EMERALD+,jungle,2026-10-09T10:07Z
Nocturne,Wukong,45.7,-0.74,-3.08,46.44,593,16.20,EMERALD+,jungle,2026-10-09T10:07Z
Nocturne,Zac,46.11,-1.0,-3.34,47.11,167,16.20,EMERALD+,jungle,2026-10-09T10:07Z
Nocturne,Jarvan IV,46.67,-2.21,-4.55,48.88,525,16.20,EMERALD+,jungle,2026-10-09T10:07Z
Nocturne,Shyvana,46.83,-0.25,-2.59,47.08,284,16.20,EMERALD+,jungle,2026-10-09T10:07Z
Nocturne,Udyr,47.37,-0.84,-3.18,48.21,133,16.20,EMERALD+,jungle,2026-10-09T10:07Z
Nocturne,Vi,48.0,-2.07,-4.41,50.07,275,16.20,EMERALD+,jungle,2026-10-09T10:07Z
Nocturne,Bel'Veth,48.6,1.1,-1.24,47.5,179,16.20,EMERALD+,jungle,2026-10-09T10:07Z
Nocturne,Quinn,48.67,1.73,-0.61,46.94,113,16.20,EMERALD+,jungle,2026-10-09T10:07Z
Nocturne,Talon,48.71,0.33,-2.01,48.38,425,16.20,EMERALD+,jungle,2026-10-09T10:07Z
Nocturne,Warwick,49.19,2.7,0.36,46.49,248,16.20,EMERALD+,jungle,2026-10-09T10:07Z
Nocturne,Nidalee,49.46,1.25,-1.09,48.21,186,16.20,EMERALD+,jungle,2026-10-09T10:07Z
Nocturne,Karthus,49.53,-0.68,-3.02,50.21,107,16.20,EMERALD+,jungle,2026-10-09T10:07Z
Nocturne,Graves,50.0,0.98,-1.36,49.02,654,16.20,EMERALD+,jungle,2026-10-09T10:07Z
Nocturne,Kindred,50.2,0.64,-1.7,49.56,255,16.20,EMERALD+,jungle,2026-10-09T10:07Z
Nocturne,Diana,50.86,2.58,0.24,48.28,291,16.20,EMERALD+,jungle,2026-10-09T10:07Z
Nocturne,Viego,50.91,1.48,-0.86,49.43,656,16.20,EMERALD+,jungle,2026-10-09T10:07Z
Nocturne,Hecarim,51.34,2.11,-0.23,49.23,411,16.20,EMERALD+,jungle,2026-10-09T10:07Z
Nocturne,Zed,51.5,0.75,-1.59,50.75,233,16.20,EMERALD+,jungle,2026-10-09T10:07Z
Nocturne,Amumu,51.77,3.38,1.04,48.39,141,16.20,EMERALD+,jungle,2026-10-09T10:07Z
Nocturne,Lillia,51.9,4.63,2.29,47.27,420,16.20,EMERALD+,jungle,2026-10-09T10:07Z
Nocturne,Sylas,51.91,2.91,0.57,49.0,551,16.20,EMERALD+,jungle,2026-10-09T10:07Z
Nocturne,Kha'Zix,52.32,3.2,0.86,49.12,539,16.20,EMERALD+,jungle,2026-10-09T10:07Z
Nocturne,Xin Zhao,52.74,3.97,1.63,48.77,146,16.20,EMERALD+,jungle,2026-10-09T10:07Z
Nocturne,Master Yi,52.79,5.26,2.92,47.53,555,16.20,EMERALD+,jungle,2026-10-09T10:07Z
Nocturne,Sejuani,53.13,6.39,4.05,46.74,160,16.20,EMERALD+,jungle,2026-10-09T10:07Z
Nocturne,Briar,53.19,5.27,2.93,47.92,329,16.20,EMERALD+,jungle,2026-10-09T10:07Z
Nocturne,Nunu & Willump,53.45,4.06,1.72,49.39,116,16.20,EMERALD+,jungle,2026-10-09T10:07Z
Nocturne,Rengar,54.0,3.17,0.83,50.83,250,16.20,EMERALD+,jungle,2026-10-09T10:07Z
Nocturne,Lee Sin,54.09,4.59,2.25,49.5,1052,16.20,EMERALD+,jungle,2026-10-09T10:07Z
Nocturne,Qiyana,54.21,4.16,1.82,50.05,535,16.20,EMERALD+,jungle,2026-10-09T10:07Z
Nocturne,Jayce,55.0,4.07,1.73,50.93,120,16.20,EMERALD+,jungle,2026-10-09T10:07Z
Nocturne,Shaco,55.34,8.15,5.81,47.19,356,16.20,EMERALD+,jungle,2026-10-09T10:07Z
Nocturne,Fiddlesticks,55.41,7.65,5.31,47.76,157,16.20,EMERALD+,jungle,2026-10-09T10:07Z
Nocturne,Kayn,55.81,7.29,4.95,48.52,602,16.20,EMERALD+,jungle,2026-10-09T10:07Z
Nocturne,Naafiri,56.3,6.78,4.44,49.52,254,16.20,EMERALD+,jungle,2026-10-09T10:07Z
Nunu & Willump,Briar,43.51,-4.41,-6.48,47.92,131,16.20,EMERALD+,jungle,2026-10-09T10:07Z
Nunu & Willump,Kayn,44.44,-4.08,-6.15,48.52,252,16.20,EMERALD+,jungle,2026-10-09T10:07Z
Nunu & Willump,Cho'Gath,46.73,-0.0,-2.07,46.73,214,16.20,EMERALD+,jungle,2026-10-09T10:07Z
Nunu & Willump,Elise,47.29,-0.39,-2.46,47.68,129,16.20,EMERALD+,jungle,2026-10-09T10:07Z
Nunu & Willump,Vi,47.62,-2.45,-4.52,50.07,126,16.20,EMERALD+,jungle,2026-10-09T10:07Z
Nunu & Willump,Graves,47.74,-1.28,-3.35,49.02,266,16.20,EMERALD+,jungle,2026-10-09T10:07Z
Nunu & Willump,Wukong,48.48,2.04,-0.03,46.44,264,16.20,EMERALD+,jungle,2026-10-09T10:07Z
Nunu & Willump,Shyvana,49.36,2.28,0.21,47.08,156,16.20,EMERALD+,jungle,2026-10-09T10:07Z
Nunu & Willump,Sylas,49.48,0.48,-1.59,49.0,289,16.20,EMERALD+,jungle,2026-10-09T10:07Z
Nunu & Willump,Shaco,49.69,2.5,0.43,47.19,163,16.20,EMERALD+,jungle,2026-10-09T10:07Z
Nunu & Willump,Master Yi,50.0,2.47,0.4,47.53,198,16.20,EMERALD+,jungle,2026-10-09T10:07Z
Nunu & Willump,Lillia,50.26,2.99,0.92,47.27,193,16.20,EMERALD+,jungle,2026-10-09T10:07Z
Nunu & Willump,Ekko,50.64,2.43,0.36,48.21,156,16.20,EMERALD+,jungle,2026-10-09T10:07Z
Nunu & Willump,Kha'Zix,50.98,1.86,-0.21,49.12,255,16.20,EMERALD+,jungle,2026-10-09T10:07Z
Nunu & Willump,Rengar,51.43,0.6,-1.47,50.83,140,16.20,EMERALD+,jungle,2026-10-09T10:07Z
Nunu & Willump,Viego,51.43,2.0,-0.07,49.43,280,16.20,EMERALD+,jungle,2026-10-09T10:07Z
Nunu & Willump,Qiyana,51.54,1.49,-0.58,50.05,260,16.20,EMERALD+,jungle,2026-10-09T10:07Z
Nunu & Willump,Lee Sin,51.92,2.42,0.35,49.5,391,16.20,EMERALD+,jungle,2026-10-09T10:07Z
Nunu & Willump,Nidalee,52.0,3.79,1.72,48.21,125,16.20,EMERALD+,jungle,2026-10-09T10:07Z
Nunu & Willump,Talon,52.89,4.51,2.44,48.38,225,16.20,EMERALD+,jungle,2026-10-09T10:07Z
Nunu & Willump,Jarvan IV,53.41,4.53,2.46,48.88,249,16.20,EMERALD+,jungle,2026-10-09T10:07Z
Nunu & Willump,Nocturne,53.51,4.39,2.32,49.12,114,16.20,EMERALD+,jungle,2026-10-09T10:07Z
Nunu & Willump,Hecarim,56.52,7.29,5.22,49.23,207,16.20,EMERALD+,jungle,2026-10-09T10:07Z
Nunu & Willump,Diana,57.25,8.97,6.9,48.28,138,16.20,EMERALD+,jungle,2026-10-09T10:07Z
Nunu & Willump,Kindred,58.93,9.37,7.3,49.56,112,16.20,EMERALD+,jungle,2026-10-09T10:07Z
Pantheon,Wukong,36.21,-10.23,-11.77,46.44,116,16.20,EMERALD+,jungle,2026-10-09T10:07Z
Pantheon,Master Yi,44.04,-3.49,-5.03,47.53,109,16.20,EMERALD+,jungle,2026-10-09T10:07Z
Pantheon,Qiyana,44.3,-5.75,-7.29,50.05,149,16.20,EMERALD+,jungle,2026-10-09T10:07Z
Pantheon,Jarvan IV,45.54,-3.34,-4.88,48.88,112,16.20,EMERALD+,jungle,2026-10-09T10:07Z
Pantheon,Kayn,47.57,-0.95,-2.49,48.52,103,16.20,EMERALD+,jungle,2026-10-09T10:07Z
Pantheon,Viego,48.39,-1.04,-2.58,49.43,124,16.20,EMERALD+,jungle,2026-10-09T10:07Z
Pantheon,Talon,51.0,2.62,1.08,48.38,100,16.20,EMERALD+,jungle,2026-10-09T10:07Z
Pantheon,Graves,54.41,5.39,3.85,49.02,136,16.20,EMERALD+,jungle,2026-10-09T10:07Z
Pantheon,Sylas,54.92,5.92,4.38,49.0,122,16.20,EMERALD+,jungle,2026-10-09T10:07Z
Pantheon,Lee Sin,56.59,7.09,5.55,49.5,334,16.20,EMERALD+,jungle,2026-10-09T10:07Z
Pantheon,Lillia,56.6,9.33,7.79,47.27,106,16.20,EMERALD+,jungle,2026-10-09T10:07Z
Poppy,Lee Sin,49.8,0.3,-1.19,49.5,249,16.20,EMERALD+,jungle,2026-10-09T10:07Z
Qiyana,Rammus,42.16,-3.04,-4.45,45.2,268,16.20,EMERALD+,jungle,2026-10-09T10:07Z
Qiyana,Quinn,43.59,-3.35,-4.76,46.94,195,16.20,EMERALD+,jungle,2026-10-09T10:07Z
Qiyana,Shyvana,43.91,-3.17,-4.58,47.08,501,16.20,EMERALD+,jungle,2026-10-09T10:07Z
Qiyana,Zyra,43.93,-2.76,-4.17,46.69,173,16.20,EMERALD+,jungle,2026-10-09T10:07Z
Qiyana,Gragas,44.04,-3.22,-4.63,47.26,109,16.20,EMERALD+,jungle,2026-10-09T10:07Z
Qiyana,Xin Zhao,44.78,-3.99,-5.4,48.77,297,16.20,EMERALD+,jungle,2026-10-09T10:07Z
Qiyana,Sejuani,44.95,-1.79,-3.2,46.74,307,16.20,EMERALD+,jungle,2026-10-09T10:07Z
Qiyana,Amumu,44.96,-3.43,-4.84,48.39,238,16.20,EMERALD+,jungle,2026-10-09T10:07Z
Qiyana,Rek'Sai,45.18,-1.38,-2.79,46.56,228,16.20,EMERALD+,jungle,2026-10-09T10:07Z
Qiyana,Wukong,45.21,-1.23,-2.64,46.44,1095,16.20,EMERALD+,jungle,2026-10-09T10:07Z
Qiyana,Ivern,45.64,-0.86,-2.27,46.5,149,16.20,EMERALD+,jungle,2026-10-09T10:07Z
Qiyana,Gwen,45.8,-2.6,-4.01,48.4,131,16.20,EMERALD+,jungle,2026-10-09T10:07Z
Qiyana,Rengar,46.4,-4.43,-5.84,50.83,625,16.20,EMERALD+,jungle,2026-10-09T10:07Z
Qiyana,Hecarim,46.83,-2.4,-3.81,49.23,867,16.20,EMERALD+,jungle,2026-10-09T10:07Z
Qiyana,Evelynn,46.93,-0.21,-1.62,47.14,375,16.20,EMERALD+,jungle,2026-10-09T10:07Z
Qiyana,Aatrox,47.9,0.02,-1.39,47.88,119,16.20,EMERALD+,jungle,2026-10-09T10:07Z
Qiyana,Cho'Gath,48.08,1.35,-0.06,46.73,809,16.20,EMERALD+,jungle,2026-10-09T10:07Z
Qiyana,Malphite,48.28,-1.11,-2.52,49.39,116,16.20,EMERALD+,jungle,2026-10-09T10:07Z
Qiyana,Nocturne,48.43,-0.69,-2.1,49.12,543,16.20,EMERALD+,jungle,2026-10-09T10:07Z
Qiyana,Zac,48.48,1.37,-0.04,47.11,361,16.20,EMERALD+,jungle,2026-10-09T10:07Z
Qiyana,Nunu & Willump,48.65,-0.74,-2.15,49.39,259,16.20,EMERALD+,jungle,2026-10-09T10:07Z
Qiyana,Master Yi,48.77,1.24,-0.17,47.53,812,16.20,EMERALD+,jungle,2026-10-09T10:07Z
Qiyana,Nidalee,48.85,0.64,-0.77,48.21,610,16.20,EMERALD+,jungle,2026-10-09T10:07Z
Qiyana,Kayn,49.21,0.69,-0.72,48.52,1075,16.20,EMERALD+,jungle,2026-10-09T10:07Z
Qiyana,Naafiri,49.34,-0.18,-1.59,49.52,458,16.20,EMERALD+,jungle,2026-10-09T10:07Z
Qiyana,Karthus,49.72,-0.49,-1.9,50.21,181,16.20,EMERALD+,jungle,2026-10-09T10:07Z
Qiyana,Kha'Zix,49.83,0.71,-0.7,49.12,1200,16.20,EMERALD+,jungle,2026-10-09T10:07Z
Qiyana,Fiddlesticks,49.84,2.08,0.67,47.76,305,16.20,EMERALD+,jungle,2026-10-09T10:07Z
Qiyana,Bel'Veth,49.84,2.34,0.93,47.5,315,16.20,EMERALD+,jungle,2026-10-09T10:07Z
Qiyana,Talon,49.86,1.48,0.07,48.38,1089,16.20,EMERALD+,jungle,2026-10-09T10:07Z
Qiyana,Warwick,49.87,3.38,1.97,46.49,389,16.20,EMERALD+,jungle,2026-10-09T10:07Z
Qiyana,Briar,49.91,1.99,0.58,47.92,577,16.20,EMERALD+,jungle,2026-10-09T10:07Z
Qiyana,Graves,50.68,1.66,0.25,49.02,1255,16.20,EMERALD+,jungle,2026-10-09T10:07Z
Qiyana,Lee Sin,50.85,1.35,-0.06,49.5,2183,16.20,EMERALD+,jungle,2026-10-09T10:07Z
Qiyana,Kindred,50.89,1.33,-0.08,49.56,450,16.20,EMERALD+,jungle,2026-10-09T10:07Z
Qiyana,Udyr,51.15,2.94,1.53,48.21,217,16.20,EMERALD+,jungle,2026-10-09T10:07Z
Qiyana,Skarner,51.32,3.5,2.09,47.82,189,16.20,EMERALD+,jungle,2026-10-09T10:07Z
Qiyana,Lillia,51.36,4.09,2.68,47.27,699,16.20,EMERALD+,jungle,2026-10-09T10:07Z
Qiyana,Jarvan IV,51.36,2.48,1.07,48.88,917,16.20,EMERALD+,jungle,2026-10-09T10:07Z
Qiyana,Diana,51.39,3.11,1.7,48.28,613,16.20,EMERALD+,jungle,2026-10-09T10:07Z
Qiyana,Fizz,51.82,3.49,2.08,48.33,110,16.20,EMERALD+,jungle,2026-10-09T10:07Z
Qiyana,Shaco,52.55,5.36,3.95,47.19,628,16.20,EMERALD+,jungle,2026-10-09T10:07Z
Qiyana,Ekko,52.76,4.55,3.14,48.21,652,16.20,EMERALD+,jungle,2026-10-09T10:07Z
Qiyana,Sylas,52.77,3.77,2.36,49.0,1139,16.20,EMERALD+,jungle,2026-10-09T10:07Z
Qiyana,Elise,54.17,6.49,5.08,47.68,504,16.20,EMERALD+,jungle,2026-10-09T10:07Z
Qiyana,Viego,54.25,4.82,3.41,49.43,1318,16.20,EMERALD+,jungle,2026-10-09T10:07Z
Qiyana,Taliyah,54.48,6.33,4.92,48.15,134,16.20,EMERALD+,jungle,2026-10-09T10:07Z
Qiyana,Zed,54.55,3.8,2.39,50.75,451,16.20,EMERALD+,jungle,2026-10-09T10:07Z
Qiyana,Locke,54.69,0.66,-0.75,54.03,128,16.20,EMERALD+,jungle,2026-10-09T10:07Z
Qiyana,Vi,55.72,5.65,4.24,50.07,542,16.20,EMERALD+,jungle,2026-10-09T10:07Z
Qiyana,Jayce,56.23,5.3,3.89,50.93,281,16.20,EMERALD+,jungle,2026-10-09T10:07Z
Qiyana,Volibear,56.3,7.8,6.39,48.5,119,16.20,EMERALD+,jungle,2026-10-09T10:07Z
Qiyana,Pantheon,58.33,8.41,7.0,49.92,144,16.20,EMERALD+,jungle,2026-10-09T10:07Z
Quinn,Lillia,46.72,-0.55,-5.07,47.27,122,16.20,EMERALD+,jungle,2026-10-09T10:07Z
Quinn,Ekko,49.12,0.91,-3.61,48.21,114,16.20,EMERALD+,jungle,2026-10-09T10:07Z
Quinn,Cho'Gath,49.57,2.84,-1.68,46.73,115,16.20,EMERALD+,jungle,2026-10-09T10:07Z
Quinn,Shyvana,50.0,2.92,-1.6,47.08,108,16.20,EMERALD+,jungle,2026-10-09T10:07Z
Quinn,Wukong,50.29,3.85,-0.67,46.44,175,16.20,EMERALD+,jungle,2026-10-09T10:07Z
Quinn,Vi,50.44,0.37,-4.15,50.07,113,16.20,EMERALD+,jungle,2026-10-09T10:07Z
Quinn,Shaco,51.49,4.3,-0.22,47.19,101,16.20,EMERALD+,jungle,2026-10-09T10:07Z
Quinn,Talon,51.66,3.28,-1.24,48.38,151,16.20,EMERALD+,jungle,2026-10-09T10:07Z
Quinn,Master Yi,51.87,4.34,-0.18,47.53,187,16.20,EMERALD+,jungle,2026-10-09T10:07Z
Quinn,Sylas,52.08,3.08,-1.44,49.0,144,16.20,EMERALD+,jungle,2026-10-09T10:07Z
Quinn,Graves,52.49,3.47,-1.05,49.02,181,16.20,EMERALD+,jungle,2026-10-09T10:07Z
Quinn,Viego,52.68,3.25,-1.27,49.43,205,16.20,EMERALD+,jungle,2026-10-09T10:07Z
Quinn,Rengar,54.1,3.27,-1.25,50.83,122,16.20,EMERALD+,jungle,2026-10-09T10:07Z
Quinn,Qiyana,54.5,4.45,-0.07,50.05,200,16.20,EMERALD+,jungle,2026-10-09T10:07Z
Quinn,Diana,55.77,7.49,2.97,48.28,104,16.20,EMERALD+,jungle,2026-10-09T10:07Z
Quinn,Kha'Zix,56.28,7.16,2.64,49.12,199,16.20,EMERALD+,jungle,2026-10-09T10:07Z
Quinn,Hecarim,56.97,7.74,3.22,49.23,165,16.20,EMERALD+,jungle,2026-10-09T10:07Z
Quinn,Lee Sin,57.19,7.69,3.17,49.5,292,16.20,EMERALD+,jungle,2026-10-09T10:07Z
Quinn,Nocturne,57.27,8.15,3.63,49.12,110,16.20,EMERALD+,jungle,2026-10-09T10:07Z
Quinn,Jarvan IV,58.65,9.77,5.25,48.88,133,16.20,EMERALD+,jungle,2026-10-09T10:07Z
Quinn,Kayn,58.79,10.27,5.75,48.52,199,16.20,EMERALD+,jungle,2026-10-09T10:07Z
Quinn,Briar,63.78,15.86,11.34,47.92,127,16.20,EMERALD+,jungle,2026-10-09T10:07Z
Rammus,Lillia,45.97,-1.3,-7.57,47.27,248,16.20,EMERALD+,jungle,2026-10-09T10:07Z
Rammus,Shaco,48.73,1.54,-4.73,47.19,158,16.20,EMERALD+,jungle,2026-10-09T10:07Z
Rammus,Cho'Gath,48.94,2.21,-4.06,46.73,235,16.20,EMERALD+,jungle,2026-10-09T10:07Z
Rammus,Wukong,50.5,4.06,-2.21,46.44,200,16.20,EMERALD+,jungle,2026-10-09T10:07Z
Rammus,Kha'Zix,50.93,1.81,-4.46,49.12,214,16.20,EMERALD+,jungle,2026-10-09T10:07Z
Rammus,Ekko,52.21,4.0,-2.27,48.21,136,16.20,EMERALD+,jungle,2026-10-09T10:07Z
Rammus,Sylas,52.53,3.53,-2.74,49.0,217,16.20,EMERALD+,jungle,2026-10-09T10:07Z
Rammus,Jarvan IV,52.69,3.81,-2.46,48.88,167,16.20,EMERALD+,jungle,2026-10-09T10:07Z
Rammus,Rengar,53.13,2.3,-3.95,50.83,160,16.20,EMERALD+,jungle,2026-10-09T10:07Z
Rammus,Briar,53.49,5.57,-0.7,47.92,215,16.20,EMERALD+,jungle,2026-10-09T10:07Z
Rammus,Lee Sin,53.55,4.05,-2.21,49.5,366,16.20,EMERALD+,jungle,2026-10-09T10:07Z
Rammus,Zed,54.29,3.54,-2.71,50.75,105,16.20,EMERALD+,jungle,2026-10-09T10:07Z
Rammus,Hecarim,55.6,6.37,0.1,49.23,241,16.20,EMERALD+,jungle,2026-10-09T10:07Z
Rammus,Kayn,55.68,7.16,0.89,48.52,264,16.20,EMERALD+,jungle,2026-10-09T10:07Z
Rammus,Graves,55.78,6.76,0.49,49.02,303,16.20,EMERALD+,jungle,2026-10-09T10:07Z
Rammus,Master Yi,55.84,8.31,2.04,47.53,625,16.20,EMERALD+,jungle,2026-10-09T10:07Z
Rammus,Diana,56.52,8.24,1.97,48.28,138,16.20,EMERALD+,jungle,2026-10-09T10:07Z
Rammus,Viego,57.14,7.71,1.45,49.43,378,16.20,EMERALD+,jungle,2026-10-09T10:07Z
Rammus,Talon,57.48,9.1,2.83,48.38,214,16.20,EMERALD+,jungle,2026-10-09T10:07Z
Rammus,Vi,57.6,7.53,1.27,50.07,125,16.20,EMERALD+,jungle,2026-10-09T10:07Z
Rammus,Bel'Veth,58.56,11.06,4.79,47.5,111,16.20,EMERALD+,jungle,2026-10-09T10:07Z
Rammus,Shyvana,58.56,11.48,5.21,47.08,111,16.20,EMERALD+,jungle,2026-10-09T10:07Z
Rammus,Nocturne,59.23,10.11,3.84,49.12,130,16.20,EMERALD+,jungle,2026-10-09T10:07Z
Rammus,Kindred,59.5,9.94,3.68,49.56,121,16.20,EMERALD+,jungle,2026-10-09T10:07Z
Rammus,Qiyana,60.14,10.09,3.83,50.05,281,16.20,EMERALD+,jungle,2026-10-09T10:07Z
Rammus,Warwick,60.4,13.91,7.64,46.49,149,16.20,EMERALD+,jungle,2026-10-09T10:07Z
Rek'Sai,Lillia,44.83,-2.44,-7.34,47.27,145,16.20,EMERALD+,jungle,2026-10-09T10:07Z
Rek'Sai,Sylas,46.52,-2.48,-7.38,49.0,187,16.20,EMERALD+,jungle,2026-10-09T10:07Z
Rek'Sai,Ekko,48.12,-0.09,-4.99,48.21,133,16.20,EMERALD+,jungle,2026-10-09T10:07Z
Rek'Sai,Hecarim,48.75,-0.48,-5.38,49.23,160,16.20,EMERALD+,jungle,2026-10-09T10:07Z
Rek'Sai,Wukong,48.78,2.34,-2.56,46.44,205,16.20,EMERALD+,jungle,2026-10-09T10:07Z
Rek'Sai,Jarvan IV,48.89,0.01,-4.89,48.88,180,16.20,EMERALD+,jungle,2026-10-09T10:07Z
Rek'Sai,Shyvana,50.4,3.32,-1.58,47.08,125,16.20,EMERALD+,jungle,2026-10-09T10:07Z
Rek'Sai,Lee Sin,50.68,1.18,-3.72,49.5,592,16.20,EMERALD+,jungle,2026-10-09T10:07Z
Rek'Sai,Viego,52.07,2.64,-2.26,49.43,217,16.20,EMERALD+,jungle,2026-10-09T10:07Z
Rek'Sai,Cho'Gath,52.29,5.56,0.66,46.73,153,16.20,EMERALD+,jungle,2026-10-09T10:07Z
Rek'Sai,Master Yi,53.37,5.84,0.94,47.53,163,16.20,EMERALD+,jungle,2026-10-09T10:07Z
Rek'Sai,Bel'Veth,55.14,7.64,2.74,47.5,107,16.20,EMERALD+,jungle,2026-10-09T10:07Z
Rek'Sai,Rengar,55.34,4.51,-0.39,50.83,103,16.20,EMERALD+,jungle,2026-10-09T10:07Z
Rek'Sai,Briar,55.66,7.74,2.84,47.92,106,16.20,EMERALD+,jungle,2026-10-09T10:07Z
Rek'Sai,Talon,56.25,7.87,2.97,48.38,176,16.20,EMERALD+,jungle,2026-10-09T10:07Z
Rek'Sai,Kindred,57.01,7.45,2.55,49.56,107,16.20,EMERALD+,jungle,2026-10-09T10:07Z
Rek'Sai,Kayn,57.06,8.54,3.64,48.52,163,16.20,EMERALD+,jungle,2026-10-09T10:07Z
Rek'Sai,Qiyana,57.45,7.4,2.5,50.05,235,16.20,EMERALD+,jungle,2026-10-09T10:07Z
Rek'Sai,Graves,58.96,9.94,5.04,49.02,212,16.20,EMERALD+,jungle,2026-10-09T10:07Z
Rek'Sai,Shaco,60.17,12.98,8.08,47.19,118,16.20,EMERALD+,jungle,2026-10-09T10:07Z
Rek'Sai,Kha'Zix,61.58,12.46,7.56,49.12,190,16.20,EMERALD+,jungle,2026-10-09T10:07Z
Rek'Sai,Elise,62.07,14.39,9.49,47.68,116,16.20,EMERALD+,jungle,2026-10-09T10:07Z
Rengar,Warwick,39.23,-7.26,-7.9,46.49,209,16.20,EMERALD+,jungle,2026-10-09T10:07Z
Rengar,Zac,41.9,-5.21,-5.84,47.11,179,16.20,EMERALD+,jungle,2026-10-09T10:07Z
Rengar,Naafiri,41.92,-7.6,-8.23,49.52,229,16.20,EMERALD+,jungle,2026-10-09T10:07Z
Rengar,Master Yi,42.6,-4.93,-5.56,47.53,446,16.20,EMERALD+,jungle,2026-10-09T10:07Z
Rengar,Sejuani,44.05,-2.69,-3.32,46.74,168,16.20,EMERALD+,jungle,2026-10-09T10:07Z
Rengar,Rek'Sai,44.12,-2.44,-3.07,46.56,102,16.20,EMERALD+,jungle,2026-10-09T10:07Z
Rengar,Jarvan IV,45.06,-3.82,-4.45,48.88,415,16.20,EMERALD+,jungle,2026-10-09T10:07Z
Rengar,Diana,45.39,-2.89,-3.52,48.28,271,16.20,EMERALD+,jungle,2026-10-09T10:07Z
Rengar,Sylas,46.29,-2.71,-3.34,49.0,391,16.20,EMERALD+,jungle,2026-10-09T10:07Z
Rengar,Wukong,46.41,-0.03,-0.67,46.44,502,16.20,EMERALD+,jungle,2026-10-09T10:07Z
Rengar,Cho'Gath,46.57,-0.16,-0.79,46.73,466,16.20,EMERALD+,jungle,2026-10-09T10:07Z
Rengar,Bel'Veth,47.2,-0.3,-0.93,47.5,161,16.20,EMERALD+,jungle,2026-10-09T10:07Z
Rengar,Kindred,47.56,-2.0,-2.63,49.56,164,16.20,EMERALD+,jungle,2026-10-09T10:07Z
Rengar,Rammus,47.71,2.51,1.87,45.2,153,16.20,EMERALD+,jungle,2026-10-09T10:07Z
Rengar,Kha'Zix,48.38,-0.74,-1.37,49.12,711,16.20,EMERALD+,jungle,2026-10-09T10:07Z
Rengar,Nocturne,48.72,-0.4,-1.03,49.12,234,16.20,EMERALD+,jungle,2026-10-09T10:07Z
Rengar,Graves,48.82,-0.2,-0.83,49.02,553,16.20,EMERALD+,jungle,2026-10-09T10:07Z
Rengar,Quinn,49.17,2.23,1.6,46.94,120,16.20,EMERALD+,jungle,2026-10-09T10:07Z
Rengar,Briar,49.38,1.46,0.83,47.92,320,16.20,EMERALD+,jungle,2026-10-09T10:07Z
Rengar,Lee Sin,49.4,-0.1,-0.73,49.5,828,16.20,EMERALD+,jungle,2026-10-09T10:07Z
Rengar,Hecarim,49.76,0.53,-0.1,49.23,414,16.20,EMERALD+,jungle,2026-10-09T10:07Z
Rengar,Nunu & Willump,50.36,0.97,0.34,49.39,139,16.20,EMERALD+,jungle,2026-10-09T10:07Z
Rengar,Kayn,50.56,2.04,1.41,48.52,534,16.20,EMERALD+,jungle,2026-10-09T10:07Z
Rengar,Evelynn,50.75,3.61,2.98,47.14,199,16.20,EMERALD+,jungle,2026-10-09T10:07Z
Rengar,Viego,50.95,1.52,0.89,49.43,634,16.20,EMERALD+,jungle,2026-10-09T10:07Z
Rengar,Ekko,51.06,2.85,2.22,48.21,329,16.20,EMERALD+,jungle,2026-10-09T10:07Z
Rengar,Elise,51.41,3.73,3.1,47.68,249,16.20,EMERALD+,jungle,2026-10-09T10:07Z
Rengar,Amumu,51.43,3.04,2.41,48.39,105,16.20,EMERALD+,jungle,2026-10-09T10:07Z
Rengar,Vi,51.65,1.58,0.95,50.07,242,16.20,EMERALD+,jungle,2026-10-09T10:07Z
Rengar,Fiddlesticks,52.26,4.5,3.87,47.76,155,16.20,EMERALD+,jungle,2026-10-09T10:07Z
Rengar,Lillia,52.48,5.21,4.58,47.27,322,16.20,EMERALD+,jungle,2026-10-09T10:07Z
Rengar,Udyr,52.86,4.65,4.02,48.21,140,16.20,EMERALD+,jungle,2026-10-09T10:07Z
Rengar,Shaco,52.91,5.72,5.09,47.19,361,16.20,EMERALD+,jungle,2026-10-09T10:07Z
Rengar,Shyvana,53.05,5.97,5.34,47.08,311,16.20,EMERALD+,jungle,2026-10-09T10:07Z
Rengar,Talon,53.31,4.93,4.3,48.38,484,16.20,EMERALD+,jungle,2026-10-09T10:07Z
Rengar,Xin Zhao,53.68,4.91,4.28,48.77,136,16.20,EMERALD+,jungle,2026-10-09T10:07Z
Rengar,Nidalee,54.05,5.84,5.21,48.21,185,16.20,EMERALD+,jungle,2026-10-09T10:07Z
Rengar,Qiyana,55.21,5.16,4.53,50.05,614,16.20,EMERALD+,jungle,2026-10-09T10:07Z
Rengar,Zed,56.99,6.24,5.61,50.75,186,16.20,EMERALD+,jungle,2026-10-09T10:07Z
Sejuani,Lillia,41.12,-6.15,-10.87,47.27,321,16.20,EMERALD+,jungle,2026-10-09T10:07Z
Sejuani,Nidalee,46.79,-1.42,-6.14,48.21,109,16.20,EMERALD+,jungle,2026-10-09T10:07Z
Sejuani,Evelynn,46.79,-0.35,-5.07,47.14,109,16.20,EMERALD+,jungle,2026-10-09T10:07Z
Sejuani,Talon,47.04,-1.34,-6.06,48.38,270,16.20,EMERALD+,jungle,2026-10-09T10:07Z
Sejuani,Ekko,50.26,2.05,-2.67,48.21,191,16.20,EMERALD+,jungle,2026-10-09T10:07Z
Sejuani,Hecarim,50.43,1.2,-3.52,49.23,234,16.20,EMERALD+,jungle,2026-10-09T10:07Z
Sejuani,Zac,50.74,3.63,-1.09,47.11,136,16.20,EMERALD+,jungle,2026-10-09T10:07Z
Sejuani,Diana,51.38,3.1,-1.62,48.28,181,16.20,EMERALD+,jungle,2026-10-09T10:07Z
Sejuani,Nocturne,51.96,2.84,-1.88,49.12,179,16.20,EMERALD+,jungle,2026-10-09T10:07Z
Sejuani,Bel'Veth,52.25,4.75,0.03,47.5,111,16.20,EMERALD+,jungle,2026-10-09T10:07Z
Sejuani,Sylas,52.29,3.29,-1.43,49.0,327,16.20,EMERALD+,jungle,2026-10-09T10:07Z
Sejuani,Wukong,52.49,6.05,1.33,46.44,362,16.20,EMERALD+,jungle,2026-10-09T10:07Z
Sejuani,Viego,52.88,3.45,-1.27,49.43,399,16.20,EMERALD+,jungle,2026-10-09T10:07Z
Sejuani,Kayn,52.97,4.45,-0.27,48.52,387,16.20,EMERALD+,jungle,2026-10-09T10:07Z
Sejuani,Amumu,53.0,4.61,-0.11,48.39,100,16.20,EMERALD+,jungle,2026-10-09T10:07Z
Sejuani,Naafiri,53.21,3.69,-1.03,49.52,109,16.20,EMERALD+,jungle,2026-10-09T10:07Z
Sejuani,Cho'Gath,53.29,6.56,1.84,46.73,319,16.20,EMERALD+,jungle,2026-10-09T10:07Z
Sejuani,Fiddlesticks,53.33,5.57,0.85,47.76,105,16.20,EMERALD+,jungle,2026-10-09T10:07Z
Sejuani,Jarvan IV,53.44,4.56,-0.16,48.88,262,16.20,EMERALD+,jungle,2026-10-09T10:07Z
Sejuani,Shaco,53.59,6.4,1.68,47.19,209,16.20,EMERALD+,jungle,2026-10-09T10:07Z
Sejuani,Elise,53.8,6.12,1.4,47.68,158,16.20,EMERALD+,jungle,2026-10-09T10:07Z
Sejuani,Master Yi,53.87,6.34,1.62,47.53,297,16.20,EMERALD+,jungle,2026-10-09T10:07Z
Sejuani,Lee Sin,54.01,4.51,-0.21,49.5,598,16.20,EMERALD+,jungle,2026-10-09T10:07Z
Sejuani,Briar,54.19,6.27,1.55,47.92,179,16.20,EMERALD+,jungle,2026-10-09T10:07Z
Sejuani,Kindred,54.89,5.33,0.61,49.56,133,16.20,EMERALD+,jungle,2026-10-09T10:07Z
Sejuani,Qiyana,56.27,6.22,1.5,50.05,311,16.20,EMERALD+,jungle,2026-10-09T10:07Z
Sejuani,Vi,56.57,6.5,1.78,50.07,175,16.20,EMERALD+,jungle,2026-10-09T10:07Z
Sejuani,Zed,56.76,6.01,1.29,50.75,111,16.20,EMERALD+,jungle,2026-10-09T10:07Z
Sejuani,Kha'Zix,56.97,7.85,3.13,49.12,323,16.20,EMERALD+,jungle,2026-10-09T10:07Z
Sejuani,Rengar,57.14,6.31,1.59,50.83,189,16.20,EMERALD+,jungle,2026-10-09T10:07Z
Sejuani,Shyvana,57.4,10.32,5.6,47.08,169,16.20,EMERALD+,jungle,2026-10-09T10:07Z
Sejuani,Graves,57.93,8.91,4.19,49.02,347,16.20,EMERALD+,jungle,2026-10-09T10:07Z
Sejuani,Warwick,59.12,12.63,7.91,46.49,137,16.20,EMERALD+,jungle,2026-10-09T10:07Z
Shaco,Rek'Sai,43.7,-2.86,-7.13,46.56,119,16.20,EMERALD+,jungle,2026-10-09T10:07Z
Shaco,Udyr,45.29,-2.92,-7.19,48.21,170,16.20,EMERALD+,jungle,2026-10-09T10:07Z
Shaco,Talon,46.88,-1.5,-5.77,48.38,529,16.20,EMERALD+,jungle,2026-10-09T10:07Z
Shaco,Evelynn,47.25,0.11,-4.16,47.14,218,16.20,EMERALD+,jungle,2026-10-09T10:07Z
Shaco,Zac,49.33,2.22,-2.05,47.11,223,16.20,EMERALD+,jungle,2026-10-09T10:07Z
Shaco,Rengar,49.44,-1.39,-5.66,50.83,356,16.20,EMERALD+,jungle,2026-10-09T10:07Z
Shaco,Wukong,49.5,3.06,-1.21,46.44,604,16.20,EMERALD+,jungle,2026-10-09T10:07Z
Shaco,Jarvan IV,50.22,1.34,-2.93,48.88,464,16.20,EMERALD+,jungle,2026-10-09T10:07Z
Shaco,Qiyana,50.24,0.19,-4.08,50.05,621,16.20,EMERALD+,jungle,2026-10-09T10:07Z
Shaco,Cho'Gath,50.38,3.65,-0.62,46.73,530,16.20,EMERALD+,jungle,2026-10-09T10:07Z
Shaco,Xin Zhao,50.67,1.9,-2.37,48.77,150,16.20,EMERALD+,jungle,2026-10-09T10:07Z
Shaco,Briar,50.82,2.9,-1.37,47.92,366,16.20,EMERALD+,jungle,2026-10-09T10:07Z
Shaco,Sejuani,50.89,4.15,-0.12,46.74,224,16.20,EMERALD+,jungle,2026-10-09T10:07Z
Shaco,Graves,51.17,2.15,-2.12,49.02,596,16.20,EMERALD+,jungle,2026-10-09T10:07Z
Shaco,Kayn,51.31,2.79,-1.48,48.52,723,16.20,EMERALD+,jungle,2026-10-09T10:07Z
Shaco,Lillia,51.47,4.2,-0.07,47.27,443,16.20,EMERALD+,jungle,2026-10-09T10:07Z
Shaco,Fiddlesticks,51.79,4.03,-0.24,47.76,224,16.20,EMERALD+,jungle,2026-10-09T10:07Z
Shaco,Nocturne,52.34,3.22,-1.05,49.12,342,16.20,EMERALD+,jungle,2026-10-09T10:07Z
Shaco,Vi,52.38,2.31,-1.96,50.07,273,16.20,EMERALD+,jungle,2026-10-09T10:07Z
Shaco,Hecarim,52.59,3.36,-0.91,49.23,502,16.20,EMERALD+,jungle,2026-10-09T10:07Z
Shaco,Ekko,52.92,4.71,0.44,48.21,342,16.20,EMERALD+,jungle,2026-10-09T10:07Z
Shaco,Bel'Veth,53.51,6.01,1.74,47.5,228,16.20,EMERALD+,jungle,2026-10-09T10:07Z
Shaco,Diana,53.83,5.55,1.28,48.28,379,16.20,EMERALD+,jungle,2026-10-09T10:07Z
Shaco,Naafiri,53.97,4.45,0.18,49.52,252,16.20,EMERALD+,jungle,2026-10-09T10:07Z
Shaco,Quinn,54.05,7.11,2.84,46.94,111,16.20,EMERALD+,jungle,2026-10-09T10:07Z
Shaco,Warwick,54.07,7.58,3.31,46.49,246,16.20,EMERALD+,jungle,2026-10-09T10:07Z
Shaco,Elise,54.34,6.66,2.39,47.68,265,16.20,EMERALD+,jungle,2026-10-09T10:07Z
Shaco,Zed,54.42,3.67,-0.6,50.75,215,16.20,EMERALD+,jungle,2026-10-09T10:07Z
Shaco,Master Yi,54.64,7.11,2.84,47.53,549,16.20,EMERALD+,jungle,2026-10-09T10:07Z
Shaco,Kha'Zix,54.66,5.54,1.27,49.12,644,16.20,EMERALD+,jungle,2026-10-09T10:07Z
Shaco,Karthus,54.76,4.55,0.28,50.21,126,16.20,EMERALD+,jungle,2026-10-09T10:07Z
Shaco,Shyvana,54.77,7.69,3.42,47.08,409,16.20,EMERALD+,jungle,2026-10-09T10:07Z
Shaco,Amumu,55.19,6.8,2.53,48.39,183,16.20,EMERALD+,jungle,2026-10-09T10:07Z
Shaco,Kindred,55.34,5.78,1.51,49.56,253,16.20,EMERALD+,jungle,2026-10-09T10:07Z
Shaco,Jayce,55.77,4.84,0.57,50.93,104,16.20,EMERALD+,jungle,2026-10-09T10:07Z
Shaco,Nidalee,55.84,7.63,3.36,48.21,231,16.20,EMERALD+,jungle,2026-10-09T10:07Z
Shaco,Volibear,55.86,7.36,3.09,48.5,111,16.20,EMERALD+,jungle,2026-10-09T10:07Z
Shaco,Nunu & Willump,56.02,6.63,2.36,49.39,166,16.20,EMERALD+,jungle,2026-10-09T10:07Z
Shaco,Viego,56.44,7.01,2.74,49.43,707,16.20,EMERALD+,jungle,2026-10-09T10:07Z
Shaco,Lee Sin,56.47,6.97,2.7,49.5,1066,16.20,EMERALD+,jungle,2026-10-09T10:07Z
Shaco,Rammus,57.06,11.86,7.6,45.2,163,16.20,EMERALD+,jungle,2026-10-09T10:07Z
Shaco,Sylas,57.27,8.27,4.0,49.0,440,16.20,EMERALD+,jungle,2026-10-09T10:07Z
Shyvana,Warwick,45.13,-1.36,-5.74,46.49,277,16.20,EMERALD+,jungle,2026-10-09T10:07Z
Shyvana,Volibear,45.77,-2.73,-7.11,48.5,142,16.20,EMERALD+,jungle,2026-10-09T10:07Z
Shyvana,Sylas,46.24,-2.76,-7.14,49.0,558,16.20,EMERALD+,jungle,2026-10-09T10:07Z
Shyvana,Udyr,47.32,-0.89,-5.27,48.21,205,16.20,EMERALD+,jungle,2026-10-09T10:07Z
Shyvana,Lillia,49.58,2.31,-2.07,47.27,472,16.20,EMERALD+,jungle,2026-10-09T10:07Z
Shyvana,Shaco,50.0,2.81,-1.57,47.19,414,16.20,EMERALD+,jungle,2026-10-09T10:07Z
Shyvana,Rek'Sai,50.0,3.44,-0.94,46.56,116,16.20,EMERALD+,jungle,2026-10-09T10:07Z
Shyvana,Rammus,50.0,4.8,0.43,45.2,108,16.20,EMERALD+,jungle,2026-10-09T10:07Z
Shyvana,Xin Zhao,50.0,1.23,-3.15,48.77,150,16.20,EMERALD+,jungle,2026-10-09T10:07Z
Shyvana,Talon,50.22,1.84,-2.54,48.38,452,16.20,EMERALD+,jungle,2026-10-09T10:07Z
Shyvana,Amumu,50.23,1.84,-2.54,48.39,213,16.20,EMERALD+,jungle,2026-10-09T10:07Z
Shyvana,Sejuani,50.28,3.54,-0.84,46.74,179,16.20,EMERALD+,jungle,2026-10-09T10:07Z
Shyvana,Quinn,50.43,3.49,-0.89,46.94,115,16.20,EMERALD+,jungle,2026-10-09T10:07Z
Shyvana,Kindred,50.6,1.04,-3.34,49.56,249,16.20,EMERALD+,jungle,2026-10-09T10:07Z
Shyvana,Cho'Gath,50.7,3.97,-0.41,46.73,568,16.20,EMERALD+,jungle,2026-10-09T10:07Z
Shyvana,Rengar,50.78,-0.05,-4.43,50.83,319,16.20,EMERALD+,jungle,2026-10-09T10:07Z
Shyvana,Karthus,51.28,1.07,-3.31,50.21,117,16.20,EMERALD+,jungle,2026-10-09T10:07Z
Shyvana,Bel'Veth,51.46,3.96,-0.42,47.5,239,16.20,EMERALD+,jungle,2026-10-09T10:07Z
Shyvana,Wukong,51.85,5.41,1.03,46.44,704,16.20,EMERALD+,jungle,2026-10-09T10:07Z
Shyvana,Nidalee,51.96,3.75,-0.63,48.21,179,16.20,EMERALD+,jungle,2026-10-09T10:07Z
Shyvana,Evelynn,52.02,4.88,0.5,47.14,198,16.20,EMERALD+,jungle,2026-10-09T10:07Z
Shyvana,Naafiri,52.33,2.81,-1.57,49.52,172,16.20,EMERALD+,jungle,2026-10-09T10:07Z
Shyvana,Viego,52.71,3.28,-1.1,49.43,700,16.20,EMERALD+,jungle,2026-10-09T10:07Z
Shyvana,Briar,53.17,5.25,0.87,47.92,410,16.20,EMERALD+,jungle,2026-10-09T10:07Z
Shyvana,Master Yi,53.28,5.75,1.37,47.53,503,16.20,EMERALD+,jungle,2026-10-09T10:07Z
Shyvana,Zac,53.31,6.2,1.82,47.11,257,16.20,EMERALD+,jungle,2026-10-09T10:07Z
Shyvana,Ekko,53.42,5.21,0.83,48.21,322,16.20,EMERALD+,jungle,2026-10-09T10:07Z
Shyvana,Graves,53.99,4.97,0.59,49.02,576,16.20,EMERALD+,jungle,2026-10-09T10:07Z
Shyvana,Nunu & Willump,54.17,4.78,0.4,49.39,168,16.20,EMERALD+,jungle,2026-10-09T10:07Z
Shyvana,Kayn,54.61,6.09,1.71,48.52,791,16.20,EMERALD+,jungle,2026-10-09T10:07Z
Shyvana,Fiddlesticks,54.87,7.11,2.73,47.76,195,16.20,EMERALD+,jungle,2026-10-09T10:07Z
Shyvana,Diana,55.01,6.73,2.35,48.28,369,16.20,EMERALD+,jungle,2026-10-09T10:07Z
Shyvana,Hecarim,55.24,6.01,1.63,49.23,563,16.20,EMERALD+,jungle,2026-10-09T10:07Z
Shyvana,Lee Sin,55.31,5.81,1.43,49.5,781,16.20,EMERALD+,jungle,2026-10-09T10:07Z
Shyvana,Vi,55.52,5.45,1.07,50.07,299,16.20,EMERALD+,jungle,2026-10-09T10:07Z
Shyvana,Jarvan IV,55.67,6.79,2.41,48.88,397,16.20,EMERALD+,jungle,2026-10-09T10:07Z
Shyvana,Elise,55.81,8.13,3.75,47.68,267,16.20,EMERALD+,jungle,2026-10-09T10:07Z
Shyvana,Kha'Zix,56.2,7.08,2.7,49.12,548,16.20,EMERALD+,jungle,2026-10-09T10:07Z
Shyvana,Nocturne,56.75,7.63,3.25,49.12,289,16.20,EMERALD+,jungle,2026-10-09T10:07Z
Shyvana,Zed,56.76,6.01,1.63,50.75,148,16.20,EMERALD+,jungle,2026-10-09T10:07Z
Shyvana,Qiyana,57.03,6.98,2.6,50.05,512,16.20,EMERALD+,jungle,2026-10-09T10:07Z
Skarner,Viego,49.66,0.23,-3.41,49.43,147,16.20,EMERALD+,jungle,2026-10-09T10:07Z
Skarner,Qiyana,51.31,1.26,-2.38,50.05,191,16.20,EMERALD+,jungle,2026-10-09T10:07Z
Skarner,Talon,51.72,3.34,-0.3,48.38,116,16.20,EMERALD+,jungle,2026-10-09T10:07Z
Skarner,Kayn,52.11,3.59,-0.05,48.52,142,16.20,EMERALD+,jungle,2026-10-09T10:07Z
Skarner,Wukong,52.15,5.71,2.07,46.44,163,16.20,EMERALD+,jungle,2026-10-09T10:07Z
Skarner,Lee Sin,52.34,2.84,-0.8,49.5,342,16.20,EMERALD+,jungle,2026-10-09T10:07Z
Skarner,Cho'Gath,53.38,6.65,3.01,46.73,133,16.20,EMERALD+,jungle,2026-10-09T10:07Z
Skarner,Lillia,54.69,7.42,3.78,47.27,128,16.20,EMERALD+,jungle,2026-10-09T10:07Z
Skarner,Jarvan IV,55.28,6.4,2.76,48.88,123,16.20,EMERALD+,jungle,2026-10-09T10:07Z
Skarner,Master Yi,56.25,8.72,5.08,47.53,112,16.20,EMERALD+,jungle,2026-10-09T10:07Z
Skarner,Hecarim,56.9,7.67,4.03,49.23,116,16.20,EMERALD+,jungle,2026-10-09T10:07Z
Skarner,Graves,57.58,8.56,4.92,49.02,132,16.20,EMERALD+,jungle,2026-10-09T10:07Z
Skarner,Kha'Zix,58.09,8.97,5.33,49.12,136,16.20,EMERALD+,jungle,2026-10-09T10:07Z
Skarner,Sylas,60.0,11.0,7.36,49.0,160,16.20,EMERALD+,jungle,2026-10-09T10:07Z
Sylas,Udyr,43.15,-5.06,-7.52,48.21,197,16.20,EMERALD+,jungle,2026-10-09T10:07Z
Sylas,Skarner,43.31,-4.51,-6.97,47.82,157,16.20,EMERALD+,jungle,2026-10-09T10:07Z
Sylas,Gragas,43.55,-3.71,-6.17,47.26,124,16.20,EMERALD+,jungle,2026-10-09T10:07Z
Sylas,Zac,44.75,-2.36,-4.82,47.11,362,16.20,EMERALD+,jungle,2026-10-09T10:07Z
Sylas,Zyra,46.04,-0.65,-3.11,46.69,139,16.20,EMERALD+,jungle,2026-10-09T10:07Z
Sylas,Elise,46.47,-1.21,-3.67,47.68,439,16.20,EMERALD+,jungle,2026-10-09T10:07Z
Sylas,Ivern,46.55,0.05,-2.41,46.5,116,16.20,EMERALD+,jungle,2026-10-09T10:07Z
Sylas,Karthus,47.02,-3.19,-5.65,50.21,151,16.20,EMERALD+,jungle,2026-10-09T10:07Z
Sylas,Pantheon,47.06,-2.86,-5.32,49.92,119,16.20,EMERALD+,jungle,2026-10-09T10:07Z
Sylas,Briar,47.52,-0.4,-2.86,47.92,484,16.20,EMERALD+,jungle,2026-10-09T10:07Z
Sylas,Ekko,47.74,-0.47,-2.93,48.21,687,16.20,EMERALD+,jungle,2026-10-09T10:07Z
Sylas,Naafiri,48.04,-1.48,-3.94,49.52,408,16.20,EMERALD+,jungle,2026-10-09T10:07Z
Sylas,Shaco,48.24,1.05,-1.41,47.19,454,16.20,EMERALD+,jungle,2026-10-09T10:07Z
Sylas,Wukong,48.62,2.18,-0.28,46.44,975,16.20,EMERALD+,jungle,2026-10-09T10:07Z
Sylas,Warwick,48.79,2.3,-0.16,46.49,371,16.20,EMERALD+,jungle,2026-10-09T10:07Z
Sylas,Talon,48.94,0.56,-1.9,48.38,752,16.20,EMERALD+,jungle,2026-10-09T10:07Z
Sylas,Rammus,49.07,3.87,1.42,45.2,214,16.20,EMERALD+,jungle,2026-10-09T10:07Z
Sylas,Cho'Gath,49.13,2.4,-0.06,46.73,1093,16.20,EMERALD+,jungle,2026-10-09T10:07Z
Sylas,Kindred,49.29,-0.27,-2.73,49.56,422,16.20,EMERALD+,jungle,2026-10-09T10:07Z
Sylas,Qiyana,49.7,-0.35,-2.81,50.05,1149,16.20,EMERALD+,jungle,2026-10-09T10:07Z
Sylas,Kha'Zix,49.71,0.59,-1.87,49.12,849,16.20,EMERALD+,jungle,2026-10-09T10:07Z
Sylas,Nidalee,49.73,1.52,-0.94,48.21,376,16.20,EMERALD+,jungle,2026-10-09T10:07Z
Sylas,Viego,49.74,0.31,-2.15,49.43,1176,16.20,EMERALD+,jungle,2026-10-09T10:07Z
Sylas,Xin Zhao,49.83,1.06,-1.4,48.77,295,16.20,EMERALD+,jungle,2026-10-09T10:07Z
Sylas,Jayce,50.32,-0.61,-3.07,50.93,312,16.20,EMERALD+,jungle,2026-10-09T10:07Z
Sylas,Bel'Veth,50.38,2.88,0.42,47.5,266,16.20,EMERALD+,jungle,2026-10-09T10:07Z
Sylas,Sejuani,50.94,4.2,1.74,46.74,318,16.20,EMERALD+,jungle,2026-10-09T10:07Z
Sylas,Hecarim,50.98,1.75,-0.71,49.23,916,16.20,EMERALD+,jungle,2026-10-09T10:07Z
Sylas,Graves,51.18,2.16,-0.3,49.02,1184,16.20,EMERALD+,jungle,2026-10-09T10:07Z
Sylas,Quinn,51.35,4.41,1.95,46.94,148,16.20,EMERALD+,jungle,2026-10-09T10:07Z
Sylas,Lillia,51.4,4.13,1.67,47.27,712,16.20,EMERALD+,jungle,2026-10-09T10:07Z
Sylas,Fiddlesticks,52.12,4.36,1.9,47.76,307,16.20,EMERALD+,jungle,2026-10-09T10:07Z
Sylas,Lee Sin,52.29,2.79,0.33,49.5,2209,16.20,EMERALD+,jungle,2026-10-09T10:07Z
Sylas,Gwen,52.34,3.94,1.48,48.4,107,16.20,EMERALD+,jungle,2026-10-09T10:07Z
Sylas,Kayn,52.35,3.83,1.37,48.52,936,16.20,EMERALD+,jungle,2026-10-09T10:07Z
Sylas,Diana,52.54,4.26,1.8,48.28,630,16.20,EMERALD+,jungle,2026-10-09T10:07Z
Sylas,Master Yi,52.54,5.01,2.55,47.53,769,16.20,EMERALD+,jungle,2026-10-09T10:07Z
Sylas,Jarvan IV,52.97,4.09,1.63,48.88,874,16.20,EMERALD+,jungle,2026-10-09T10:07Z
Sylas,Taliyah,53.04,4.89,2.43,48.15,115,16.20,EMERALD+,jungle,2026-10-09T10:07Z
Sylas,Nocturne,53.32,4.2,1.74,49.12,527,16.20,EMERALD+,jungle,2026-10-09T10:07Z
Sylas,Rengar,53.62,2.79,0.33,50.83,401,16.20,EMERALD+,jungle,2026-10-09T10:07Z
Sylas,Nunu & Willump,53.95,4.56,2.1,49.39,291,16.20,EMERALD+,jungle,2026-10-09T10:07Z
Sylas,Aatrox,54.63,6.75,4.29,47.88,108,16.20,EMERALD+,jungle,2026-10-09T10:07Z
Sylas,Evelynn,54.67,7.53,5.07,47.14,300,16.20,EMERALD+,jungle,2026-10-09T10:07Z
Sylas,Rek'Sai,55.19,8.63,6.17,46.56,183,16.20,EMERALD+,jungle,2026-10-09T10:07Z
Sylas,Vi,55.44,5.37,2.91,50.07,588,16.20,EMERALD+,jungle,2026-10-09T10:07Z
Sylas,Zed,55.61,4.86,2.4,50.75,374,16.20,EMERALD+,jungle,2026-10-09T10:07Z
Sylas,Volibear,56.39,7.89,5.43,48.5,133,16.20,EMERALD+,jungle,2026-10-09T10:07Z
Sylas,Shyvana,56.42,9.34,6.88,47.08,576,16.20,EMERALD+,jungle,2026-10-09T10:07Z
Sylas,Malphite,57.52,8.13,5.67,49.39,113,16.20,EMERALD+,jungle,2026-10-09T10:07Z
Sylas,Locke,58.26,4.23,1.78,54.03,115,16.20,EMERALD+,jungle,2026-10-09T10:07Z
Sylas,Amumu,58.64,10.25,7.79,48.39,324,16.20,EMERALD+,jungle,2026-10-09T10:07Z
Sylas,Jax,60.18,9.65,7.19,50.53,113,16.20,EMERALD+,jungle,2026-10-09T10:07Z
Taliyah,Kha'Zix,45.71,-3.41,-6.72,49.12,105,16.20,EMERALD+,jungle,2026-10-09T10:07Z
Taliyah,Qiyana,47.33,-2.72,-6.03,50.05,131,16.20,EMERALD+,jungle,2026-10-09T10:07Z
Taliyah,Cho'Gath,48.57,1.84,-1.47,46.73,105,16.20,EMERALD+,jungle,2026-10-09T10:07Z
Taliyah,Talon,49.0,0.62,-2.69,48.38,100,16.20,EMERALD+,jungle,2026-10-09T10:07Z
Taliyah,Sylas,49.57,0.57,-2.74,49.0,117,16.20,EMERALD+,jungle,2026-10-09T10:07Z
Taliyah,Viego,49.62,0.19,-3.12,49.43,131,16.20,EMERALD+,jungle,2026-10-09T10:07Z
Taliyah,Hecarim,50.5,1.27,-2.04,49.23,101,16.20,EMERALD+,jungle,2026-10-09T10:07Z
Taliyah,Graves,51.27,2.25,-1.06,49.02,158,16.20,EMERALD+,jungle,2026-10-09T10:07Z
Taliyah,Wukong,53.96,7.52,4.21,46.44,139,16.20,EMERALD+,jungle,2026-10-09T10:07Z
Taliyah,Lee Sin,55.9,6.4,3.09,49.5,288,16.20,EMERALD+,jungle,2026-10-09T10:07Z
Talon,Bel'Veth,42.25,-5.25,-8.33,47.5,284,16.20,EMERALD+,jungle,2026-10-09T10:07Z
Talon,Nunu & Willump,46.26,-3.13,-6.21,49.39,227,16.20,EMERALD+,jungle,2026-10-09T10:07Z
Talon,Rammus,47.2,2.0,-1.07,45.2,214,16.20,EMERALD+,jungle,2026-10-09T10:07Z
Talon,Rek'Sai,47.22,0.66,-2.42,46.56,180,16.20,EMERALD+,jungle,2026-10-09T10:07Z
Talon,Wukong,47.27,0.83,-2.25,46.44,787,16.20,EMERALD+,jungle,2026-10-09T10:07Z
Talon,Hecarim,47.51,-1.72,-4.8,49.23,703,16.20,EMERALD+,jungle,2026-10-09T10:07Z
Talon,Xin Zhao,47.64,-1.13,-4.21,48.77,212,16.20,EMERALD+,jungle,2026-10-09T10:07Z
Talon,Pantheon,48.51,-1.41,-4.49,49.92,101,16.20,EMERALD+,jungle,2026-10-09T10:07Z
Talon,Lillia,49.47,2.2,-0.88,47.27,562,16.20,EMERALD+,jungle,2026-10-09T10:07Z
Talon,Quinn,49.64,2.7,-0.38,46.94,139,16.20,EMERALD+,jungle,2026-10-09T10:07Z
Talon,Zac,49.82,2.71,-0.37,47.11,271,16.20,EMERALD+,jungle,2026-10-09T10:07Z
Talon,Master Yi,50.14,2.61,-0.47,47.53,702,16.20,EMERALD+,jungle,2026-10-09T10:07Z
Talon,Nidalee,50.24,2.03,-1.05,48.21,420,16.20,EMERALD+,jungle,2026-10-09T10:07Z
Talon,Briar,50.24,2.32,-0.76,47.92,420,16.20,EMERALD+,jungle,2026-10-09T10:07Z
Talon,Rengar,50.31,-0.52,-3.6,50.83,489,16.20,EMERALD+,jungle,2026-10-09T10:07Z
Talon,Skarner,50.43,2.61,-0.47,47.82,115,16.20,EMERALD+,jungle,2026-10-09T10:07Z
Talon,Jarvan IV,50.53,1.65,-1.43,48.88,655,16.20,EMERALD+,jungle,2026-10-09T10:07Z
Talon,Qiyana,50.75,0.7,-2.38,50.05,1072,16.20,EMERALD+,jungle,2026-10-09T10:07Z
Talon,Taliyah,51.0,2.85,-0.23,48.15,100,16.20,EMERALD+,jungle,2026-10-09T10:07Z
Talon,Vi,51.0,0.93,-2.15,50.07,449,16.20,EMERALD+,jungle,2026-10-09T10:07Z
Talon,Lee Sin,51.17,1.67,-1.41,49.5,1368,16.20,EMERALD+,jungle,2026-10-09T10:07Z
Talon,Graves,51.2,2.18,-0.9,49.02,955,16.20,EMERALD+,jungle,2026-10-09T10:07Z
Talon,Ivern,51.56,5.06,1.98,46.5,128,16.20,EMERALD+,jungle,2026-10-09T10:07Z
Talon,Kha'Zix,51.85,2.73,-0.35,49.12,972,16.20,EMERALD+,jungle,2026-10-09T10:07Z
Talon,Warwick,51.92,5.43,2.35,46.49,287,16.20,EMERALD+,jungle,2026-10-09T10:07Z
Talon,Diana,51.94,3.66,0.58,48.28,464,16.20,EMERALD+,jungle,2026-10-09T10:07Z
Talon,Cho'Gath,52.04,5.31,2.23,46.73,686,16.20,EMERALD+,jungle,2026-10-09T10:07Z
Talon,Ekko,52.08,3.87,0.79,48.21,505,16.20,EMERALD+,jungle,2026-10-09T10:07Z
Talon,Evelynn,52.2,5.06,1.98,47.14,295,16.20,EMERALD+,jungle,2026-10-09T10:07Z
Talon,Karthus,52.26,2.05,-1.03,50.21,155,16.20,EMERALD+,jungle,2026-10-09T10:07Z
Talon,Kindred,52.3,2.74,-0.34,49.56,348,16.20,EMERALD+,jungle,2026-10-09T10:07Z
Talon,Kayn,53.29,4.77,1.69,48.52,850,16.20,EMERALD+,jungle,2026-10-09T10:07Z
Talon,Elise,53.4,5.72,2.64,47.68,500,16.20,EMERALD+,jungle,2026-10-09T10:07Z
Talon,Nocturne,53.5,4.38,1.3,49.12,428,16.20,EMERALD+,jungle,2026-10-09T10:07Z
Talon,Sylas,53.52,4.52,1.44,49.0,753,16.20,EMERALD+,jungle,2026-10-09T10:07Z
Talon,Naafiri,53.6,4.08,1.0,49.52,403,16.20,EMERALD+,jungle,2026-10-09T10:07Z
Talon,Shyvana,53.9,6.82,3.74,47.08,436,16.20,EMERALD+,jungle,2026-10-09T10:07Z
Talon,Volibear,54.03,5.53,2.45,48.5,124,16.20,EMERALD+,jungle,2026-10-09T10:07Z
Talon,Amumu,54.12,5.73,2.65,48.39,194,16.20,EMERALD+,jungle,2026-10-09T10:07Z
Talon,Fiddlesticks,54.15,6.39,3.31,47.76,253,16.20,EMERALD+,jungle,2026-10-09T10:07Z
Talon,Locke,54.37,0.34,-2.73,54.03,103,16.20,EMERALD+,jungle,2026-10-09T10:07Z
Talon,Zyra,54.4,7.71,4.63,46.69,125,16.20,EMERALD+,jungle,2026-10-09T10:07Z
Talon,Zed,54.78,4.03,0.95,50.75,356,16.20,EMERALD+,jungle,2026-10-09T10:07Z
Talon,Viego,54.86,5.43,2.35,49.43,968,16.20,EMERALD+,jungle,2026-10-09T10:07Z
Talon,Jayce,55.0,4.07,0.99,50.93,200,16.20,EMERALD+,jungle,2026-10-09T10:07Z
Talon,Shaco,55.7,8.51,5.43,47.19,526,16.20,EMERALD+,jungle,2026-10-09T10:07Z
Talon,Sejuani,56.15,9.41,6.33,46.74,260,16.20,EMERALD+,jungle,2026-10-09T10:07Z
Talon,Udyr,61.27,13.06,9.98,48.21,204,16.20,EMERALD+,jungle,2026-10-09T10:07Z
Trundle,Graves,41.28,-7.74,-9.95,49.02,109,16.20,EMERALD+,jungle,2026-10-09T10:07Z
Trundle,Cho'Gath,44.59,-2.14,-4.35,46.73,148,16.20,EMERALD+,jungle,2026-10-09T10:07Z
Trundle,Wukong,47.75,1.31,-0.9,46.44,111,16.20,EMERALD+,jungle,2026-10-09T10:07Z
Trundle,Lee Sin,50.34,0.84,-1.37,49.5,145,16.20,EMERALD+,jungle,2026-10-09T10:07Z
Trundle,Hecarim,53.92,4.69,2.48,49.23,102,16.20,EMERALD+,jungle,2026-10-09T10:07Z
Udyr,Talon,41.43,-6.95,-10.2,48.38,210,16.20,EMERALD+,jungle,2026-10-09T10:07Z
Udyr,Briar,46.89,-1.03,-4.28,47.92,177,16.20,EMERALD+,jungle,2026-10-09T10:07Z
Udyr,Hecarim,47.62,-1.61,-4.86,49.23,273,16.20,EMERALD+,jungle,2026-10-09T10:07Z
Udyr,Wukong,48.22,1.78,-1.47,46.44,309,16.20,EMERALD+,jungle,2026-10-09T10:07Z
Udyr,Rengar,48.28,-2.55,-5.8,50.83,145,16.20,EMERALD+,jungle,2026-10-09T10:07Z
Udyr,Zac,49.14,2.03,-1.22,47.11,116,16.20,EMERALD+,jungle,2026-10-09T10:07Z
Udyr,Elise,49.54,1.86,-1.39,47.68,109,16.20,EMERALD+,jungle,2026-10-09T10:07Z
Udyr,Jarvan IV,49.54,0.66,-2.59,48.88,218,16.20,EMERALD+,jungle,2026-10-09T10:07Z
Udyr,Warwick,50.0,3.51,0.26,46.49,100,16.20,EMERALD+,jungle,2026-10-09T10:07Z
Udyr,Ekko,50.64,2.43,-0.82,48.21,156,16.20,EMERALD+,jungle,2026-10-09T10:07Z
Udyr,Cho'Gath,50.81,4.08,0.83,46.73,248,16.20,EMERALD+,jungle,2026-10-09T10:07Z
Udyr,Graves,52.1,3.08,-0.17,49.02,286,16.20,EMERALD+,jungle,2026-10-09T10:07Z
Udyr,Master Yi,52.59,5.06,1.81,47.53,232,16.20,EMERALD+,jungle,2026-10-09T10:07Z
Udyr,Qiyana,53.07,3.02,-0.23,50.05,228,16.20,EMERALD+,jungle,2026-10-09T10:07Z
Udyr,Lee Sin,53.26,3.76,0.51,49.5,353,16.20,EMERALD+,jungle,2026-10-09T10:07Z
Udyr,Shyvana,53.4,6.32,3.07,47.08,206,16.20,EMERALD+,jungle,2026-10-09T10:07Z
Udyr,Kha'Zix,53.81,4.69,1.44,49.12,223,16.20,EMERALD+,jungle,2026-10-09T10:07Z
Udyr,Sylas,53.81,4.81,1.56,49.0,197,16.20,EMERALD+,jungle,2026-10-09T10:07Z
Udyr,Vi,54.24,4.17,0.92,50.07,118,16.20,EMERALD+,jungle,2026-10-09T10:07Z
Udyr,Lillia,54.55,7.28,4.03,47.27,253,16.20,EMERALD+,jungle,2026-10-09T10:07Z
Udyr,Diana,54.76,6.48,3.23,48.28,168,16.20,EMERALD+,jungle,2026-10-09T10:07Z
Udyr,Shaco,54.86,7.67,4.42,47.19,175,16.20,EMERALD+,jungle,2026-10-09T10:07Z
Udyr,Kayn,55.15,6.63,3.38,48.52,301,16.20,EMERALD+,jungle,2026-10-09T10:07Z
Udyr,Viego,56.86,7.43,4.18,49.43,306,16.20,EMERALD+,jungle,2026-10-09T10:07Z
Udyr,Kindred,59.23,9.67,6.42,49.56,130,16.20,EMERALD+,jungle,2026-10-09T10:07Z
Udyr,Nocturne,59.4,10.28,7.03,49.12,133,16.20,EMERALD+,jungle,2026-10-09T10:07Z
Vi,Fiddlesticks,41.73,-6.03,-7.42,47.76,127,16.20,EMERALD+,jungle,2026-10-09T10:07Z
Vi,Udyr,44.35,-3.86,-5.25,48.21,115,16.20,EMERALD+,jungle,2026-10-09T10:07Z
Vi,Wukong,44.85,-1.59,-2.98,46.44,651,16.20,EMERALD+,jungle,2026-10-09T10:07Z
Vi,Cho'Gath,46.74,0.01,-1.38,46.73,430,16.20,EMERALD+,jungle,2026-10-09T10:07Z
Vi,Sejuani,46.86,0.12,-1.27,46.74,175,16.20,EMERALD+,jungle,2026-10-09T10:07Z
Vi,Nidalee,46.88,-1.33,-2.72,48.21,256,16.20,EMERALD+,jungle,2026-10-09T10:07Z
Vi,Shyvana,47.52,0.44,-0.95,47.08,282,16.20,EMERALD+,jungle,2026-10-09T10:07Z
Vi,Warwick,47.57,1.08,-0.31,46.49,206,16.20,EMERALD+,jungle,2026-10-09T10:07Z
Vi,Sylas,47.62,-1.38,-2.77,49.0,588,16.20,EMERALD+,jungle,2026-10-09T10:07Z
Vi,Diana,47.86,-0.42,-1.81,48.28,280,16.20,EMERALD+,jungle,2026-10-09T10:07Z
Vi,Qiyana,47.91,-2.14,-3.53,50.05,549,16.20,EMERALD+,jungle,2026-10-09T10:07Z
Vi,Elise,48.52,0.84,-0.55,47.68,270,16.20,EMERALD+,jungle,2026-10-09T10:07Z
Vi,Amumu,48.63,0.24,-1.15,48.39,146,16.20,EMERALD+,jungle,2026-10-09T10:07Z
Vi,Xin Zhao,48.91,0.14,-1.25,48.77,184,16.20,EMERALD+,jungle,2026-10-09T10:07Z
Vi,Kha'Zix,49.03,-0.09,-1.48,49.12,518,16.20,EMERALD+,jungle,2026-10-09T10:07Z
Vi,Lee Sin,49.6,0.1,-1.29,49.5,1494,16.20,EMERALD+,jungle,2026-10-09T10:07Z
Vi,Nunu & Willump,49.62,0.23,-1.16,49.39,131,16.20,EMERALD+,jungle,2026-10-09T10:07Z
Vi,Zed,49.75,-1.0,-2.39,50.75,197,16.20,EMERALD+,jungle,2026-10-09T10:07Z
Vi,Rengar,49.79,-1.04,-2.43,50.83,235,16.20,EMERALD+,jungle,2026-10-09T10:07Z
Vi,Viego,49.84,0.41,-0.98,49.43,610,16.20,EMERALD+,jungle,2026-10-09T10:07Z
Vi,Karthus,50.0,-0.21,-1.6,50.21,104,16.20,EMERALD+,jungle,2026-10-09T10:07Z
Vi,Lillia,50.13,2.86,1.47,47.27,393,16.20,EMERALD+,jungle,2026-10-09T10:07Z
Vi,Graves,50.57,1.55,0.16,49.02,615,16.20,EMERALD+,jungle,2026-10-09T10:07Z
Vi,Talon,50.67,2.29,0.9,48.38,450,16.20,EMERALD+,jungle,2026-10-09T10:07Z
Vi,Rammus,50.82,5.62,4.23,45.2,122,16.20,EMERALD+,jungle,2026-10-09T10:07Z
Vi,Jarvan IV,51.14,2.26,0.87,48.88,483,16.20,EMERALD+,jungle,2026-10-09T10:07Z
Vi,Naafiri,51.23,1.71,0.32,49.52,244,16.20,EMERALD+,jungle,2026-10-09T10:07Z
Vi,Shaco,51.42,4.23,2.84,47.19,282,16.20,EMERALD+,jungle,2026-10-09T10:07Z
Vi,Briar,51.88,3.96,2.57,47.92,266,16.20,EMERALD+,jungle,2026-10-09T10:07Z
Vi,Master Yi,52.03,4.5,3.11,47.53,517,16.20,EMERALD+,jungle,2026-10-09T10:07Z
Vi,Kindred,52.06,2.5,1.11,49.56,194,16.20,EMERALD+,jungle,2026-10-09T10:07Z
Vi,Hecarim,52.2,2.97,1.58,49.23,410,16.20,EMERALD+,jungle,2026-10-09T10:07Z
Vi,Jayce,52.45,1.52,0.13,50.93,143,16.20,EMERALD+,jungle,2026-10-09T10:07Z
Vi,Quinn,52.94,6.0,4.61,46.94,119,16.20,EMERALD+,jungle,2026-10-09T10:07Z
Vi,Zac,53.08,5.97,4.58,47.11,211,16.20,EMERALD+,jungle,2026-10-09T10:07Z
Vi,Kayn,53.67,5.15,3.76,48.52,531,16.20,EMERALD+,jungle,2026-10-09T10:07Z
Vi,Bel'Veth,53.9,6.4,5.01,47.5,141,16.20,EMERALD+,jungle,2026-10-09T10:07Z
Vi,Ekko,54.94,6.73,5.34,48.21,324,16.20,EMERALD+,jungle,2026-10-09T10:07Z
Vi,Nocturne,54.95,5.83,4.44,49.12,273,16.20,EMERALD+,jungle,2026-10-09T10:07Z
Vi,Evelynn,56.32,9.18,7.79,47.14,190,16.20,EMERALD+,jungle,2026-10-09T10:07Z
Viego,Rammus,45.74,0.54,-1.49,45.2,387,16.20,EMERALD+,jungle,2026-10-09T10:07Z
Viego,Qiyana,46.29,-3.76,-5.79,50.05,1335,16.20,EMERALD+,jungle,2026-10-09T10:07Z
Viego,Elise,46.86,-0.82,-2.85,47.68,621,16.20,EMERALD+,jungle,2026-10-09T10:07Z
Viego,Nidalee,47.02,-1.19,-3.22,48.21,521,16.20,EMERALD+,jungle,2026-10-09T10:07Z
Viego,Hecarim,47.04,-2.19,-4.22,49.23,1029,16.20,EMERALD+,jungle,2026-10-09T10:07Z
Viego,Trundle,47.06,-2.19,-4.22,49.25,102,16.20,EMERALD+,jungle,2026-10-09T10:07Z
Viego,Talon,47.1,-1.28,-3.31,48.38,964,16.20,EMERALD+,jungle,2026-10-09T10:07Z
Viego,Kha'Zix,47.32,-1.8,-3.83,49.12,1323,16.20,EMERALD+,jungle,2026-10-09T10:07Z
Viego,Udyr,47.54,-0.67,-2.7,48.21,305,16.20,EMERALD+,jungle,2026-10-09T10:07Z
Viego,Zac,47.84,0.73,-1.3,47.11,416,16.20,EMERALD+,jungle,2026-10-09T10:07Z
Viego,Aatrox,47.92,0.04,-1.99,47.88,144,16.20,EMERALD+,jungle,2026-10-09T10:07Z
Viego,Bel'Veth,48.12,0.62,-1.41,47.5,453,16.20,EMERALD+,jungle,2026-10-09T10:07Z
Viego,Shaco,48.15,0.96,-1.07,47.19,702,16.20,EMERALD+,jungle,2026-10-09T10:07Z
Viego,Karthus,48.29,-1.92,-3.95,50.21,234,16.20,EMERALD+,jungle,2026-10-09T10:07Z
Viego,Ivern,48.55,2.05,0.02,46.5,138,16.20,EMERALD+,jungle,2026-10-09T10:07Z
Viego,Jax,48.55,-1.98,-4.01,50.53,173,16.20,EMERALD+,jungle,2026-10-09T10:07Z
Viego,Warwick,48.85,2.36,0.33,46.49,520,16.20,EMERALD+,jungle,2026-10-09T10:07Z
Viego,Gwen,49.03,0.63,-1.4,48.4,155,16.20,EMERALD+,jungle,2026-10-09T10:07Z
Viego,Rek'Sai,49.08,2.52,0.49,46.56,218,16.20,EMERALD+,jungle,2026-10-09T10:07Z
Viego,Cho'Gath,49.17,2.44,0.41,46.73,1023,16.20,EMERALD+,jungle,2026-10-09T10:07Z
Viego,Sejuani,49.22,2.48,0.45,46.74,384,16.20,EMERALD+,jungle,2026-10-09T10:07Z
Viego,Volibear,49.52,1.02,-1.01,48.5,210,16.20,EMERALD+,jungle,2026-10-09T10:07Z
Viego,Briar,49.54,1.62,-0.41,47.92,656,16.20,EMERALD+,jungle,2026-10-09T10:07Z
Viego,Evelynn,49.87,2.73,0.7,47.14,393,16.20,EMERALD+,jungle,2026-10-09T10:07Z
Viego,Lee Sin,50.24,0.74,-1.29,49.5,2522,16.20,EMERALD+,jungle,2026-10-09T10:07Z
Viego,Zyra,50.3,3.61,1.58,46.69,165,16.20,EMERALD+,jungle,2026-10-09T10:07Z
Viego,Wukong,50.31,3.87,1.84,46.44,1310,16.20,EMERALD+,jungle,2026-10-09T10:07Z
Viego,Fiddlesticks,50.72,2.96,0.93,47.76,345,16.20,EMERALD+,jungle,2026-10-09T10:07Z
Viego,Kindred,50.83,1.27,-0.76,49.56,545,16.20,EMERALD+,jungle,2026-10-09T10:07Z
Viego,Amumu,51.02,2.63,0.6,48.39,294,16.20,EMERALD+,jungle,2026-10-09T10:07Z
Viego,Zed,51.13,0.38,-1.65,50.75,442,16.20,EMERALD+,jungle,2026-10-09T10:07Z
Viego,Ekko,51.18,2.97,0.94,48.21,723,16.20,EMERALD+,jungle,2026-10-09T10:07Z
Viego,Graves,51.23,2.21,0.18,49.02,1423,16.20,EMERALD+,jungle,2026-10-09T10:07Z
Viego,Rengar,51.78,0.95,-1.08,50.83,618,16.20,EMERALD+,jungle,2026-10-09T10:07Z
Viego,Xin Zhao,51.81,3.04,1.01,48.77,332,16.20,EMERALD+,jungle,2026-10-09T10:07Z
Viego,Shyvana,51.96,4.88,2.85,47.08,689,16.20,EMERALD+,jungle,2026-10-09T10:07Z
Viego,Kayn,52.18,3.66,1.63,48.52,1397,16.20,EMERALD+,jungle,2026-10-09T10:07Z
Viego,Jayce,52.22,1.29,-0.74,50.93,270,16.20,EMERALD+,jungle,2026-10-09T10:07Z
Viego,Sylas,52.44,3.44,1.41,49.0,1188,16.20,EMERALD+,jungle,2026-10-09T10:07Z
Viego,Quinn,52.63,5.69,3.66,46.94,209,16.20,EMERALD+,jungle,2026-10-09T10:07Z
Viego,Taliyah,52.71,4.56,2.53,48.15,129,16.20,EMERALD+,jungle,2026-10-09T10:07Z
Viego,Lillia,52.76,5.49,3.46,47.27,815,16.20,EMERALD+,jungle,2026-10-09T10:07Z
Viego,Locke,52.76,-1.27,-3.3,54.03,127,16.20,EMERALD+,jungle,2026-10-09T10:07Z
Viego,Skarner,52.94,5.12,3.09,47.82,153,16.20,EMERALD+,jungle,2026-10-09T10:07Z
Viego,Nunu & Willump,53.02,3.63,1.6,49.39,298,16.20,EMERALD+,jungle,2026-10-09T10:07Z
Viego,Ambessa,53.04,1.3,-0.73,51.74,115,16.20,EMERALD+,jungle,2026-10-09T10:07Z
Viego,Diana,53.06,4.78,2.75,48.28,718,16.20,EMERALD+,jungle,2026-10-09T10:07Z
Viego,Master Yi,53.12,5.59,3.56,47.53,1233,16.20,EMERALD+,jungle,2026-10-09T10:07Z
Viego,Vi,53.63,3.56,1.53,50.07,634,16.20,EMERALD+,jungle,2026-10-09T10:07Z
Viego,Pantheon,54.62,4.7,2.67,49.92,119,16.20,EMERALD+,jungle,2026-10-09T10:07Z
Viego,Jarvan IV,54.68,5.8,3.77,48.88,993,16.20,EMERALD+,jungle,2026-10-09T10:07Z
Viego,Naafiri,54.91,5.39,3.36,49.52,448,16.20,EMERALD+,jungle,2026-10-09T10:07Z
Viego,Gragas,54.92,7.66,5.63,47.26,122,16.20,EMERALD+,jungle,2026-10-09T10:07Z
Viego,Nocturne,55.28,6.16,4.13,49.12,644,16.20,EMERALD+,jungle,2026-10-09T10:07Z
Viego,Malphite,56.49,7.1,5.07,49.39,131,16.20,EMERALD+,jungle,2026-10-09T10:07Z
Viego,Fizz,56.88,8.55,6.52,48.33,109,16.20,EMERALD+,jungle,2026-10-09T10:07Z
Viego,Darius,57.52,9.04,7.01,48.48,113,16.20,EMERALD+,jungle,2026-10-09T10:07Z
Volibear,Hecarim,46.97,-2.26,-5.22,49.23,132,16.20,EMERALD+,jungle,2026-10-09T10:07Z
Volibear,Kayn,48.4,-0.12,-3.08,48.52,188,16.20,EMERALD+,jungle,2026-10-09T10:07Z
Volibear,Shaco,48.62,1.43,-1.53,47.19,109,16.20,EMERALD+,jungle,2026-10-09T10:07Z
Volibear,Qiyana,48.78,-1.27,-4.23,50.05,123,16.20,EMERALD+,jungle,2026-10-09T10:07Z
Volibear,Graves,49.31,0.29,-2.67,49.02,144,16.20,EMERALD+,jungle,2026-10-09T10:07Z
Volibear,Ekko,50.0,1.79,-1.17,48.21,120,16.20,EMERALD+,jungle,2026-10-09T10:07Z
Volibear,Master Yi,51.26,3.73,0.77,47.53,119,16.20,EMERALD+,jungle,2026-10-09T10:07Z
Volibear,Lillia,51.61,4.34,1.38,47.27,124,16.20,EMERALD+,jungle,2026-10-09T10:07Z
Volibear,Wukong,51.74,5.3,2.34,46.44,172,16.20,EMERALD+,jungle,2026-10-09T10:07Z
Volibear,Lee Sin,51.93,2.43,-0.53,49.5,233,16.20,EMERALD+,jungle,2026-10-09T10:07Z
Volibear,Talon,51.94,3.56,0.6,48.38,129,16.20,EMERALD+,jungle,2026-10-09T10:07Z
Volibear,Jarvan IV,52.34,3.46,0.5,48.88,128,16.20,EMERALD+,jungle,2026-10-09T10:07Z
Volibear,Sylas,52.52,3.52,0.56,49.0,139,16.20,EMERALD+,jungle,2026-10-09T10:07Z
Volibear,Warwick,53.4,6.91,3.95,46.49,103,16.20,EMERALD+,jungle,2026-10-09T10:07Z
Volibear,Viego,54.91,5.48,2.52,49.43,224,16.20,EMERALD+,jungle,2026-10-09T10:07Z
Volibear,Cho'Gath,55.56,8.83,5.87,46.73,144,16.20,EMERALD+,jungle,2026-10-09T10:07Z
Volibear,Kha'Zix,57.14,8.02,5.06,49.12,133,16.20,EMERALD+,jungle,2026-10-09T10:07Z
Volibear,Shyvana,59.18,12.1,9.14,47.08,147,16.20,EMERALD+,jungle,2026-10-09T10:07Z
Warwick,Sejuani,41.43,-5.31,-10.28,46.74,140,16.20,EMERALD+,jungle,2026-10-09T10:07Z
Warwick,Rammus,42.54,-2.66,-7.62,45.2,134,16.20,EMERALD+,jungle,2026-10-09T10:07Z
Warwick,Amumu,45.45,-2.94,-7.91,48.39,121,16.20,EMERALD+,jungle,2026-10-09T10:07Z
Warwick,Zac,48.34,1.23,-3.74,47.11,151,16.20,EMERALD+,jungle,2026-10-09T10:07Z
Warwick,Ekko,48.35,0.14,-4.83,48.21,273,16.20,EMERALD+,jungle,2026-10-09T10:07Z
Warwick,Briar,48.48,0.56,-4.41,47.92,330,16.20,EMERALD+,jungle,2026-10-09T10:07Z
Warwick,Cho'Gath,48.79,2.06,-2.91,46.73,373,16.20,EMERALD+,jungle,2026-10-09T10:07Z
Warwick,Jarvan IV,49.15,0.27,-4.7,48.88,293,16.20,EMERALD+,jungle,2026-10-09T10:07Z
Warwick,Shaco,49.4,2.21,-2.76,47.19,251,16.20,EMERALD+,jungle,2026-10-09T10:07Z
Warwick,Lillia,50.15,2.88,-2.09,47.27,337,16.20,EMERALD+,jungle,2026-10-09T10:07Z
Warwick,Fiddlesticks,50.41,2.65,-2.32,47.76,121,16.20,EMERALD+,jungle,2026-10-09T10:07Z
Warwick,Wukong,50.67,4.23,-0.74,46.44,446,16.20,EMERALD+,jungle,2026-10-09T10:07Z
Warwick,Elise,51.23,3.55,-1.42,47.68,203,16.20,EMERALD+,jungle,2026-10-09T10:07Z
Warwick,Graves,51.77,2.75,-2.22,49.02,423,16.20,EMERALD+,jungle,2026-10-09T10:07Z
Warwick,Hecarim,51.91,2.68,-2.29,49.23,314,16.20,EMERALD+,jungle,2026-10-09T10:07Z
Warwick,Kindred,52.38,2.82,-2.15,49.56,168,16.20,EMERALD+,jungle,2026-10-09T10:07Z
Warwick,Qiyana,52.44,2.39,-2.58,50.05,410,16.20,EMERALD+,jungle,2026-10-09T10:07Z
Warwick,Volibear,52.48,3.98,-0.99,48.5,101,16.20,EMERALD+,jungle,2026-10-09T10:07Z
Warwick,Talon,53.47,5.09,0.12,48.38,303,16.20,EMERALD+,jungle,2026-10-09T10:07Z
Warwick,Evelynn,53.68,6.54,1.57,47.14,136,16.20,EMERALD+,jungle,2026-10-09T10:07Z
Warwick,Kha'Zix,53.98,4.86,-0.11,49.12,402,16.20,EMERALD+,jungle,2026-10-09T10:07Z
Warwick,Master Yi,54.41,6.88,1.91,47.53,454,16.20,EMERALD+,jungle,2026-10-09T10:07Z
Warwick,Sylas,55.12,6.12,1.15,49.0,361,16.20,EMERALD+,jungle,2026-10-09T10:07Z
Warwick,Udyr,55.65,7.44,2.47,48.21,115,16.20,EMERALD+,jungle,2026-10-09T10:07Z
Warwick,Naafiri,55.71,6.19,1.22,49.52,140,16.20,EMERALD+,jungle,2026-10-09T10:07Z
Warwick,Viego,55.84,6.41,1.44,49.43,514,16.20,EMERALD+,jungle,2026-10-09T10:07Z
Warwick,Nocturne,55.98,6.86,1.89,49.12,234,16.20,EMERALD+,jungle,2026-10-09T10:07Z
Warwick,Kayn,56.13,7.61,2.64,48.52,538,16.20,EMERALD+,jungle,2026-10-09T10:07Z
Warwick,Shyvana,56.2,9.12,4.15,47.08,274,16.20,EMERALD+,jungle,2026-10-09T10:07Z
Warwick,Xin Zhao,57.39,8.62,3.65,48.77,115,16.20,EMERALD+,jungle,2026-10-09T10:07Z
Warwick,Vi,57.59,7.52,2.55,50.07,224,16.20,EMERALD+,jungle,2026-10-09T10:07Z
Warwick,Nidalee,58.26,10.05,5.08,48.21,115,16.20,EMERALD+,jungle,2026-10-09T10:07Z
Warwick,Lee Sin,58.27,8.77,3.8,49.5,834,16.20,EMERALD+,jungle,2026-10-09T10:07Z
Warwick,Bel'Veth,58.52,11.02,6.05,47.5,135,16.20,EMERALD+,jungle,2026-10-09T10:07Z
Warwick,Diana,59.17,10.89,5.92,48.28,240,16.20,EMERALD+,jungle,2026-10-09T10:07Z
Warwick,Zed,59.85,9.1,4.13,50.75,137,16.20,EMERALD+,jungle,2026-10-09T10:07Z
Warwick,Rengar,62.02,11.19,6.23,50.83,208,16.20,EMERALD+,jungle,2026-10-09T10:07Z
Wukong,Darius,44.0,-4.48,-9.5,48.48,100,16.20,EMERALD+,jungle,2026-10-09T10:07Z
Wukong,Taliyah,44.88,-3.27,-8.29,48.15,127,16.20,EMERALD+,jungle,2026-10-09T10:07Z
Wukong,Gwen,45.86,-2.54,-7.56,48.4,181,16.20,EMERALD+,jungle,2026-10-09T10:07Z
Wukong,Zyra,46.75,0.06,-4.96,46.69,154,16.20,EMERALD+,jungle,2026-10-09T10:07Z
Wukong,Lillia,47.65,0.38,-4.64,47.27,1043,16.20,EMERALD+,jungle,2026-10-09T10:07Z
Wukong,Gragas,49.57,2.31,-2.71,47.26,117,16.20,EMERALD+,jungle,2026-10-09T10:07Z
Wukong,Ivern,50.0,3.5,-1.52,46.5,118,16.20,EMERALD+,jungle,2026-10-09T10:07Z
Wukong,Zac,50.11,3.0,-2.02,47.11,449,16.20,EMERALD+,jungle,2026-10-09T10:07Z
Wukong,Skarner,50.31,2.49,-2.53,47.82,161,16.20,EMERALD+,jungle,2026-10-09T10:07Z
Wukong,Bel'Veth,50.8,3.3,-1.72,47.5,376,16.20,EMERALD+,jungle,2026-10-09T10:07Z
Wukong,Shaco,50.91,3.72,-1.3,47.19,607,16.20,EMERALD+,jungle,2026-10-09T10:07Z
Wukong,Jayce,51.27,0.34,-4.67,50.93,197,16.20,EMERALD+,jungle,2026-10-09T10:07Z
Wukong,Malphite,51.38,1.99,-3.03,49.39,109,16.20,EMERALD+,jungle,2026-10-09T10:07Z
Wukong,Elise,51.45,3.77,-1.25,47.68,484,16.20,EMERALD+,jungle,2026-10-09T10:07Z
Wukong,Rek'Sai,51.47,4.91,-0.11,46.56,204,16.20,EMERALD+,jungle,2026-10-09T10:07Z
Wukong,Udyr,51.55,3.34,-1.68,48.21,291,16.20,EMERALD+,jungle,2026-10-09T10:07Z
Wukong,Cho'Gath,51.63,4.9,-0.12,46.73,982,16.20,EMERALD+,jungle,2026-10-09T10:07Z
Wukong,Diana,51.86,3.58,-1.44,48.28,646,16.20,EMERALD+,jungle,2026-10-09T10:07Z
Wukong,Graves,51.97,2.95,-2.07,49.02,1193,16.20,EMERALD+,jungle,2026-10-09T10:07Z
Wukong,Kindred,51.97,2.41,-2.61,49.56,406,16.20,EMERALD+,jungle,2026-10-09T10:07Z
Wukong,Evelynn,52.02,4.88,-0.14,47.14,321,16.20,EMERALD+,jungle,2026-10-09T10:07Z
Wukong,Fiddlesticks,52.19,4.43,-0.59,47.76,274,16.20,EMERALD+,jungle,2026-10-09T10:07Z
Wukong,Sejuani,52.26,5.52,0.5,46.74,354,16.20,EMERALD+,jungle,2026-10-09T10:07Z
Wukong,Kha'Zix,52.66,3.54,-1.48,49.12,995,16.20,EMERALD+,jungle,2026-10-09T10:07Z
Wukong,Warwick,52.73,6.24,1.22,46.49,440,16.20,EMERALD+,jungle,2026-10-09T10:07Z
Wukong,Ekko,52.81,4.6,-0.42,48.21,659,16.20,EMERALD+,jungle,2026-10-09T10:07Z
Wukong,Viego,52.84,3.41,-1.61,49.43,1336,16.20,EMERALD+,jungle,2026-10-09T10:07Z
Wukong,Naafiri,52.85,3.33,-1.69,49.52,439,16.20,EMERALD+,jungle,2026-10-09T10:07Z
Wukong,Lee Sin,52.99,3.49,-1.53,49.5,2110,16.20,EMERALD+,jungle,2026-10-09T10:07Z
Wukong,Shyvana,53.0,5.92,0.9,47.08,700,16.20,EMERALD+,jungle,2026-10-09T10:07Z
Wukong,Ambessa,53.45,1.71,-3.3,51.74,116,16.20,EMERALD+,jungle,2026-10-09T10:07Z
Wukong,Amumu,53.66,5.27,0.25,48.39,287,16.20,EMERALD+,jungle,2026-10-09T10:07Z
Wukong,Jax,53.85,3.32,-1.7,50.53,156,16.20,EMERALD+,jungle,2026-10-09T10:07Z
Wukong,Quinn,53.98,7.04,2.02,46.94,176,16.20,EMERALD+,jungle,2026-10-09T10:07Z
Wukong,Master Yi,54.21,6.68,1.66,47.53,974,16.20,EMERALD+,jungle,2026-10-09T10:07Z
Wukong,Rammus,54.76,9.56,4.55,45.2,210,16.20,EMERALD+,jungle,2026-10-09T10:07Z
Wukong,Sylas,55.04,6.04,1.02,49.0,992,16.20,EMERALD+,jungle,2026-10-09T10:07Z
Wukong,Talon,55.04,6.66,1.64,48.38,783,16.20,EMERALD+,jungle,2026-10-09T10:07Z
Wukong,Rengar,55.05,4.22,-0.79,50.83,505,16.20,EMERALD+,jungle,2026-10-09T10:07Z
Wukong,Hecarim,55.06,5.83,0.81,49.23,879,16.20,EMERALD+,jungle,2026-10-09T10:07Z
Wukong,Nunu & Willump,55.08,5.69,0.67,49.39,256,16.20,EMERALD+,jungle,2026-10-09T10:07Z
Wukong,Zed,55.21,4.46,-0.56,50.75,355,16.20,EMERALD+,jungle,2026-10-09T10:07Z
Wukong,Trundle,55.37,6.12,1.1,49.25,121,16.20,EMERALD+,jungle,2026-10-09T10:07Z
Wukong,Jarvan IV,55.42,6.54,1.52,48.88,951,16.20,EMERALD+,jungle,2026-10-09T10:07Z
Wukong,Volibear,56.07,7.57,2.55,48.5,173,16.20,EMERALD+,jungle,2026-10-09T10:07Z
Wukong,Vi,56.17,6.1,1.08,50.07,673,16.20,EMERALD+,jungle,2026-10-09T10:07Z
Wukong,Nidalee,56.27,8.06,3.04,48.21,375,16.20,EMERALD+,jungle,2026-10-09T10:07Z
Wukong,Briar,56.73,8.81,3.79,47.92,654,16.20,EMERALD+,jungle,2026-10-09T10:07Z
Wukong,Qiyana,56.78,6.73,1.71,50.05,1106,16.20,EMERALD+,jungle,2026-10-09T10:07Z
Wukong,Kayn,56.94,8.42,3.4,48.52,1254,16.20,EMERALD+,jungle,2026-10-09T10:07Z
Wukong,Xin Zhao,57.53,8.76,3.74,48.77,372,16.20,EMERALD+,jungle,2026-10-09T10:07Z
Wukong,Aatrox,57.85,9.97,4.95,47.88,121,16.20,EMERALD+,jungle,2026-10-09T10:07Z
Wukong,Nocturne,58.43,9.31,4.29,49.12,575,16.20,EMERALD+,jungle,2026-10-09T10:07Z
Wukong,Karthus,58.79,8.58,3.56,50.21,182,16.20,EMERALD+,jungle,2026-10-09T10:07Z
Wukong,Locke,60.66,6.63,1.65,54.03,122,16.20,EMERALD+,jungle,2026-10-09T10:07Z
Wukong,Pantheon,70.43,20.51,15.49,49.92,115,16.20,EMERALD+,jungle,2026-10-09T10:07Z
Xin Zhao,Nidalee,45.27,-2.94,-5.63,48.21,148,16.20,EMERALD+,jungle,2026-10-09T10:07Z
Xin Zhao,Wukong,45.33,-1.11,-3.8,46.44,364,16.20,EMERALD+,jungle,2026-10-09T10:07Z
Xin Zhao,Naafiri,46.53,-2.99,-5.68,49.52,101,16.20,EMERALD+,jungle,2026-10-09T10:07Z
Xin Zhao,Cho'Gath,47.4,0.67,-2.02,46.73,192,16.20,EMERALD+,jungle,2026-10-09T10:07Z
Xin Zhao,Evelynn,48.54,1.4,-1.29,47.14,103,16.20,EMERALD+,jungle,2026-10-09T10:07Z
Xin Zhao,Lillia,49.53,2.26,-0.43,47.27,212,16.20,EMERALD+,jungle,2026-10-09T10:07Z
Xin Zhao,Hecarim,50.25,1.02,-1.67,49.23,197,16.20,EMERALD+,jungle,2026-10-09T10:07Z
Xin Zhao,Graves,50.69,1.67,-1.02,49.02,290,16.20,EMERALD+,jungle,2026-10-09T10:07Z
Xin Zhao,Lee Sin,50.84,1.34,-1.35,49.5,714,16.20,EMERALD+,jungle,2026-10-09T10:07Z
Xin Zhao,Elise,51.26,3.58,0.89,47.68,119,16.20,EMERALD+,jungle,2026-10-09T10:07Z
Xin Zhao,Kindred,51.28,1.72,-0.97,49.56,117,16.20,EMERALD+,jungle,2026-10-09T10:07Z
Xin Zhao,Shaco,51.33,4.14,1.45,47.19,150,16.20,EMERALD+,jungle,2026-10-09T10:07Z
Xin Zhao,Ekko,51.33,3.12,0.43,48.21,150,16.20,EMERALD+,jungle,2026-10-09T10:07Z
Xin Zhao,Viego,51.38,1.95,-0.74,49.43,325,16.20,EMERALD+,jungle,2026-10-09T10:07Z
Xin Zhao,Kayn,51.6,3.08,0.39,48.52,250,16.20,EMERALD+,jungle,2026-10-09T10:07Z
Xin Zhao,Sylas,51.64,2.64,-0.05,49.0,275,16.20,EMERALD+,jungle,2026-10-09T10:07Z
Xin Zhao,Jarvan IV,51.64,2.76,0.07,48.88,275,16.20,EMERALD+,jungle,2026-10-09T10:07Z
Xin Zhao,Zac,51.75,4.64,1.95,47.11,114,16.20,EMERALD+,jungle,2026-10-09T10:07Z
Xin Zhao,Rengar,51.94,1.11,-1.58,50.83,129,16.20,EMERALD+,jungle,2026-10-09T10:07Z
Xin Zhao,Kha'Zix,52.17,3.05,0.36,49.12,276,16.20,EMERALD+,jungle,2026-10-09T10:07Z
Xin Zhao,Shyvana,52.48,5.4,2.71,47.08,141,16.20,EMERALD+,jungle,2026-10-09T10:07Z
Xin Zhao,Nocturne,53.06,3.94,1.25,49.12,147,16.20,EMERALD+,jungle,2026-10-09T10:07Z
Xin Zhao,Warwick,53.21,6.72,4.03,46.49,109,16.20,EMERALD+,jungle,2026-10-09T10:07Z
Xin Zhao,Talon,53.57,5.19,2.5,48.38,224,16.20,EMERALD+,jungle,2026-10-09T10:07Z
Xin Zhao,Vi,54.63,4.56,1.87,50.07,205,16.20,EMERALD+,jungle,2026-10-09T10:07Z
Xin Zhao,Zed,55.36,4.61,1.92,50.75,112,16.20,EMERALD+,jungle,2026-10-09T10:07Z
Xin Zhao,Master Yi,56.49,8.96,6.27,47.53,239,16.20,EMERALD+,jungle,2026-10-09T10:07Z
Xin Zhao,Qiyana,57.05,7.0,4.31,50.05,298,16.20,EMERALD+,jungle,2026-10-09T10:07Z
Xin Zhao,Diana,57.65,9.37,6.68,48.28,170,16.20,EMERALD+,jungle,2026-10-09T10:07Z
Xin Zhao,Briar,61.04,13.12,10.43,47.92,154,16.20,EMERALD+,jungle,2026-10-09T10:07Z
Zac,Lillia,42.13,-5.14,-9.49,47.27,356,16.20,EMERALD+,jungle,2026-10-09T10:07Z
Zac,Bel'Veth,47.52,0.02,-4.33,47.5,141,16.20,EMERALD+,jungle,2026-10-09T10:07Z
Zac,Shyvana,49.04,1.96,-2.39,47.08,261,16.20,EMERALD+,jungle,2026-10-09T10:07Z
Zac,Vi,49.05,-1.02,-5.37,50.07,210,16.20,EMERALD+,jungle,2026-10-09T10:07Z
Zac,Hecarim,49.83,0.6,-3.75,49.23,303,16.20,EMERALD+,jungle,2026-10-09T10:07Z
Zac,Xin Zhao,50.0,1.23,-3.12,48.77,108,16.20,EMERALD+,jungle,2026-10-09T10:07Z
Zac,Graves,50.0,0.98,-3.37,49.02,384,16.20,EMERALD+,jungle,2026-10-09T10:07Z
Zac,Kayn,50.71,2.19,-2.16,48.52,420,16.20,EMERALD+,jungle,2026-10-09T10:07Z
Zac,Wukong,51.2,4.76,0.41,46.44,457,16.20,EMERALD+,jungle,2026-10-09T10:07Z
Zac,Fiddlesticks,51.24,3.48,-0.87,47.76,121,16.20,EMERALD+,jungle,2026-10-09T10:07Z
Zac,Udyr,51.24,3.03,-1.32,48.21,121,16.20,EMERALD+,jungle,2026-10-09T10:07Z
Zac,Jarvan IV,51.27,2.39,-1.96,48.88,275,16.20,EMERALD+,jungle,2026-10-09T10:07Z
Zac,Master Yi,51.49,3.96,-0.39,47.53,303,16.20,EMERALD+,jungle,2026-10-09T10:07Z
Zac,Elise,52.2,4.52,0.17,47.68,182,16.20,EMERALD+,jungle,2026-10-09T10:07Z
Zac,Warwick,52.29,5.8,1.45,46.49,153,16.20,EMERALD+,jungle,2026-10-09T10:07Z
Zac,Kha'Zix,52.4,3.28,-1.07,49.12,313,16.20,EMERALD+,jungle,2026-10-09T10:07Z
Zac,Sejuani,52.71,5.97,1.62,46.74,129,16.20,EMERALD+,jungle,2026-10-09T10:07Z
Zac,Briar,52.88,4.96,0.61,47.92,208,16.20,EMERALD+,jungle,2026-10-09T10:07Z
Zac,Diana,53.2,4.92,0.57,48.28,203,16.20,EMERALD+,jungle,2026-10-09T10:07Z
Zac,Ekko,53.25,5.04,0.69,48.21,231,16.20,EMERALD+,jungle,2026-10-09T10:07Z
Zac,Qiyana,53.89,3.84,-0.51,50.05,373,16.20,EMERALD+,jungle,2026-10-09T10:07Z
Zac,Lee Sin,54.22,4.72,0.37,49.5,723,16.20,EMERALD+,jungle,2026-10-09T10:07Z
Zac,Viego,54.29,4.86,0.51,49.43,420,16.20,EMERALD+,jungle,2026-10-09T10:07Z
Zac,Zed,54.31,3.56,-0.79,50.75,116,16.20,EMERALD+,jungle,2026-10-09T10:07Z
Zac,Shaco,54.62,7.43,3.08,47.19,238,16.20,EMERALD+,jungle,2026-10-09T10:07Z
Zac,Cho'Gath,54.87,8.14,3.79,46.73,359,16.20,EMERALD+,jungle,2026-10-09T10:07Z
Zac,Talon,55.16,6.78,2.43,48.38,281,16.20,EMERALD+,jungle,2026-10-09T10:07Z
Zac,Kindred,55.17,5.61,1.26,49.56,174,16.20,EMERALD+,jungle,2026-10-09T10:07Z
Zac,Evelynn,57.35,10.21,5.86,47.14,136,16.20,EMERALD+,jungle,2026-10-09T10:07Z
Zac,Nocturne,57.65,8.53,4.18,49.12,170,16.20,EMERALD+,jungle,2026-10-09T10:07Z
Zac,Sylas,57.8,8.8,4.45,49.0,372,16.20,EMERALD+,jungle,2026-10-09T10:07Z
Zac,Naafiri,58.33,8.81,4.46,49.52,120,16.20,EMERALD+,jungle,2026-10-09T10:07Z
Zac,Nunu & Willump,58.65,9.26,4.91,49.39,104,16.20,EMERALD+,jungle,2026-10-09T10:07Z
Zac,Nidalee,59.87,11.66,7.31,48.21,152,16.20,EMERALD+,jungle,2026-10-09T10:07Z
Zac,Rengar,61.83,11.0,6.65,50.83,186,16.20,EMERALD+,jungle,2026-10-09T10:07Z
Zed,Master Yi,40.95,-6.58,-7.29,47.53,359,16.20,EMERALD+,jungle,2026-10-09T10:07Z
Zed,Evelynn,45.19,-1.95,-2.66,47.14,135,16.20,EMERALD+,jungle,2026-10-09T10:07Z
Zed,Naafiri,45.45,-4.07,-4.78,49.52,176,16.20,EMERALD+,jungle,2026-10-09T10:07Z
Zed,Kindred,45.52,-4.04,-4.75,49.56,145,16.20,EMERALD+,jungle,2026-10-09T10:07Z
Zed,Warwick,45.52,-0.97,-1.68,46.49,134,16.20,EMERALD+,jungle,2026-10-09T10:07Z
Zed,Rengar,45.95,-4.88,-5.59,50.83,185,16.20,EMERALD+,jungle,2026-10-09T10:07Z
Zed,Sejuani,46.55,-0.19,-0.9,46.74,116,16.20,EMERALD+,jungle,2026-10-09T10:07Z
Zed,Graves,46.89,-2.13,-2.84,49.02,499,16.20,EMERALD+,jungle,2026-10-09T10:07Z
Zed,Jarvan IV,47.21,-1.67,-2.38,48.88,305,16.20,EMERALD+,jungle,2026-10-09T10:07Z
Zed,Bel'Veth,47.22,-0.28,-0.99,47.5,108,16.20,EMERALD+,jungle,2026-10-09T10:07Z
Zed,Shyvana,47.22,0.14,-0.57,47.08,144,16.20,EMERALD+,jungle,2026-10-09T10:07Z
Zed,Talon,47.68,-0.7,-1.41,48.38,367,16.20,EMERALD+,jungle,2026-10-09T10:07Z
Zed,Nidalee,47.83,-0.38,-1.09,48.21,184,16.20,EMERALD+,jungle,2026-10-09T10:07Z
Zed,Wukong,47.91,1.47,0.76,46.44,359,16.20,EMERALD+,jungle,2026-10-09T10:07Z
Zed,Qiyana,48.02,-2.03,-2.74,50.05,454,16.20,EMERALD+,jungle,2026-10-09T10:07Z
Zed,Sylas,48.63,-0.37,-1.08,49.0,364,16.20,EMERALD+,jungle,2026-10-09T10:07Z
Zed,Kha'Zix,48.76,-0.36,-1.07,49.12,402,16.20,EMERALD+,jungle,2026-10-09T10:07Z
Zed,Rammus,49.0,3.8,3.08,45.2,100,16.20,EMERALD+,jungle,2026-10-09T10:07Z
Zed,Kayn,49.22,0.7,-0.01,48.52,384,16.20,EMERALD+,jungle,2026-10-09T10:07Z
Zed,Diana,49.3,1.02,0.31,48.28,215,16.20,EMERALD+,jungle,2026-10-09T10:07Z
Zed,Zac,50.0,2.89,2.18,47.11,122,16.20,EMERALD+,jungle,2026-10-09T10:07Z
Zed,Shaco,50.0,2.81,2.1,47.19,210,16.20,EMERALD+,jungle,2026-10-09T10:07Z
Zed,Viego,50.12,0.69,-0.02,49.43,427,16.20,EMERALD+,jungle,2026-10-09T10:07Z
Zed,Cho'Gath,50.35,3.62,2.91,46.73,288,16.20,EMERALD+,jungle,2026-10-09T10:07Z
Zed,Lee Sin,50.48,0.98,0.27,49.5,836,16.20,EMERALD+,jungle,2026-10-09T10:07Z
Zed,Hecarim,51.17,1.94,1.23,49.23,256,16.20,EMERALD+,jungle,2026-10-09T10:07Z
Zed,Briar,52.08,4.16,3.45,47.92,192,16.20,EMERALD+,jungle,2026-10-09T10:07Z
Zed,Nocturne,52.21,3.09,2.38,49.12,226,16.20,EMERALD+,jungle,2026-10-09T10:07Z
Zed,Elise,53.14,5.46,4.75,47.68,175,16.20,EMERALD+,jungle,2026-10-09T10:07Z
Zed,Xin Zhao,53.92,5.15,4.44,48.77,102,16.20,EMERALD+,jungle,2026-10-09T10:07Z
Zed,Vi,54.17,4.1,3.39,50.07,192,16.20,EMERALD+,jungle,2026-10-09T10:07Z
Zed,Lillia,54.43,7.16,6.45,47.27,237,16.20,EMERALD+,jungle,2026-10-09T10:07Z
Zed,Ekko,56.68,8.47,7.76,48.21,217,16.20,EMERALD+,jungle,2026-10-09T10:07Z
Zed,Jayce,60.55,9.62,8.91,50.93,109,16.20,EMERALD+,jungle,2026-10-09T10:07Z
Zyra,Talon,47.41,-0.97,-5.74,48.38,135,16.20,EMERALD+,jungle,2026-10-09T10:07Z
Zyra,Lillia,47.66,0.39,-4.38,47.27,128,16.20,EMERALD+,jungle,2026-10-09T10:07Z
Zyra,Hecarim,49.18,-0.05,-4.82,49.23,122,16.20,EMERALD+,jungle,2026-10-09T10:07Z
Zyra,Cho'Gath,49.62,2.89,-1.88,46.73,133,16.20,EMERALD+,jungle,2026-10-09T10:07Z
Zyra,Viego,51.76,2.33,-2.44,49.43,170,16.20,EMERALD+,jungle,2026-10-09T10:07Z
Zyra,Jarvan IV,51.83,2.95,-1.82,48.88,164,16.20,EMERALD+,jungle,2026-10-09T10:07Z
Zyra,Kayn,52.63,4.11,-0.66,48.52,152,16.20,EMERALD+,jungle,2026-10-09T10:07Z
Zyra,Nidalee,53.27,5.06,0.29,48.21,107,16.20,EMERALD+,jungle,2026-10-09T10:07Z
Zyra,Sylas,53.42,4.42,-0.35,49.0,146,16.20,EMERALD+,jungle,2026-10-09T10:07Z
Zyra,Wukong,55.84,9.4,4.63,46.44,154,16.20,EMERALD+,jungle,2026-10-09T10:07Z
Zyra,Lee Sin,56.54,7.04,2.27,49.5,306,16.20,EMERALD+,jungle,2026-10-09T10:07Z
Zyra,Graves,57.08,8.06,3.29,49.02,212,16.20,EMERALD+,jungle,2026-10-09T10:07Z
Zyra,Master Yi,57.43,9.9,5.13,47.53,101,16.20,EMERALD+,jungle,2026-10-09T10:07Z
Zyra,Qiyana,58.86,8.81,4.04,50.05,175,16.20,EMERALD+,jungle,2026-10-09T10:07Z
Zyra,Kha'Zix,63.58,14.46,9.69,49.12,173,16.20,EMERALD+,jungle,2026-10-09T10:07Z
